"OPSID","CRUISE_ID","EST_YEAR","ID","OPERATION_STATUS","SITE_ID","PURPOSE","SVY_BEGLAT","SVY_BEGLON","SETDEPTH","ENDDEPTH","AVGDEPTH","SVY_START_DATE","SVY_START_TIME","CTD_LAT","CTD_LON","CTD_STADEPTH","CTD_GMT_DATE","CTD_GMT_TIME","CTD_CAST","CTD_GEAR_TYPE","CAST_TYPE","SFC_TEMP","SFC_SALT","BTM_TEMP","BTM_SALT","DEPTH_DIFF","DIST_DIFF","TIME_DIFF_HRS","OCEMATCH_FLAG","O2","MAXSPRES"
"2012006HB","HB1206","2012","201204017500030005","Representative",1410,"10",38.562705,-73.271158,138,,138,07-SEP-12,"06:02:57",38.5467,73.2817,133,07-SEP-12,"05:14","0001","SBE-19+","B",25.22,31.731,12.89,35.612,5,1.08,".82",1,4.7,128
"2012006HB","HB1206","2012","201204017600010006","Representative",1415,"10",38.482323,-73.312673,303,,305,07-SEP-12,"08:34:35",38.465,73.3317,290,07-SEP-12,"07:39","0002","SBE-19+","W",25.17,31.874,9.21,35.202,13,1.37,".93",1,4.4,286
"2012006HB","HB1206","2012","201204017100010007","Representative",1406,"10",38.396472,-73.458615,120,,121,07-SEP-12,"11:02:38",38.4217,73.4217,117,07-SEP-12,"10:12","0003","SBE-19+","V",25.26,32.136,14.2,35.749,3,2.3,".84",1,5.5,111
"2012006HB","HB1206","2012","201204017200010008","Representative",1409,"10",38.387878,-73.435972,232,,233,07-SEP-12,"13:18:14",38.4117,73.4083,221,07-SEP-12,"14:00","0004","SBE-19+","V",25.26,32.153,10.81,35.37,11,1.93,".7",1,4.2,215
"2012006HB","HB1206","2012","201204017000030009","Representative",1401,"10",38.516398,-73.870207,57,,58,07-SEP-12,"16:40:26",38.5367,73.8567,57,07-SEP-12,"16:08","0005","SBE-19+","W",25.73,31.573,8.81,32.896,0,1.37,".54",1,6.2,53
"2012006HB","HB1206","2012","201204017100020010","Representative",1405,"10",38.285722,-73.723058,120,,119,07-SEP-12,"19:11:45",38.3133,73.7283,116,07-SEP-12,"18:31","0006","SBE-19+","B",26.37,32.606,13.64,35.699,4,1.67,".68",1,5,111
"2012006HB","HB1206","2012","201204017100030011","Representative",1404,"10",38.260805,-73.708377,124,,125,07-SEP-12,"20:37:59",38.2783,73.7167,121,07-SEP-12,"20:08","0007","SBE-19+","V",27.02,32.524,13.64,35.709,3,1.12,".5",1,5,116
"2012006HB","HB1206","2012","201204017200040013","Representative",1408,"10",37.993762,-73.915795,221,,220,08-SEP-12,"00:37:27",38.0033,73.9033,241,07-SEP-12,"23:20","0008","SBE-19+","V",26.2,32.58,10.16,35.288,20,0.82,"1.29",1,4.3,240
"2012006HB","HB1206","2012","201204016900020014","Representative",1330,"10",38.133537,-74.227283,48,,49,08-SEP-12,"03:15:08",38.1483,74.2133,50,08-SEP-12,"02:47","0009","SBE-19+","V",26.11,32.332,10.18,33.398,2,1.11,".47",1,6.6,46
"2012006HB","HB1206","2012","201204016900030015","Representative",1329,"10",38.053992,-74.319063,56,,56,08-SEP-12,"04:41:01",38.0717,74.3,54,08-SEP-12,"04:14","0010","SBE-19+","W",26.14,32.634,10.65,33.672,2,1.39,".45",1,6.2,49
"2012006HB","HB1206","2012","201204017000040016","Representative",1400,"10",38.008275,-74.327747,58,,58,08-SEP-12,"05:55:17",38,74.3433,58,08-SEP-12,"05:33","0011","SBE-19+","V",26.09,32.762,10.93,33.852,0,0.89,".37",1,6,53
"2012006HB","HB1206","2012","201204017000050017","Representative",1399,"10",38.003848,-74.232908,71,,70,08-SEP-12,"07:18:17",38.015,74.22,68,08-SEP-12,"06:56","0012","SBE-19+","V",26.02,32.6,13.31,35.18,3,0.91,".37",1,5.3,65
"2012006HB","HB1206","2012","201204017200030018","Representative",1407,"10",37.87563,-74.061698,242,,242,08-SEP-12,"11:42:14",37.8817,74.1033,171,08-SEP-12,"10:16","0013","SBE-19+","B",26.21,33.271,,,71,2.01,"1.44",0,4.4,159
"2012006HB","HB1206","2012","201204017000020019","Representative",1402,"10",37.812638,-74.216583,107,,109,08-SEP-12,"13:50:45",37.8333,74.205,109,08-SEP-12,"13:16","0014","SBE-19+","V",26.12,33.024,13.77,35.704,2,1.36,".58",1,5,105
"2012006HB","HB1206","2012","201204017000010020","Representative",1403,"10",37.817963,-74.341088,70,,70,08-SEP-12,"15:23:20",37.8317,74.335,66,08-SEP-12,"14:59","0015","SBE-19+","V",26.09,32.774,11.69,34.1,4,0.87,".41",1,6,61
"2012006HB","HB1206","2012","201204016600010021","Representative",1395,"10",37.41897,-74.56755,87,,87,08-SEP-12,"18:52:28",37.4383,74.55,89,08-SEP-12,"18:16","0016","SBE-19+","W",26.52,32.757,14.37,35.703,2,1.43,".61",1,5.2,85
"2012006HB","HB1206","2012","201204016700020022","Representative",1397,"10",37.368525,-74.504917,119,,120,08-SEP-12,"20:16:41",37.385,74.5067,119,08-SEP-12,"19:50","0017","SBE-19+","V",26.65,32.812,13.92,35.734,0,0.99,".44",1,5.3,113
"2012006HB","HB1206","2012","201204016800010023","Representative",1324,"10",37.313625,-74.484763,275,,274,08-SEP-12,"22:36:09",37.3417,74.495,151,08-SEP-12,"21:58","0018","SBE-19+","V",26.67,32.799,12.87,35.561,124,1.76,".64",0,4.9,146
"2012006HB","HB1206","2012","201204016600030024","Representative",1393,"10",37.337312,-74.657518,75,,75,09-SEP-12,"00:59:54",37.3533,74.6517,72,09-SEP-12,"00:32","0019","SBE-19+","V",26.77,33.203,13.96,35.509,3,1,".47",1,5.1,68
"2012006HB","HB1206","2012","201204016600020025","Representative",1394,"10",37.132655,-74.604645,101,,102,09-SEP-12,"03:47:52",37.15,74.595,103,09-SEP-12,"03:17","0020","SBE-19+","V",26.41,33.627,14.45,35.749,2,1.14,".51",1,5.6,98
"2012006HB","HB1206","2012","201204016800020026","Representative",1323,"10",37.083727,-74.686823,299,,296,09-SEP-12,"07:57:04",37.05,74.6467,319,09-SEP-12,"05:39","0021","SBE-19+","W",26.32,33.661,,,20,2.79,"2.3",0,4.6,306
"2012006HB","HB1206","2012","201204016800020026","Representative",1323,"10",37.083727,-74.686823,299,,296,09-SEP-12,"07:57:04",37.105,74.7267,160,09-SEP-12,"06:46","0022","SBE-19+","B",26.59,33.581,12.99,35.643,139,2.3,"1.18",0,4.7,153
"2012006HB","HB1206","2012","201204016700010027","Representative",1398,"10",37.011418,-74.63645,133,,132,09-SEP-12,"09:47:50",37.0233,74.6683,92,09-SEP-12,"09:10","0023","SBE-19+","V",26.14,33.228,14.76,35.857,41,1.69,".63",0,5.8,87
"2012006HB","HB1206","2012","201204016700030028","Representative",1396,"10",36.99304,-74.626377,146,,150,09-SEP-12,"11:04:34",37.0083,74.6217,182,09-SEP-12,"10:35","0024","SBE-19+","V",26.09,33.123,14.8,35.928,36,0.94,".49",0,6.1,178
"2012006HB","HB1206","2012","201204016800030029","Representative",1322,"10",36.764373,-74.651458,316,,325,09-SEP-12,"14:10:39",36.7433,74.66,193,09-SEP-12,"15:04","0025","SBE-19+","V",26.14,33.315,12.51,35.586,123,1.33,".89",0,4.6,190
"2012006HB","HB1206","2012","201204016100010030","Representative",1382,"10",36.41731,-74.962642,48,,48,09-SEP-12,"17:47:04",36.4433,74.93,36,09-SEP-12,"17:09","0026","SBE-19+","B",26.61,33.779,12.73,34.005,12,2.22,".63",0,6.5,32
"2012006HB","HB1206","2012","201204016100020031","Representative",1381,"10",36.41528,-75.441458,24,,25,09-SEP-12,"20:48:10",36.3983,75.4367,25,09-SEP-12,"20:24","0027","SBE-19+","B",26.13,32.943,18.1,34.218,1,1.05,".4",1,7.1,17
"2012006HB","HB1206","2012","201204016100040032","Representative",1379,"10",36.411807,-75.488138,31,,31,09-SEP-12,"22:18:58",36.3967,75.4917,31,09-SEP-12,"21:56","0028","SBE-19+","W",25.94,32.888,17.77,34.224,0,0.92,".38",1,6.8,27
"2012006HB","HB1206","2012","201204033800030033","Representative",1163,"10",36.619205,-75.679467,17,,18,10-SEP-12,"00:47:41",36.61,75.6917,17,10-SEP-12,"00:23","0029","SBE-19+","B",24.86,31.584,19.9,33.221,0,0.81,".41",1,6.6,11
"2012006HB","HB1206","2012","201204016500040034","Representative",1389,"10",36.707415,-75.483457,28,,29,10-SEP-12,"02:45:02",36.6933,75.4817,27,10-SEP-12,"02:15","0030","SBE-19+","B",25.16,31.519,18.07,33.413,1,0.85,".5",1,6.7,20
"2012006HB","HB1206","2012","201204016500030035","Representative",1390,"10",36.992352,-75.229528,38,,40,10-SEP-12,"05:34:38",36.985,75.24,36,10-SEP-12,"05:04","0031","SBE-19+","B",24.84,32.62,13.41,33.368,2,0.67,".51",1,7.2,32
"2012006HB","HB1206","2012","201204016500050036","Representative",1388,"10",36.971572,-75.453253,27,,26,10-SEP-12,"07:36:40",36.9783,75.42,33,10-SEP-12,"07:01","0032","SBE-19+","B",24.32,32.334,14.99,33.403,6,1.65,".59",1,7.2,27
"2012006HB","HB1206","2012","201204016500070037","Representative",1386,"10",36.929615,-75.494522,25,,25,10-SEP-12,"09:01:54",36.9167,75.49,27,10-SEP-12,"08:33","0033","SBE-19+","B",24.42,32.192,16.16,33.446,2,0.81,".48",1,6.9,21
"2012006HB","HB1206","2012","201204033800010038","Representative",1165,"10",36.867963,-75.640443,20,,21,10-SEP-12,"10:54:34",36.85,75.6367,20,10-SEP-12,"10:30","0034","SBE-19+","W",24.68,31.272,18.99,33.135,0,1.09,".41",1,5.4,16
"2012006HB","HB1206","2012","201204033800020039","Representative",1164,"10",37.003445,-75.66367,22,,22,10-SEP-12,"12:56:12",36.9867,75.66,21,10-SEP-12,"12:22","0035","SBE-19+","B",24.64,31.606,18.41,33.154,1,1.02,".57",1,5.7,16
"2012006HB","HB1206","2012","201204034100040042","Representative",1429,"10",36.318242,-75.666172,23,,23,13-SEP-12,"00:39:00",36.3367,75.6667,22,13-SEP-12,"00:11","0036","SBE-19+","W",24,31.236,22,32.454,1,1.11,".47",1,6.1,17
"2012006HB","HB1206","2012","201204034100020043","Representative",1431,"10",36.240812,-75.65994,24,,23,13-SEP-12,"02:03:34",36.2567,75.6517,24,13-SEP-12,"01:28","0037","SBE-19+","B",24.07,31.37,20.77,33.004,0,1.03,".59",1,6.2,21
"2012006HB","HB1206","2012","201204034100010044","Representative",1432,"10",36.008918,-75.592453,23,,23,13-SEP-12,"04:07:25",36.03,75.6,24,13-SEP-12,"03:42","0038","SBE-19+","V",24.08,29.313,24.03,31.727,1,1.32,".42",1,6.5,22
"2012006HB","HB1206","2012","201204034100030045","Representative",1430,"10",36.060445,-75.452827,25,,25,13-SEP-12,"05:51:08",36.075,75.4467,25,13-SEP-12,"05:26","0039","SBE-19+","V",23.95,32.523,18.84,33.641,0,0.92,".42",1,6.5,23
"2012006HB","HB1206","2012","201204034100050046","Representative",1428,"10",35.850073,-75.329602,31,,31,13-SEP-12,"07:52:28",35.85,75.345,31,13-SEP-12,"07:32","0040","SBE-19+","V",23.73,32.768,22.1,33.476,0,0.75,".34",1,6,26
"2012006HB","HB1206","2012","201204016100030047","Representative",1380,"10",35.842303,-75.24098,35,,35,13-SEP-12,"09:03:12",35.8267,75.2417,35,13-SEP-12,"08:43","0041","SBE-19+","V",24.19,33.749,18.94,33.914,0,0.94,".34",1,6.4,31
"2012006HB","HB1206","2012","201204034400010048","Representative",1436,"10",35.724723,-75.290332,34,,33,13-SEP-12,"10:38:15",35.7417,75.29,34,13-SEP-12,"10:18","0042","SBE-19+","V",23.95,33.143,21.52,33.884,0,1.02,".34",1,5.6,31
"2012006HB","HB1206","2012","201204034400030049","Representative",1434,"10",35.72411,-75.396147,28,,28,13-SEP-12,"12:16:57",35.7067,75.3883,25,13-SEP-12,"11:49","0043","SBE-19+","B",23.66,32.582,23.72,32.81,3,1.11,".47",1,6.7,21
"2012006HB","HB1206","2012","201204034400040050","Representative",1433,"10",35.467415,-75.30342,26,,26,13-SEP-12,"14:51:08",35.485,75.3,26,13-SEP-12,"14:27","0044","SBE-19+","V",24.07,32.804,24.02,32.896,0,1.07,".4",1,6.5,23
"2012006HB","HB1206","2012","201204034400020051","Representative",1435,"10",35.402347,-75.373327,23,,24,13-SEP-12,"16:18:21",35.4217,75.37,23,13-SEP-12,"15:47","0045","SBE-19+","W",24.07,32.898,24.43,33.372,0,1.17,".52",1,6.3,19
"2012006HB","HB1206","2012","201204085000030053","Representative",1503,"10",35.183027,-75.231762,25,,26,13-SEP-12,"18:27:08",35.1933,75.2217,24,13-SEP-12,"18:01","0046","SBE-19+","V",27.21,36.01,27.13,36.012,1,0.79,".44",1,6.4,20
"2012006HB","HB1206","2012","201204075200030054","Representative",1500,"10",35.127033,-75.308737,30,,31,13-SEP-12,"19:51:47",35.1367,75.2933,33,13-SEP-12,"19:24","0047","SBE-19+","V",27.34,36.004,26.82,36.023,3,0.96,".46",1,6.4,30
"2012006HB","HB1206","2012","201204085100010055","Representative",1508,"10",35.083103,-75.282023,69,,68,13-SEP-12,"22:07:38",35.0917,75.2683,68,13-SEP-12,"21:40","0048","SBE-19+","V",28.22,36.14,26.43,36.095,1,0.85,".46",1,6.4,65
"2012006HB","HB1206","2012","201204075200040056","Representative",2272,"10",34.944898,-75.764943,28,,28,14-SEP-12,"01:53:53",34.945,75.745,30,14-SEP-12,"01:34","0049","SBE-19+","V",27.32,35.994,25.36,36.114,2,0.98,".33",1,6.4,26
"2012006HB","HB1206","2012","201204075200020057","Representative",1501,"10",34.940025,-75.795182,27,,27,14-SEP-12,"03:00:27",34.95,75.7817,28,14-SEP-12,"02:39","0050","SBE-19+","V",27.29,35.984,25.92,36.113,1,0.89,".36",1,6.5,25
"2012006HB","HB1206","2012","201204085000040059","Representative",1505,"10",34.69148,-76.101218,35,,35,14-SEP-12,"06:19:03",34.7183,76.0883,34,14-SEP-12,"05:00","0051","SBE-19+","W",26.92,35.961,26.59,36.061,1,1.73,"1.32",1,6.5,28
"2012006HB","HB1206","2012","201204085000010058","Non-Representative",1505,"10",34.70045,-76.099315,35,,35,14-SEP-12,"05:24:02",34.7183,76.0883,34,14-SEP-12,"05:00","0051","SBE-19+","W",26.92,35.961,26.59,36.061,1,1.2,".4",1,6.5,28
"2012006HB","HB1206","2012","201204085300030060","Representative",1447,"10",34.405917,-75.822382,227,,228,14-SEP-12,"09:50:41",34.3833,75.8367,242,14-SEP-12,"09:00","0052","SBE-19+","V",26.55,35.98,12.41,35.563,15,1.53,".84",1,4.3,235
"2012006HB","HB1206","2012","201204085200010061","Representative",1446,"10",34.45495,-75.804978,178,,178,14-SEP-12,"11:59:35",34.4433,75.8183,175,14-SEP-12,"10:40","0053","SBE-19+","V",26.46,35.839,14.39,35.851,3,0.96,"1.33",1,4.4,171
"2012006HB","HB1206","2012","201204085200030062","Representative",1444,"10",34.520027,-75.774375,139,,139,14-SEP-12,"13:28:37",34.5017,75.785,146,14-SEP-12,"12:49","0054","SBE-19+","V",26.73,35.983,15.97,36.081,7,1.22,".66",1,4.4,142
"2012006HB","HB1206","2012","201204085300020063","Representative",1448,"10",34.719048,-75.531882,290,,289,14-SEP-12,"17:26:38",34.6733,75.575,262,14-SEP-12,"16:16","0055","SBE-19+","W",26.83,35.904,11.35,35.405,28,3.48,"1.18",0,4.2,257
"2012006HB","HB1206","2012","201204085100020064","Representative",1507,"10",34.760818,-75.552173,132,,131,14-SEP-12,"19:05:28",34.7433,75.5667,135,14-SEP-12,"18:26","0056","SBE-19+","V",26.96,35.973,15.36,36,3,1.27,".66",1,4.4,132
"2012006HB","HB1206","2012","201204085000020065","Representative",1504,"10",34.893405,-75.526162,59,,60,14-SEP-12,"20:38:29",34.88,75.54,61,14-SEP-12,"20:14","0057","SBE-19+","V",26.88,35.639,21.11,36.221,2,1.06,".41",1,5.4,57
"2012006HB","HB1206","2012","201204085100030066","Representative",1506,"10",34.91485,-75.441197,91,,92,14-SEP-12,"22:16:18",34.9033,75.4533,93,14-SEP-12,"21:48","0058","SBE-19+","V",27.17,36.017,18.63,36.162,2,0.91,".47",1,4.7,90
"2012006HB","HB1206","2012","201204085200020067","Representative",1445,"10",34.913795,-75.397043,133,,131,14-SEP-12,"23:51:11",34.9,75.415,130,14-SEP-12,"23:05","0059","SBE-19+","V",26.88,35.991,17.24,36.124,3,1.21,".77",1,4.5,128
"2012006HB","HB1206","2012","201204085300010068","Representative",1449,"10",34.887547,-75.362,259,,257,15-SEP-12,"01:58:25",34.86,75.3883,258,15-SEP-12,"01:00","0060","SBE-19+","V",26.7,35.963,12.32,35.541,1,2.1,".97",1,4.2,256
"2012006HB","HB1206","2012","201204016200020069","Representative",1384,"10",35.642333,-74.92708,55,,54,15-SEP-12,"06:45:44",35.62,74.9083,54,15-SEP-12,"06:17","0061","SBE-19+","W",24.64,33.837,26.7,35.98,1,1.62,".48",1,6.3,51
"2012006HB","HB1206","2012","201204016400020070","Representative",1320,"10",35.691578,-74.81397,199,,201,15-SEP-12,"09:29:03",35.7167,74.83,325,15-SEP-12,"08:38","0062","SBE-19+","V",23.93,32.915,8.64,35.162,126,1.7,".85",0,4.6,320
"2012006HB","HB1206","2012","201204016100050071","Representative",1378,"10",35.83886,-75.041772,44,,43,15-SEP-12,"11:59:00",35.8183,75.0483,43,15-SEP-12,"11:33","0063","SBE-19+","V",23.7,32.423,19.07,34.831,1,1.28,".43",1,5.7,38
"2012006HB","HB1206","2012","201204016400010072","Representative",1321,"10",35.962847,-74.795107,306,,307,15-SEP-12,"14:52:35",35.9317,74.8083,343,15-SEP-12,"15:40","0064","SBE-19+","W",26.22,35.718,,,37,1.98,".79",0,4.5,330
"2012006HB","HB1206","2012","201204016300010073","Representative",1318,"10",36.055925,-74.808405,132,,132,15-SEP-12,"17:35:57",36.0833,74.81,125,15-SEP-12,"17:02","0065","SBE-19+","V",26.67,36.129,14.33,35.726,7,1.65,".57",1,5.4,121
"2012006HB","HB1206","2012","201204016200010074","Representative",1385,"10",36.148712,-74.854153,91,,90,15-SEP-12,"19:23:27",36.1317,74.855,92,15-SEP-12,"18:52","0066","SBE-19+","V",25.92,35.246,14.23,35.612,1,1.02,".52",1,5.4,89
"2012006HB","HB1206","2012","201204016300030075","Representative",1316,"10",36.180347,-74.794388,138,,135,15-SEP-12,"20:43:53",36.16,74.7983,129,15-SEP-12,"20:13","0067","SBE-19+","V",26.44,35.751,14.52,35.782,9,1.24,".51",1,5.7,126
"2012006HB","HB1206","2012","201204016400030076","Representative",1319,"10",36.213933,-74.771288,239,,240,15-SEP-12,"22:59:13",36.19,74.7767,248,15-SEP-12,"22:18","0068","SBE-19+","V",25.6,34.359,8.89,35.15,9,1.46,".69",1,4.5,247
"2012006HB","HB1206","2012","201204016300020077","Representative",1317,"10",36.271092,-74.792955,118,,119,16-SEP-12,"01:07:06",36.2483,74.7983,114,16-SEP-12,"00:27","0069","SBE-19+","V",25.27,33.862,14.58,35.709,4,1.39,".67",1,5.6,110
"2012006HB","HB1206","2012","201204016200030078","Representative",1383,"10",36.292962,-74.866055,79,,79,16-SEP-12,"02:45:42",36.2767,74.865,80,16-SEP-12,"02:05","0070","SBE-19+","B",25.11,33.847,11.53,33.92,1,0.98,".68",1,6.2,73
"2012006HB","HB1206","2012","201204033500010079","Representative",1427,"10",37.202978,-75.559425,21,,21,16-SEP-12,"08:47:04",37.1933,75.5683,20,16-SEP-12,"08:28","0071","SBE-19+","W",22.6,32.31,22.47,32.326,1,0.72,".32",1,6.4,18
"2012006HB","HB1206","2012","201204033500020080","Representative",1426,"10",37.277853,-75.562735,20,,20,16-SEP-12,"09:53:56",37.2633,75.565,22,16-SEP-12,"09:35","0072","SBE-19+","V",22.59,32.383,21.97,32.336,2,0.88,".32",1,6.1,18
"2012006HB","HB1206","2012","201204016500010081","Representative",1392,"10",37.464327,-75.198788,31,,31,16-SEP-12,"12:23:01",37.4517,75.215,31,16-SEP-12,"11:59","0073","SBE-19+","V",23.44,32.981,14.7,33.118,0,1.08,".4",1,6.5,29
"2012006HB","HB1206","2012","201204033500030082","Representative",1425,"10",37.516043,-75.409395,26,,25,16-SEP-12,"14:15:47",37.4983,75.415,27,16-SEP-12,"13:52","0074","SBE-19+","V",22.87,32.532,21.44,32.463,1,1.1,".4",1,5.6,23
"2012006HB","HB1206","2012","201204033200010083","Representative",1424,"10",37.543785,-75.399028,22,,23,16-SEP-12,"15:23:58",37.5417,75.4167,20,16-SEP-12,"15:03","0075","SBE-19+","V",22.39,32.294,22.15,32.278,2,0.85,".35",1,6.5,18
"2012006HB","HB1206","2012","201204016500020084","Representative",1391,"10",37.550007,-75.353378,24,,25,16-SEP-12,"17:27:33",37.5433,75.3667,25,16-SEP-12,"16:46","0076","SBE-19+","W",23.14,32.646,21.75,32.524,1,0.75,".69",1,5.8,20
"2012006HB","HB1206","2012","201204033200030085","Representative",1422,"10",37.654107,-75.344263,17,,17,16-SEP-12,"18:56:08",37.6417,75.355,16,16-SEP-12,"18:32","0077","SBE-19+","V",22.61,32.298,22.56,32.369,1,0.9,".4",1,6.9,12
"2012006HB","HB1206","2012","201204016500060086","Representative",1387,"10",37.763798,-75.062002,31,,31,16-SEP-12,"21:59:03",37.7517,75.0817,29,16-SEP-12,"21:33","0078","SBE-19+","B",23.64,32.478,16.63,32.836,2,1.18,".43",1,6.5,25
"2012006HB","HB1206","2012","201204033200020087","Representative",1423,"10",37.965938,-75.03541,22,,21,16-SEP-12,"23:57:14",37.9567,75.0517,22,16-SEP-12,"23:32","0079","SBE-19+","V",22.23,31.894,22.13,31.907,0,0.95,".42",1,6.8,18
"2012006HB","HB1206","2012","201204016900060088","Representative",1326,"10",38.133717,-74.652115,33,,34,17-SEP-12,"02:34:47",38.125,74.6583,32,17-SEP-12,"02:04","0080","SBE-19+","B",23.32,32.326,13.47,32.846,1,0.6,".51",1,6.2,27
"2012006HB","HB1206","2012","201204016900050089","Representative",1327,"10",38.129933,-74.597612,38,,38,17-SEP-12,"03:53:09",38.1233,74.6033,38,17-SEP-12,"03:22","0081","SBE-19+","B",23.88,32.348,13.06,32.835,0,0.48,".52",1,6.2,32
"2012006HB","HB1206","2012","201204016900010090","Representative",1331,"10",38.221053,-74.608535,41,,41,17-SEP-12,"05:14:45",38.22,74.5867,41,17-SEP-12,"04:50","0082","SBE-19+","B",23.87,32.22,12.25,32.81,0,1.03,".41",1,5.9,35
"2012006HB","HB1206","2012","201204032900030091","Representative",1419,"10",38.181978,-74.930255,22,,22,17-SEP-12,"07:21:26",38.1733,74.9183,24,17-SEP-12,"06:59","0083","SBE-19+","W",21.92,31.825,19.86,32.322,2,0.77,".37",1,4.9,20
"2012006HB","HB1206","2012","201204032900020092","Representative",1420,"10",38.25918,-74.948347,16,,16,17-SEP-12,"08:31:17",38.2483,74.955,15,17-SEP-12,"08:15","0084","SBE-19+","V",21.72,31.627,21.84,31.86,1,0.73,".27",1,6.4,12
"2012006HB","HB1206","2012","201204032900010094","Representative",1421,"10",38.481992,-74.885327,24,,23,17-SEP-12,"10:45:44",38.4633,74.9017,22,17-SEP-12,"10:16","0085","SBE-19+","B",22.5,32.292,22.51,32.28,2,1.36,".5",1,7,16
"2012006HB","HB1206","2012","201204032600030095","Representative",1416,"10",38.544413,-74.825843,28,,27,17-SEP-12,"12:33:50",38.525,74.8267,28,17-SEP-12,"11:59","0086","SBE-19+","V",23.54,32.293,16.03,32.641,0,1.17,".58",1,5.5,25
"2012006HB","HB1206","2012","201204032600020096","Representative",1417,"10",38.747518,-74.8255,19,,20,17-SEP-12,"14:16:39",38.7367,74.8383,19,17-SEP-12,"13:58","0087","SBE-19+","V",22.57,32.066,22.33,32.055,0,0.88,".31",1,6.8,16
"2012006HB","HB1206","2012","201204032600010097","Representative",1418,"10",38.84255,-74.765247,17,,17,17-SEP-12,"15:33:43",38.8333,74.7783,17,17-SEP-12,"15:14","0088","SBE-19+","V",23.67,32.172,21.19,32.372,0,0.83,".33",1,6.6,15
"2012006HB","HB1206","2012","201204016900070098","Representative",1325,"10",38.762418,-74.357237,43,,42,17-SEP-12,"18:08:13",38.7517,74.3767,39,17-SEP-12,"17:40","0089","SBE-19+","B",24.55,32.258,13.55,32.662,4,1.12,".47",1,5.5,33
"2012006HB","HB1206","2012","201204016900040099","Representative",1328,"10",38.68894,-74.187962,45,,45,17-SEP-12,"19:55:18",38.6817,74.2117,44,17-SEP-12,"19:27","0090","SBE-19+","W",24.47,32.131,11.27,32.689,1,1.19,".47",1,4.6,40
"2012006HB","HB1206","2012","201204017300050100","Representative",1333,"10",38.830025,-73.972263,46,,46,17-SEP-12,"22:01:12",38.8217,73.9983,47,17-SEP-12,"21:30","0091","SBE-19+","B",24.21,31.998,10.18,32.792,1,1.32,".52",1,5.2,42
"2012006HB","HB1206","2012","201204017300010101","Representative",1337,"10",39.02581,-74.012712,39,,39,18-SEP-12,"00:17:18",39.0267,74.05,41,17-SEP-12,"23:38","0092","SBE-19+","B",23.91,32.065,13.11,32.599,2,1.74,".66",1,5.1,34
"2012006HB","HB1206","2012","201204017300020102","Representative",1336,"10",39.081437,-74.050645,40,,40,18-SEP-12,"01:44:04",39.0717,74.0733,37,18-SEP-12,"01:20","0093","SBE-19+","V",23.96,32.29,14.03,32.543,3,1.21,".4",1,5,34
"2012006HB","HB1206","2012","201204032300010103","Representative",1162,"10",39.129468,-74.238078,24,,26,18-SEP-12,"03:51:05",39.135,74.2383,23,18-SEP-12,"03:20","0094","SBE-19+","B",23.61,32.296,19.11,32.351,1,0.33,".52",1,7.4,18
"2012006HB","HB1206","2012","201204032300020104","Representative",1161,"10",39.069315,-74.533683,17,,18,18-SEP-12,"05:58:45",39.055,74.5333,18,18-SEP-12,"05:32","0095","SBE-19+","W",21.75,32.156,21.52,32.16,1,0.86,".45",1,6.5,16
"2012006HB","HB1206","2012","201204032300030105","Representative",1160,"10",39.164758,-74.465393,21,,20,18-SEP-12,"07:14:57",39.1533,74.4833,20,18-SEP-12,"06:55","0096","SBE-19+","V",22.26,32.267,19.7,32.202,1,1.08,".33",1,5.1,17
"2012006HB","HB1206","2012","201204032000020106","Representative",1158,"10",39.284418,-74.193373,23,,26,18-SEP-12,"09:27:38",39.2967,74.195,22,18-SEP-12,"09:09","0097","SBE-19+","V",22.12,32.147,16.81,32.22,1,0.74,".31",1,2.8,18
"2012006HB","HB1206","2012","201204032000040107","Representative",1156,"10",39.293063,-74.13985,30,,29,18-SEP-12,"11:04:01",39.31,74.1383,28,18-SEP-12,"10:35","0098","SBE-19+","B",22.51,32.224,15.69,32.381,2,1.02,".48",1,2.8,24
"2012006HB","HB1206","2012","201204032000030108","Representative",1157,"10",39.372635,-73.987065,31,,31,18-SEP-12,"13:01:52",39.3867,73.9833,30,18-SEP-12,"12:38","0099","SBE-19+","V",23.22,32.344,14.84,32.398,1,0.86,".4",1,3.8,26
"2012006HB","HB1206","2012","201204032000010109","Representative",1159,"10",39.487577,-74.072547,23,,24,18-SEP-12,"15:01:58",39.5017,74.0733,24,18-SEP-12,"14:31","0100","SBE-19+","B",22.71,32.168,16.49,32.119,1,0.85,".52",1,1.6,23
"2012006HB","HB1206","2012","201204032000010109","Representative",1159,"10",39.487577,-74.072547,23,,24,18-SEP-12,"15:01:58",39.5033,74.0767,26,18-SEP-12,"14:40","0101","SBE-19+","V",22.7,32.143,16.6,32.053,3,0.96,".37",1,1.6,19
"2012006HB","HB1206","2012","201204017300060110","Representative",1332,"10",39.597103,-73.79715,24,,24,18-SEP-12,"17:11:20",39.61,73.8017,23,18-SEP-12,"16:51","0102","SBE-19+","W",23.24,32.096,21.1,32.033,1,0.8,".34",1,6.5,17
"2012006HB","HB1206","2012","201204031700010111","Representative",1155,"10",39.667057,-74.001785,22,,23,18-SEP-12,"19:08:08",39.68,73.9983,23,18-SEP-12,"18:46","0103","SBE-19+","V",22.52,32.021,16.75,32.042,1,0.79,".37",1,2.9,15
"2012006HB","HB1206","2012","201204031700020112","Non-Representative",1154,"10",40.05978,-73.968202,23,,24,18-SEP-12,"22:07:44",40.075,73.9683,23,18-SEP-12,"21:43","0104","SBE-19+","V",21.99,31.694,19.86,31.848,0,0.91,".41",1,6.2,17
"2012006HB","HB1206","2012","201204031700030113","Representative",1153,"10",40.168028,-73.850507,25,,26,19-SEP-12,"04:18:13",40.18,73.845,25,19-SEP-12,"03:58","0105","SBE-19+","W",21.86,31.832,10.49,32.447,0,0.76,".34",1,3.2,21
"2012006HB","HB1206","2012","201204031400030114","Representative",1150,"10",40.288372,-73.695682,28,,28,19-SEP-12,"06:14:16",40.3,73.69,27,19-SEP-12,"05:55","0106","SBE-19+","V",22.75,31.8,15.66,32.109,1,0.75,".32",1,6.5,25
"2012006HB","HB1206","2012","201204031100030115","Representative",1147,"10",40.28528,-73.64907,28,,27,19-SEP-12,"07:29:59",40.3,73.64,25,19-SEP-12,"07:10","0107","SBE-19+","V",22.9,31.781,20.18,31.863,3,0.98,".33",1,5.8,20
"2012006HB","HB1206","2012","201204031400020116","Representative",1151,"10",40.327948,-73.72309,27,,26,19-SEP-12,"08:53:04",40.3167,73.7133,27,19-SEP-12,"08:35","0108","SBE-19+","V",22.47,31.804,14.65,32.206,0,0.81,".3",1,3.6,22
"2012006HB","HB1206","2012","201204010100050117","Representative",1452,"10",40.306385,-73.805907,52,,50,19-SEP-12,"10:21:37",40.2917,73.7967,59,19-SEP-12,"09:58","0109","SBE-19+","V",21.27,31.737,9.44,32.609,7,0.98,".39",1,3.5,53
"2012006HB","HB1206","2012","201204031400010118","Representative",1898,"10",40.224102,-73.896032,24,,24,19-SEP-12,"12:40:25",40.2083,73.8967,24,19-SEP-12,"12:16","0110","SBE-19+","V",20.59,31.785,12,32.413,0,0.95,".41",1,3.4,21
"2012006HB","HB1206","2012","201204031100020119","Representative",1148,"10",40.380575,-73.582145,28,,27,19-SEP-12,"14:58:58",40.3667,73.5883,26,19-SEP-12,"14:36","0111","SBE-19+","V",22.5,31.779,21.88,31.831,2,0.88,".38",1,6,21
"2012006HB","HB1206","2012","201204031100010120","Representative",1149,"10",40.494687,-73.496387,24,,24,19-SEP-12,"16:23:02",40.4933,73.5167,24,19-SEP-12,"16:02","0112","SBE-19+","W",20.99,31.818,18.88,31.896,0,0.93,".35",1,3.8,19
"2012006HB","HB1206","2012","201204030800010121","Representative",1146,"10",40.579632,-73.174842,23,,24,19-SEP-12,"18:45:20",40.57,73.18,24,19-SEP-12,"18:20","0113","SBE-19+","B",19.84,31.475,16.68,32.037,1,0.62,".42",1,2.6,16
"2012006HB","HB1206","2012","201204030800020122","Representative",1145,"10",40.600837,-73.065817,23,,25,19-SEP-12,"19:52:32",40.6017,73.0883,22,19-SEP-12,"19:31","0114","SBE-19+","V",20.1,31.467,15.17,32.28,1,1.03,".36",1,3.1,19
"2012006HB","HB1206","2012","201204030800030123","Representative",1144,"10",40.61885,-72.95033,27,,27,19-SEP-12,"21:05:39",40.63,72.96,25,19-SEP-12,"20:47","0115","SBE-19+","V",20.34,31.514,15.04,32.29,2,0.8,".31",1,3.1,21
"2012006HB","HB1206","2012","201204010100010124","Representative",1456,"10",40.742618,-72.539898,31,,31,19-SEP-12,"23:31:51",40.755,72.55,28,19-SEP-12,"23:13","0116","SBE-19+","V",19.94,31.525,14.07,32.493,3,0.87,".31",1,3.9,24
"2012006HB","HB1206","2012","201204010100040125","Representative",1453,"10",40.656345,-72.495185,39,,40,20-SEP-12,"01:03:29",40.6733,72.5133,40,20-SEP-12,"00:25","0117","SBE-19+","B",20.88,31.561,12.5,32.642,1,1.31,".64",1,5.2,33
"2012006HB","HB1206","2012","201204034500030128","Representative",1437,"10",41.391533,-71.376935,34,,33,24-SEP-12,"20:27:35",41.3833,71.3617,33,24-SEP-12,"20:00","0118","SBE-19+","W",19.32,32.228,18.35,32.32,1,0.85,".46",1,6.3,28
"2012006HB","HB1206","2012","201204034500020129","Representative",1438,"10",41.340057,-71.190732,35,,34,24-SEP-12,"22:30:19",41.3333,71.1983,32,24-SEP-12,"22:03","0119","SBE-19+","B",18.98,32.291,18.87,32.29,3,0.53,".46",1,7.5,26
"2012006HB","HB1206","2012","201204034500010130","Representative",1439,"10",41.344223,-71.027057,25,,25,25-SEP-12,"00:05:05",41.325,71.015,31,24-SEP-12,"23:40","0120","SBE-19+","V",19.47,32.42,16.68,32.515,6,1.28,".42",1,6.3,27
"2012006HB","HB1206","2012","201204010500040131","Representative",1473,"10",41.166902,-71.323607,42,,42,25-SEP-12,"02:55:02",41.1583,71.335,41,25-SEP-12,"02:23","0121","SBE-19+","B",19.17,32.26,14.2,32.727,1,0.73,".53",1,5.5,35
"2012006HB","HB1206","2012","201204010500050132","Representative",1472,"10",40.979933,-71.07288,51,,49,25-SEP-12,"05:32:28",40.9667,71.0583,51,25-SEP-12,"05:05","0122","SBE-19+","W",18.01,32.493,12.55,33.04,0,1.03,".46",1,5,45
"2012006HB","HB1206","2012","201204010600020133","Representative",1483,"10",40.804148,-71.164265,62,,61,25-SEP-12,"07:50:37",40.8217,71.16,62,25-SEP-12,"07:20","0123","SBE-19+","V",20.27,32.598,9.78,32.969,0,1.07,".51",1,5.5,56
"2012006HB","HB1206","2012","201204010600070134","Representative",1478,"10",40.571325,-71.134995,71,,71,25-SEP-12,"10:07:29",40.5817,71.1183,70,25-SEP-12,"09:44","0124","SBE-19+","V",20.18,32.696,11.69,33.825,1,0.98,".39",1,5.6,68
"2012006HB","HB1206","2012","201204010600050135","Representative",1480,"10",40.5045,-71.339268,71,,71,25-SEP-12,"12:30:59",40.5283,71.28,70,25-SEP-12,"11:31","0125","SBE-19+","V",20.19,33.291,11.43,33.854,1,3.06,"1",0,5.2,68
"2012006HB","HB1206","2012","201204010600030136","Representative",1482,"10",40.319537,-70.970867,100,,100,25-SEP-12,"15:25:19",40.3283,70.945,99,25-SEP-12,"14:51","0126","SBE-19+","B",22.94,34.862,13.26,35.151,1,1.3,".57",1,5,92
"2012006HB","HB1206","2012","201204010700020137","Representative",1487,"10",40.199575,-70.902727,131,,132,25-SEP-12,"17:23:31",40.2033,70.8817,130,25-SEP-12,"16:52","0127","SBE-19+","W",22.11,34.547,13.28,35.662,1,0.99,".53",1,4.6,126
"2012006HB","HB1206","2012","201204010700030138","Representative",1486,"10",40.151018,-71.153403,139,,140,25-SEP-12,"19:30:21",40.1617,71.1233,138,25-SEP-12,"18:50","0128","SBE-19+","V",20.93,34.083,13.11,35.624,1,1.52,".67",1,4.4,136
"2012006HB","HB1206","2012","201204010700010139","Representative",1488,"10",40.121647,-71.206132,145,,144,25-SEP-12,"20:50:31",40.14,71.1883,142,25-SEP-12,"20:17","0129","SBE-19+","V",20.66,33.956,13.6,35.671,3,1.37,".56",1,5,137
"2012006HB","HB1206","2012","201204010800030140","Representative",1489,"10",40.023572,-70.984588,271,,279,25-SEP-12,"23:39:50",40.0183,70.9517,263,25-SEP-12,"22:51","0130","SBE-19+","V",23.39,35.07,10.46,35.289,8,1.55,".81",1,4.2,257
"2012006HB","HB1206","2012","201204010800010141","Representative",1491,"10",40.00463,-71.304313,189,,191,26-SEP-12,"02:47:12",40.0033,71.3517,160,26-SEP-12,"01:52","0131","SBE-19+","B",20.38,33.296,12.97,35.61,29,2.18,".92",0,4.6,154
"2012006HB","HB1206","2012","201204010600010142","Representative",1484,"10",40.089047,-71.525523,91,,91,26-SEP-12,"05:17:42",40.115,71.525,90,26-SEP-12,"04:42","0132","SBE-19+","B",20.49,33.334,13.22,35.095,1,1.56,".6",1,5.1,85
"2012006HB","HB1206","2012","201204010400020143","Representative",1470,"10",39.845633,-71.800395,200,,197,26-SEP-12,"08:17:10",39.8633,71.7833,195,26-SEP-12,"07:30","0133","SBE-19+","W",20.4,32.983,11.56,35.443,5,1.32,".79",1,4.3,191
"2012006HB","HB1206","2012","201204010300040144","Representative",1465,"10",39.80024,-71.944808,153,,153,26-SEP-12,"10:00:02",39.815,71.925,154,26-SEP-12,"09:28","0134","SBE-19+","V",21.54,33.757,13.49,35.687,1,1.27,".53",1,4.8,150
"2012006HB","HB1206","2012","201204010400030145","Representative",1469,"10",39.5326,-72.102658,299,,299,26-SEP-12,"14:18:27",39.57,72.0783,260,26-SEP-12,"12:39","0135","SBE-19+","B",20.82,32.683,,,39,2.51,"1.66",0,4.6,206
"2012006HB","HB1206","2012","201204010400030145","Representative",1469,"10",39.5326,-72.102658,299,,299,26-SEP-12,"14:18:27",39.5517,72.0717,322,26-SEP-12,"13:19","0136","SBE-19+","V",20.82,32.711,8.18,35.134,23,1.84,".99",1,4.8,317
"2012006HB","HB1206","2012","201204010300010146","Representative",1468,"10",39.635607,-72.116062,151,,151,26-SEP-12,"16:29:49",39.655,72.1,150,26-SEP-12,"15:55","0137","SBE-19+","W",20.7,32.555,13.9,35.7,1,1.38,".58",1,5,145
"2012006HB","HB1206","2012","201204010300030147","Representative",1466,"10",39.750943,-72.142443,114,,113,26-SEP-12,"18:36:41",39.7617,72.125,117,26-SEP-12,"18:07","0138","SBE-19+","V",20.96,33.104,13.9,35.574,3,1.03,".49",1,5,113
"2012006HB","HB1206","2012","201204010200010148","Representative",1464,"10",39.84343,-72.18201,91,,90,26-SEP-12,"20:29:23",39.86,72.16,91,26-SEP-12,"19:58","0139","SBE-19+","B",20.78,33.097,12.72,34.801,0,1.42,".52",1,5.2,87
"2012006HB","HB1206","2012","201204010200060149","Representative",1459,"10",39.801022,-72.409777,81,,81,26-SEP-12,"23:15:49",39.825,72.3733,83,26-SEP-12,"21:52","0140","SBE-19+","V",21.03,32.467,11.87,34.294,2,2.21,"1.4",1,5.7,78
"2012006HB","HB1206","2012","201204010400010150","Non-Representative",1471,"10",39.540608,-72.438222,206,,203,27-SEP-12,"03:20:19",39.575,72.425,441,27-SEP-12,"02:17","0141","SBE-19+","V",20.87,32.6,,,235,2.15,"1.06",0,5.4,403
"2012006HB","HB1206","2012","201204010300020152","Representative",1467,"10",39.505063,-72.466343,116,,115,27-SEP-12,"05:25:06",39.5217,72.4533,115,27-SEP-12,"04:51","0142","SBE-19+","W",20.81,32.56,13.62,35.608,1,1.17,".57",1,5,110
"2012006HB","HB1206","2012","201204010200080153","Representative",1457,"10",39.682838,-72.560365,79,,78,27-SEP-12,"07:39:43",39.6917,72.54,80,27-SEP-12,"07:11","0143","SBE-19+","V",21.14,33,13.29,35.243,1,1.08,".48",1,5.2,79
"2012006HB","HB1206","2012","201204010200070154","Representative",1458,"10",39.624372,-72.65934,77,,77,27-SEP-12,"09:04:58",39.645,72.6483,79,27-SEP-12,"08:33","0144","SBE-19+","B",21.1,32.999,12.07,34.448,2,1.34,".53",1,5.6,74
"2012006HB","HB1206","2012","201204010200050155","Representative",1460,"10",39.58466,-72.849182,65,,64,27-SEP-12,"10:52:41",39.6033,72.83,67,27-SEP-12,"10:21","0145","SBE-19+","B",20.03,32.12,9.34,33.169,2,1.43,".53",1,6.1,62
"2012006HB","HB1206","2012","201204017400040156","Representative",1339,"10",39.303188,-72.95005,66,,66,27-SEP-12,"13:15:50",39.3217,72.925,68,27-SEP-12,"12:40","0146","SBE-19+","V",20.01,31.947,10.35,33.713,2,1.61,".6",1,5.9,61
"2012006HB","HB1206","2012","201204017500020157","Representative",1411,"10",39.143732,-72.790677,113,,111,27-SEP-12,"15:30:44",39.1583,72.78,115,27-SEP-12,"15:04","0147","SBE-19+","V",21.46,33.087,13.97,35.658,2,1.01,".45",1,5.2,109
"2012006HB","HB1206","2012","201204010400050158","Representative",2238,"10",39.211568,-72.510538,198,,197,27-SEP-12,"18:21:05",39.225,72.4867,200,27-SEP-12,"17:43","0148","SBE-19+","W",21.69,33.45,12.05,35.499,2,1.37,".63",1,4.3,196
"2012006HB","HB1206","2012","201204017400050159","Representative",1338,"10",39.131672,-72.905992,88,,88,27-SEP-12,"21:51:05",39.1467,72.8967,88,27-SEP-12,"20:30","0149","SBE-19+","B",21.95,33.035,13.87,35.299,0,1,"1.35",1,5.5,85
"2012006HB","HB1206","2012","201204017500010160","Representative",1412,"10",38.946083,-72.912293,110,,111,27-SEP-12,"23:57:52",38.985,72.9217,97,27-SEP-12,"23:06","0150","SBE-19+","B",21.86,33.32,14.06,35.551,13,2.38,".86",1,5.5,91
"2012006HB","HB1206","2012","201204017600020161","Representative",1414,"10",38.859847,-72.922178,220,,214,28-SEP-12,"02:07:50",38.845,72.9383,206,28-SEP-12,"01:03","0151","SBE-19+","V",21.84,33.228,10.54,35.331,14,1.17,"1.08",1,4.1,203
"2012006HB","HB1206","2012","201204017600030162","Representative",1413,"10",38.72924,-73.05606,204,,203,28-SEP-12,"04:49:35",38.7083,73.0617,248,28-SEP-12,"04:03","0152","SBE-19+","V",21.74,33.126,9.29,35.216,44,1.29,".78",0,4.3,243
"2012006HB","HB1206","2012","201204017400010163","Representative",1342,"10",38.785958,-73.360975,79,,77,28-SEP-12,"07:20:38",38.7883,73.3867,78,28-SEP-12,"06:52","0153","SBE-19+","W",21.7,32.031,12.27,34.67,1,1.21,".48",1,5.3,72
"2012006HB","HB1206","2012","201204017400020164","Representative",1341,"10",38.89533,-73.202642,85,,86,28-SEP-12,"09:13:04",38.8733,73.2033,82,28-SEP-12,"08:43","0154","SBE-19+","V",21.18,32.224,13.13,34.901,3,1.32,".5",1,5.4,77
"2012006HB","HB1206","2012","201204017400030165","Representative",1340,"10",38.95607,-73.369015,68,,68,28-SEP-12,"10:52:32",38.9383,73.3667,68,28-SEP-12,"10:29","0155","SBE-19+","V",21.11,32.203,9.57,33.229,0,1.07,".39",1,5.8,62
"2012006HB","HB1206","2012","201204017300030166","Representative",1335,"10",39.242625,-73.426605,43,,44,28-SEP-12,"13:07:21",39.225,73.4333,44,28-SEP-12,"12:43","0156","SBE-19+","V",21.2,31.948,10.45,32.573,1,1.1,".41",1,5.1,39
"2012006HB","HB1206","2012","201204017300040167","Representative",1334,"10",39.379402,-73.495712,45,,44,28-SEP-12,"15:01:33",39.3833,73.51,46,28-SEP-12,"14:28","0157","SBE-19+","B",21.55,31.973,10.41,32.671,1,0.7,".56",1,4.7,43
"2012006HB","HB1206","2012","201204010200040168","Representative",1461,"10",39.463248,-73.096558,67,,67,28-SEP-12,"17:34:29",39.4483,73.11,66,28-SEP-12,"17:05","0158","SBE-19+","W",20.85,31.811,9.28,33.01,1,1.09,".49",1,5.2,63
"2012006HB","HB1206","2012","201204010100070169","Representative",1450,"10",39.811233,-73.135907,51,,51,28-SEP-12,"20:27:20",39.785,73.1367,50,28-SEP-12,"19:56","0159","SBE-19+","B",20.95,31.79,9.18,32.697,1,1.58,".52",1,4.3,46
"2012006HB","HB1206","2012","201204010100020170","Representative",1455,"10",39.819545,-73.11537,55,,55,28-SEP-12,"22:30:05",39.84,73.1317,55,28-SEP-12,"22:00","0160","SBE-19+","B",20.65,32.095,8.9,32.804,0,1.44,".5",1,4.8,47
"2012006HB","HB1206","2012","201204010100030171","Representative",1454,"10",40.145725,-72.707017,58,,57,29-SEP-12,"01:55:07",40.1533,72.7233,57,29-SEP-12,"01:26","0161","SBE-19+","B",21,32.49,8.94,32.735,1,0.88,".49",1,4.6,53
"2012006HB","HB1206","2012","201204010200030172","Non-Representative",1462,"10",40.221097,-72.47515,61,,62,29-SEP-12,"04:02:11",40.235,72.5117,62,29-SEP-12,"03:24","0162","SBE-19+","B",21,32.558,8.85,32.814,1,1.87,".64",1,5.3,58
"2012006HB","HB1206","2012","201204010200090173","Representative",1462,"10",40.2155,-72.458265,62,,62,29-SEP-12,"04:57:12",40.235,72.5117,62,29-SEP-12,"03:24","0162","SBE-19+","B",21,32.558,8.85,32.814,0,2.72,"1.55",1,5.3,58
"2012006HB","HB1206","2012","201204010200020174","Representative",1463,"10",40.264022,-72.475748,57,,57,29-SEP-12,"06:20:04",40.255,72.4517,59,29-SEP-12,"05:55","0163","SBE-19+","W",20.91,32.14,9.26,32.879,2,1.23,".42",1,5.7,54
"2012006HB","HB1206","2012","201204010100060175","Representative",1451,"10",40.409758,-72.654723,47,,47,29-SEP-12,"08:31:31",40.3967,72.6567,48,29-SEP-12,"08:08","0164","SBE-19+","V",19.62,31.949,11.16,32.764,1,0.79,".39",1,5.5,42
"2012006HB","HB1206","2012","201204010600080176","Representative",1477,"10",40.555518,-71.995855,59,,60,29-SEP-12,"12:11:18",40.5417,72.02,60,29-SEP-12,"11:41","0165","SBE-19+","B",19.19,32.056,9.82,32.958,1,1.38,".51",1,5,53
"2012006HB","HB1206","2012","201204010600060177","Representative",1479,"10",40.728233,-71.718068,64,,63,29-SEP-12,"14:28:22",40.7083,71.7217,62,29-SEP-12,"14:01","0166","SBE-19+","B",20.52,32.793,10.39,33.191,2,1.21,".46",1,5.5,57
"2012006HB","HB1206","2012","201204010500010178","Representative",1476,"10",40.71521,-71.847548,54,,53,29-SEP-12,"16:08:42",40.71,71.8233,56,29-SEP-12,"15:38","0167","SBE-19+","B",20.29,32.712,9.97,33.113,2,1.15,".51",1,5.3,49
"2012006HB","HB1206","2012","201204010500020179","Representative",1475,"10",40.660195,-72.336077,44,,43,29-SEP-12,"18:46:40",40.6633,72.305,47,29-SEP-12,"18:23","0168","SBE-19+","W",19.09,32.046,11.56,32.789,3,1.43,".39",1,4.9,43
"2012006HB","HB1206","2012","201204010500030180","Representative",1474,"10",40.734835,-72.448668,35,,34,29-SEP-12,"20:17:03",40.7183,72.43,34,29-SEP-12,"19:49","0169","SBE-19+","B",19.41,32.039,15.54,32.451,1,1.31,".47",1,5.9,29
"2012006HB","HB1206","2012","201204030500010181","Representative",1143,"10",40.842105,-72.342267,24,,25,29-SEP-12,"21:55:07",40.8417,72.3617,24,29-SEP-12,"21:36","0170","SBE-19+","V",19.21,31.848,18.81,32.029,0,0.88,".32",1,7.1,21
"2012006HB","HB1206","2012","201204030500020182","Representative",1142,"10",40.898225,-72.208782,24,,23,29-SEP-12,"23:13:06",40.8917,72.225,24,29-SEP-12,"22:56","0171","SBE-19+","V",18.68,31.728,18.68,31.87,0,0.83,".29",1,7.3,21
"2012006HB","HB1206","2012","201204030500030183","Representative",1141,"10",40.918803,-72.148797,21,,23,30-SEP-12,"00:14:04",40.9167,72.165,21,29-SEP-12,"23:54","0172","SBE-19+","V",18.65,32.055,18.67,32.073,0,0.75,".33",1,7.4,16
"2012006HB","HB1206","2012","201204030200020185","Representative",1344,"10",41.079122,-71.689528,35,,33,30-SEP-12,"04:49:14",41.065,71.705,43,30-SEP-12,"04:23","0174","SBE-19+","W",18.55,32.202,15.15,32.796,8,1.1,".44",0,6.4,37
"2012006HB","HB1206","2012","201204030200030186","Representative",1343,"10",41.09521,-71.66396,,,,30-SEP-12,"06:19:43",41.09,71.6867,33,30-SEP-12,"05:53","0175","SBE-19+","V",19.02,32.412,18.06,32.254,,1.08,".45",0,7.1,29
"2012006HB","HB1206","2012","201204010600040187","Representative",1481,"10",40.897165,-71.428172,59,,59,30-SEP-12,"08:47:00",40.8917,71.4517,33,30-SEP-12,"08:14","0176","SBE-19+","B",18.9,32.429,18.37,32.654,26,1.12,".55",0,7.6,27
"2012006HB","HB1206","2012","201204010900020188","Representative",1495,"10",40.850702,-70.497028,54,,54,30-SEP-12,"13:15:01",40.845,70.4817,55,30-SEP-12,"12:48","0177","SBE-19+","B",19.78,33.344,14,33.337,1,0.78,".45",1,6.2,47
"2012006HB","HB1206","2012","201204034600040189","Representative",1440,"10",41.247143,-70.410427,29,,29,30-SEP-12,"16:21:02",41.235,70.44,33,30-SEP-12,"15:49","0178","SBE-19+","W",17.87,32.082,17.19,32.473,4,1.52,".53",1,7.4,28
"2012006HB","HB1206","2012","201204034600030190","Representative",1441,"10",41.16061,-70.252692,27,,27,30-SEP-12,"18:07:33",41.1817,70.265,28,30-SEP-12,"17:38","0179","SBE-19+","B",17.89,32.111,17.67,32.284,1,1.38,".49",1,7.6,23
"2012006HB","HB1206","2012","201204034600020191","Representative",1442,"10",41.080007,-70.208792,27,,27,30-SEP-12,"19:17:50",41.0983,70.2133,27,30-SEP-12,"18:57","0180","SBE-19+","V",17.85,32.163,17.53,32.294,0,1.12,".35",1,7.5,22
"2012006HB","HB1206","2012","201204034600010192","Representative",1443,"10",40.908262,-70.146232,27,,27,30-SEP-12,"20:54:24",40.925,70.1517,26,30-SEP-12,"20:34","0181","SBE-19+","V",17.47,32.161,16.99,32.342,1,1.04,".34",1,7.7,22
"2012006HB","HB1206","2012","201204010900010193","Representative",1496,"10",40.89962,-69.778223,35,,37,01-OCT-12,"00:59:03",40.9117,69.7933,36,01-OCT-12,"00:32","0182","SBE-19+","B",16.33,32.084,16.27,32.095,1,1,".45",1,7.9,32
"2012006HB","HB1206","2012","201204010900030194","Representative",1494,"10",40.682803,-69.584095,49,,49,01-OCT-12,"03:19:47",40.6833,69.565,49,01-OCT-12,"02:53","0183","SBE-19+","V",16.51,33.175,16.74,33.312,0,0.87,".45",1,7.4,43
"2012006HB","HB1206","2012","201204010900060196","Representative",1493,"10",40.732812,-69.246488,63,,63,01-OCT-12,"08:01:19",40.7717,69.2633,57,01-OCT-12,"05:39","0184","SBE-19+","B",17.03,33.462,17.98,33.972,6,2.46,"2.37",1,6.8,48
"2012006HB","HB1206","2012","201204010900050197","Representative",1492,"10",40.969345,-69.344328,48,,50,01-OCT-12,"10:44:29",40.9983,69.3183,48,01-OCT-12,"11:29","0185","SBE-19+","V",14.59,32.71,14.66,32.872,0,2.1,".74",1,7.4,45
"2012006HB","HB1206","2012","201204012300070199","Representative",1247,"10",41.152358,-69.160952,95,,96,01-OCT-12,"15:07:38",41.1583,69.205,72,01-OCT-12,"12:38","0186","SBE-19+","W",16.68,32.654,9.29,32.933,23,2.02,"2.49",0,6.9,67
"2012006HB","HB1206","2012","201204012300040198","Non-Representative",1247,"10",41.151885,-69.201523,69,,69,01-OCT-12,"13:10:14",41.1583,69.205,72,01-OCT-12,"12:38","0186","SBE-19+","W",16.68,32.654,9.29,32.933,3,0.42,".54",1,6.9,67
"2012006HB","HB1206","2012","201204012300030200","Representative",1248,"10",41.175867,-68.982693,102,,103,01-OCT-12,"18:29:28",41.1533,68.9583,104,01-OCT-12,"17:46","0187","SBE-19+","V",16.77,33.262,9.58,33.176,2,1.75,".72",1,6.7,96
"2012006HB","HB1206","2012","201204012300050201","Representative",1246,"10",41.264895,-69.247083,88,,87,01-OCT-12,"20:51:38",41.255,69.2367,88,01-OCT-12,"20:21","0188","SBE-19+","V",17.54,32.583,8.04,33.077,0,0.76,".51",1,6.8,83
"2012006HB","HB1206","2012","201204012500010203","Representative",1262,"10",41.333623,-69.456037,33,,33,02-OCT-12,"02:03:36",41.345,69.4683,32,02-OCT-12,"01:33","0190","SBE-19+","V",13.62,32.496,13.17,32.512,1,0.88,".51",1,7.6,29
"2012006HB","HB1206","2012","201204012500020204","Representative",1261,"10",41.37671,-69.391627,41,,41,02-OCT-12,"04:48:07",41.39,69.39,43,02-OCT-12,"04:22","0191","SBE-19+","W",12.84,32.554,11.93,32.58,2,0.8,".44",1,7.3,37
"2012006HB","HB1206","2012","201204012500030205","Representative",1260,"10",41.409192,-69.51514,35,,35,02-OCT-12,"07:36:59",41.4017,69.5033,36,02-OCT-12,"07:12","0192","SBE-19+","V",16.84,32.379,12.69,32.576,1,0.7,".42",1,7.5,30
"2012006HB","HB1206","2012","201204012400040206","Representative",1255,"10",41.647168,-69.353385,174,,177,02-OCT-12,"10:22:20",41.63,69.3417,165,02-OCT-12,"09:47","0193","SBE-19+","V",17.11,32.01,7.54,33.741,9,1.16,".59",1,5.2,162
"2012006HB","HB1206","2012","201204012300010207","Representative",1250,"10",41.776572,-69.820637,78,,78,02-OCT-12,"13:35:32",41.8,69.8333,77,02-OCT-12,"13:04","0194","SBE-19+","B",17.33,31.933,9.77,32.743,1,1.52,".53",1,6.8,71
"2012006HB","HB1206","2012","201204035600010209","Non-Representative",1348,"10",41.979265,-69.962617,30,,30,02-OCT-12,"20:10:20",41.8,69.8883,31,02-OCT-12,"15:32","0195","SBE-19+","W",16.2,32.098,11.53,32.399,1,11.26,"4.64",0,6.9,26
"2012006HB","HB1206","2012","201204012800030210","Representative",1278,"10",42.03402,-69.67029,213,,215,03-OCT-12,"00:07:40",41.9967,69.6567,209,02-OCT-12,"23:05","0196","SBE-19+","B",17.49,31.947,8.21,34.314,4,2.32,"1.04",1,5,201
"2012006HB","HB1206","2012","201204012800050211","Representative",1276,"10",42.09706,-69.367963,214,,214,03-OCT-12,"02:49:53",42.105,69.3317,212,03-OCT-12,"02:08","0197","SBE-19+","V",17.52,32.012,8.23,34.35,2,1.68,".7",1,5,207
"2012006HB","HB1206","2012","201204012800070212","Representative",1274,"10",42.008202,-69.529673,221,,222,03-OCT-12,"05:17:31",42.0233,69.5117,217,03-OCT-12,"04:38","0198","SBE-19+","W",17.65,32.041,8.28,34.422,4,1.21,".66",1,5,214
"2012006HB","HB1206","2012","201204012400010213","Representative",1258,"10",41.89194,-69.530447,202,,198,03-OCT-12,"07:40:56",41.9167,69.53,211,03-OCT-12,"07:01","0199","SBE-19+","V",17.72,32.001,8.26,34.378,9,1.49,".67",1,5,205
"2012006HB","HB1206","2012","201204012400030214","Representative",1256,"10",41.856543,-68.967995,161,,162,03-OCT-12,"11:00:33",41.8633,69.005,163,03-OCT-12,"10:17","0200","SBE-19+","B",17.56,32.228,7.62,33.822,2,1.7,".73",1,5.3,159
"2012006HB","HB1206","2012","201204012400050215","Representative",1254,"10",41.614712,-69.146753,169,,169,03-OCT-12,"14:25:44",41.5633,69.145,169,03-OCT-12,"13:24","0201","SBE-19+","V",17.75,32.431,7.41,33.637,0,3.09,"1.03",0,5.6,165
"2012006HB","HB1206","2012","201204012400070216","Representative",1252,"10",41.540815,-69.08795,163,,162,03-OCT-12,"16:20:10",41.5667,69.0867,163,03-OCT-12,"15:25","0202","SBE-19+","B",17.68,32.377,7.35,33.598,0,1.56,".92",1,5.7,157
"2012006HB","HB1206","2012","201204012400060217","Representative",1253,"10",41.435345,-68.98435,151,,152,03-OCT-12,"18:22:31",41.465,68.98,155,03-OCT-12,"17:35","0203","SBE-19+","B",17.38,32.889,7.16,33.345,4,1.79,".79",1,6.5,148
"2012006HB","HB1206","2012","201204012400080218","Representative",1251,"10",41.370845,-68.995438,152,,151,03-OCT-12,"19:54:10",41.3933,69,152,03-OCT-12,"19:19","0204","SBE-19+","V",17.5,32.517,7.16,33.343,0,1.36,".59",1,6.5,148
"2012006HB","HB1206","2012","201204012300060219","Representative",1245,"10",41.288723,-68.847653,108,,108,03-OCT-12,"22:06:53",41.28,68.8683,108,03-OCT-12,"21:38","0205","SBE-19+","V",17.84,32.694,8.28,33.096,0,1.07,".48",1,6.8,105
"2012006HB","HB1206","2012","201204012000060220","Representative",1231,"10",41.252145,-68.480365,56,,58,04-OCT-12,"00:58:14",41.2533,68.5,51,04-OCT-12,"00:35","0206","SBE-19+","V",17.52,32.58,16.61,32.73,5,0.89,".39",1,7.3,46
"2012006HB","HB1206","2012","201204011900080221","Non-Representative",1223,"10",41.07376,-68.426583,49,,50,04-OCT-12,"05:05:58",41.065,68.3983,48,04-OCT-12,"04:30","0207","SBE-19+","W",17.59,32.5,17.62,32.499,1,1.38,".6",1,7.4,41
"2012006HB","HB1206","2012","201204011900060223","Representative",1225,"10",40.884623,-68.234685,52,,51,04-OCT-12,"09:02:48",40.89,68.2783,52,04-OCT-12,"08:27","0208","SBE-19+","B",17.41,32.482,,,0,2.01,".6",0,7.4,40
"2012006HB","HB1206","2012","201204011900010224","Representative",1230,"10",40.713508,-68.582147,61,,61,04-OCT-12,"12:29:57",40.7133,68.5583,59,04-OCT-12,"12:02","0209","SBE-19+","V",17.75,32.141,16.03,32.672,2,1.09,".47",1,7.1,54
"2012006HB","HB1206","2012","201204011000060225","Representative",1175,"10",40.584752,-68.892267,69,,68,04-OCT-12,"14:51:36",40.59,68.9083,68,04-OCT-12,"14:26","0210","SBE-19+","V",19.59,33.001,14.6,33.781,1,0.8,".43",1,6.4,62
"2012006HB","HB1206","2012","201204011000010226","Representative",1180,"10",40.50773,-68.91527,75,,74,04-OCT-12,"16:41:38",40.495,68.9217,75,04-OCT-12,"16:05","0211","SBE-19+","B",19.21,32.445,14.1,33.823,0,0.82,".61",1,6.2,68
"2012006HB","HB1206","2012","201204011300060227","Representative",1191,"10",40.407983,-68.810943,85,,84,04-OCT-12,"18:48:35",40.425,68.8367,81,04-OCT-12,"18:12","0212","SBE-19+","B",20.61,33.064,15.35,35.1,4,1.56,".61",1,5.6,79
"2012006HB","HB1206","2012","201204011000050228","Representative",1176,"10",40.39859,-68.942183,84,,84,04-OCT-12,"20:39:19",40.4017,68.9117,84,04-OCT-12,"20:09","0213","SBE-19+","B",20.12,32.635,15.13,34.79,0,1.41,".51",1,5.8,78
"2012006HB","HB1206","2012","201204011000030229","Representative",1178,"10",40.429838,-69.23184,79,,79,04-OCT-12,"22:27:27",40.4333,69.2067,80,04-OCT-12,"22:03","0214","SBE-19+","V",19.51,32.92,15.01,34.702,1,1.17,".41",1,5.7,77
"2012006HB","HB1206","2012","201204011000100232","Representative",1174,"10",40.54898,-70.02074,63,,62,11-OCT-12,"07:28:58",40.5433,69.9967,63,11-OCT-12,"06:27","0215","SBE-19+","W",19.79,34.102,15.77,34.301,0,1.15,"1.03",1,5.8,57
"2012006HB","HB1206","2012","201204011000080233","Representative",1173,"10",40.373543,-70.258977,83,,82,11-OCT-12,"12:18:49",40.375,70.2333,82,11-OCT-12,"11:52","0216","SBE-19+","V",18.96,33.737,14.37,35.004,1,1.18,".45",1,5.2,74
"2012006HB","HB1206","2012","201204011000020234","Representative",1179,"10",40.376507,-70.506125,85,,86,11-OCT-12,"15:04:45",40.3817,70.4733,84,11-OCT-12,"14:32","0217","SBE-19+","B",20.35,34.806,13.2,34.992,1,1.53,".55",1,4.8,79
"2012006HB","HB1206","2012","201204011000040235","Representative",1177,"10",40.497665,-70.581843,72,,72,11-OCT-12,"17:34:57",40.4833,70.5633,73,11-OCT-12,"16:55","0218","SBE-19+","B",20.55,34.732,15.81,35.053,1,1.21,".67",1,5.3,68
"2012006HB","HB1206","2012","201204011000090236","Representative",1172,"10",40.381308,-70.5445,87,,87,11-OCT-12,"19:31:43",40.38,70.5117,86,11-OCT-12,"18:57","0219","SBE-19+","B",20.63,34.957,13.09,35.009,1,1.5,".58",1,4.8,79
"2012006HB","HB1206","2012","201204010700040237","Representative",1485,"10",40.10437,-70.553078,132,,131,11-OCT-12,"22:14:55",40.1067,70.5267,124,11-OCT-12,"21:40","0220","SBE-19+","W",20.88,35.051,13.88,35.786,8,1.22,".58",1,4.7,120
"2012006HB","HB1206","2012","201204010800020238","Representative",1490,"10",40.044285,-70.512433,237,,227,12-OCT-12,"00:40:05",40.055,70.4933,227,11-OCT-12,"23:54","0221","SBE-19+","V",22.02,35.311,12.29,35.572,10,1.09,".77",1,4.4,224
"2012006HB","HB1206","2012","201204011100040239","Representative",1181,"10",40.020118,-69.903462,149,,149,12-OCT-12,"04:25:46",40.0167,69.875,146,12-OCT-12,"03:48","0222","SBE-19+","W",22.83,35.383,13.98,35.753,3,1.33,".63",1,4.8,139
"2012006HB","HB1206","2012","201204011200020240","Representative",1186,"10",39.930638,-69.479682,254,,254,12-OCT-12,"08:07:42",39.935,69.4283,249,12-OCT-12,"07:10","0223","SBE-19+","V",23.32,35.486,11.25,35.439,5,2.38,".96",1,4.4,244
"2012006HB","HB1206","2012","201204011200010241","Representative",1187,"10",39.938465,-69.371232,268,,265,12-OCT-12,"10:25:59",39.9467,69.34,279,12-OCT-12,"09:43","0224","SBE-19+","V",23.31,35.513,10.64,35.361,11,1.52,".72",1,4.4,273
"2012006HB","HB1206","2012","201204011200030242","Representative",1185,"10",39.951,-69.326855,267,,264,12-OCT-12,"12:29:35",39.9583,69.2967,280,12-OCT-12,"11:44","0225","SBE-19+","V",23.33,35.536,10.39,35.329,13,1.46,".76",1,4.4,276
"2012006HB","HB1206","2012","201204011100030243","Representative",1182,"10",40.075168,-69.12916,153,,154,12-OCT-12,"14:51:25",40.0867,69.1117,151,12-OCT-12,"14:19","0226","SBE-19+","V",22.16,35.364,13.33,35.714,2,1.06,".54",1,4.6,148
"2012006HB","HB1206","2012","201204011100010244","Representative",1184,"10",40.157575,-68.867323,152,,152,12-OCT-12,"17:26:34",40.1617,68.8517,155,12-OCT-12,"16:49","0227","SBE-19+","W",22.88,35.532,13.57,35.739,3,0.76,".63",1,4.8,150
"2012006HB","HB1206","2012","201204011100020245","Representative",1183,"10",40.22646,-68.844563,117,,119,12-OCT-12,"19:36:12",40.2267,68.8117,118,12-OCT-12,"18:57","0228","SBE-19+","B",22.38,35.468,14.58,35.847,1,1.51,".65",1,5,113
"2012006HB","HB1206","2012","201204011500020246","Representative",1203,"10",40.134447,-68.615925,190,,188,12-OCT-12,"23:05:28",40.1267,68.6433,185,12-OCT-12,"23:44","0229","SBE-19+","V",23.03,35.495,11.88,35.521,5,1.34,".64",1,4.4,182
"2012006HB","HB1206","2012","201204011300040247","Representative",1193,"10",40.465945,-68.434213,96,,94,13-OCT-12,"10:47:32",40.4467,68.425,99,13-OCT-12,"10:19","0230","SBE-19+","W",19.89,34.562,14.74,35.764,3,1.23,".48",1,5,97
"2012006HB","HB1206","2012","201204011300010248","Representative",1197,"10",40.625343,-68.224517,89,,88,13-OCT-12,"13:27:05",40.6133,68.2083,93,13-OCT-12,"13:00","0231","SBE-19+","V",19.28,34.213,15.11,35.568,4,1.03,".45",1,5.1,90
"2012006HB","HB1206","2012","201204011300020249","Representative",1195,"10",40.518528,-68.143512,112,,109,13-OCT-12,"15:23:56",40.505,68.125,123,13-OCT-12,"14:51","0232","SBE-19+","V",21.77,35.365,13.08,35.681,11,1.17,".55",1,4.6,117
"2012006HB","HB1206","2012","201204011400010250","Representative",1201,"10",40.463842,-67.971698,131,,130,13-OCT-12,"17:44:58",40.455,67.9483,130,13-OCT-12,"17:10","0233","SBE-19+","W",21.51,35.391,13.51,35.728,1,1.19,".58",1,4.7,126
"2012006HB","HB1206","2012","201204011500010251","Representative",1204,"10",40.350888,-67.83013,214,,220,13-OCT-12,"20:08:49",40.3333,67.82,248,13-OCT-12,"19:31","0234","SBE-19+","V",22.58,35.584,12.57,35.605,34,1.15,".63",0,4.6,243
"2012006HB","HB1206","2012","201204011400020252","Representative",1200,"10",40.462433,-67.716678,136,,139,13-OCT-12,"22:25:39",40.4417,67.7083,142,13-OCT-12,"21:55","0235","SBE-19+","V",20.42,34.662,13.52,35.718,6,1.3,".51",1,4.7,139
"2012006HB","HB1206","2012","201204011300050253","Representative",1192,"10",40.611245,-67.822048,86,,86,14-OCT-12,"00:23:21",40.58,67.805,92,13-OCT-12,"23:47","0236","SBE-19+","B",16.41,32.917,13.86,35.08,6,2.03,".61",1,5.5,87
"2012006HB","HB1206","2012","201204011300090254","Representative",1188,"10",40.722567,-68.140875,75,,73,14-OCT-12,"02:50:55",40.7167,68.1383,76,14-OCT-12,"02:19","0237","SBE-19+","V",17.37,33.341,13.87,33.997,1,0.37,".53",1,6.1,71
"2012006HB","HB1206","2012","201204011300030255","Representative",1194,"10",40.770408,-68.180793,62,,60,14-OCT-12,"04:30:16",40.7583,68.1817,65,14-OCT-12,"04:00","0238","SBE-19+","B",16.24,32.827,13.94,33.219,3,0.73,".5",1,6.4,60
"2012006HB","HB1206","2012","201204011300080256","Representative",1189,"10",40.905758,-67.891818,61,,60,14-OCT-12,"07:12:42",40.8983,67.8933,61,14-OCT-12,"06:42","0239","SBE-19+","B",16.26,32.646,15.77,32.696,0,0.45,".51",1,7.3,54
"2012006HB","HB1206","2012","201204011900120258","Representative",1222,"10",41.028083,-67.990787,56,,56,14-OCT-12,"09:59:46",40.9717,67.9817,56,14-OCT-12,"08:16","0240","SBE-19+","B",16.59,32.607,16.15,32.658,0,3.41,"1.73",0,7.4,48
"2012006HB","HB1206","2012","201204011900090257","Non-Representative",1222,"10",40.986362,-67.986645,53,,53,14-OCT-12,"08:49:38",40.9717,67.9817,56,14-OCT-12,"08:16","0240","SBE-19+","B",16.59,32.607,16.15,32.658,3,0.91,".56",1,7.4,48
"2012006HB","HB1206","2012","201204011900040259","Representative",1227,"10",41.15116,-67.999803,49,,50,14-OCT-12,"12:22:25",41.1583,67.9817,46,14-OCT-12,"11:55","0241","SBE-19+","B",17.05,32.559,17.07,32.556,3,0.92,".46",1,7.6,40
"2012006HB","HB1206","2012","201204011300100260","Representative",1196,"10",41.106323,-67.378702,61,,60,14-OCT-12,"15:52:13",41.1017,67.375,62,14-OCT-12,"15:22","0242","SBE-19+","B",16,32.758,15.68,32.777,1,0.32,".5",1,7.4,55
"2012006HB","HB1206","2012","201204011600040261","Representative",1210,"10",40.981832,-67.010175,74,,73,14-OCT-12,"18:47:56",40.9683,67.005,78,14-OCT-12,"18:17","0243","SBE-19+","W",16.26,32.82,13.11,33.117,4,0.85,".52",1,6.6,73
"2012006HB","HB1206","2012","201204011300070262","Representative",1190,"10",40.933885,-67.01115,82,,84,14-OCT-12,"20:11:13",40.9567,67.0133,79,14-OCT-12,"19:43","0244","SBE-19+","B",16.24,32.814,13.02,33.157,3,1.37,".47",1,6.5,74
"2012006HB","HB1206","2012","201204011400040263","Representative",1198,"10",40.671092,-67.039033,172,,174,14-OCT-12,"22:55:01",40.6883,67.035,138,14-OCT-12,"22:06","0245","SBE-19+","B",23.08,35.732,11.7,35.528,34,1.05,".82",0,4.9,135
"2012006HB","HB1206","2012","201204011500030264","Representative",1202,"10",40.581168,-67.093778,201,,201,15-OCT-12,"00:42:22",40.6033,67.0767,200,15-OCT-12,"00:00","0246","SBE-19+","V",23.2,35.806,8.91,35.208,1,1.54,".71",1,4.8,194
"2012006HB","HB1206","2012","201204011400030265","Representative",1199,"10",40.77076,-66.853017,118,,118,15-OCT-12,"03:49:08",40.7783,66.8267,126,15-OCT-12,"03:07","0247","SBE-19+","B",23.77,35.819,13.53,35.669,8,1.28,".7",1,4.9,122
"2012006HB","HB1206","2012","201204011700020266","Representative",1511,"10",40.836408,-66.713952,147,,146,15-OCT-12,"06:13:03",40.8517,66.6883,169,15-OCT-12,"05:24","0248","SBE-19+","W",23.43,35.691,12.91,35.588,22,1.48,".82",1,4.9,160
"2012006HB","HB1206","2012","201204011800010267","Representative",1221,"10",40.847945,-66.636377,242,,237,15-OCT-12,"08:41:08",40.8567,66.6183,270,15-OCT-12,"07:39","0249","SBE-19+","V",19.22,33.973,7.61,35.109,28,0.98,"1.04",1,5.7,264
"2012006HB","HB1206","2012","201204011800020268","Non-Representative",1220,"10",40.936357,-66.484378,346,,353,15-OCT-12,"12:33:16",40.9617,66.4567,357,15-OCT-12,"11:41","0250","SBE-19+","V",18.53,33.599,6.22,35.036,11,1.97,".87",1,6.6,351
"2012006HB","HB1206","2012","201204011600010269","Representative",1217,"10",40.967888,-66.58152,103,,105,15-OCT-12,"15:19:42",40.985,66.5633,102,15-OCT-12,"14:45","0251","SBE-19+","B",16.6,32.823,13.09,35.117,1,1.32,".58",1,5.3,95
"2012006HB","HB1206","2012","201204011700010270","Representative",1512,"10",41.038448,-66.472647,122,,121,15-OCT-12,"17:26:42",41.055,66.4583,137,15-OCT-12,"16:50","0252","SBE-19+","W",16.06,32.728,12.22,34.965,15,1.19,".61",1,5.4,133
"2012006HB","HB1206","2012","201204011800050271","Representative",1969,"10",41.038155,-66.410017,352,,355,15-OCT-12,"20:24:39",41.0117,66.3967,552,15-OCT-12,"19:20","0253","SBE-19+","V",18.29,33.419,,,200,1.7,"1.08",0,7.2,505
"2012006HB","HB1206","2012","201204011700030272","Representative",1510,"10",41.210863,-66.311285,122,,121,15-OCT-12,"22:52:56",41.2267,66.2967,125,15-OCT-12,"22:24","0254","SBE-19+","V",15.99,32.811,12.14,34.801,3,1.16,".48",1,5.7,122
"2012006HB","HB1206","2012","201204011600020273","Representative",1212,"10",41.252115,-66.345128,99,,98,16-OCT-12,"00:40:10",41.2683,66.3317,99,16-OCT-12,"00:11","0255","SBE-19+","V",17.1,33.055,11.04,34.087,0,1.15,".49",1,6.1,93
"2012006HB","HB1206","2012","201204011600080274","Representative",1206,"10",41.345348,-66.505413,92,,92,16-OCT-12,"02:44:29",41.355,66.5233,92,16-OCT-12,"02:16","0256","SBE-19+","V",15.84,32.778,11.31,33.411,0,0.99,".47",1,6.6,88
"2012006HB","HB1206","2012","201204011600070275","Representative",1207,"10",41.373127,-66.831,72,,73,16-OCT-12,"06:23:52",41.365,66.8317,72,16-OCT-12,"05:48","0257","SBE-19+","B",16.05,32.864,14.17,33.073,0,0.49,".6",1,6.9,65
"2012006HB","HB1206","2012","201204011600130276","Representative",1213,"10",41.451675,-66.850572,72,,71,16-OCT-12,"07:51:20",41.44,66.8567,73,16-OCT-12,"07:18","0258","SBE-19+","B",16.07,32.844,15.32,32.943,1,0.75,".56",1,7.4,65
"2012006HB","HB1206","2012","201204011600050277","Representative",1209,"10",41.576143,-67.05978,60,,60,16-OCT-12,"10:26:32",41.595,67.045,62,16-OCT-12,"09:55","0259","SBE-19+","B",16.74,32.704,16.75,32.714,2,1.31,".53",1,7.5,56
"2012006HB","HB1206","2012","201204011600060278","Representative",1208,"10",41.513367,-66.84164,71,,71,16-OCT-12,"13:12:53",41.5233,66.8567,70,16-OCT-12,"12:43","0260","SBE-19+","V",16.14,32.825,15.83,32.896,1,0.9,".5",1,7.4,65
"2012006HB","HB1206","2012","201204011600140280","Representative",1215,"10",41.573188,-66.60007,81,,82,16-OCT-12,"17:08:12",41.59,66.6283,80,16-OCT-12,"14:39","0261","SBE-19+","B",15.64,32.907,14.54,33.004,1,1.62,"2.49",1,7.2,79
"2012006HB","HB1206","2012","201204011600110279","Non-Representative",1215,"10",41.578905,-66.615947,82,,81,16-OCT-12,"15:13:30",41.59,66.6283,80,16-OCT-12,"14:39","0261","SBE-19+","B",15.64,32.907,14.54,33.004,2,0.87,".57",1,7.2,79
"2012006HB","HB1206","2012","201204011700040281","Representative",2283,"10",41.54225,-65.993032,137,,139,16-OCT-12,"21:05:35",41.5717,65.995,125,16-OCT-12,"20:36","0262","SBE-19+","W",16.42,33.036,13.11,35.014,12,1.77,".49",1,5.6,120
"2012006HB","HB1206","2012","201204011600090284","Representative",1205,"10",41.85204,-66.039092,96,,99,17-OCT-12,"05:06:03",41.8717,66.0717,97,17-OCT-12,"04:28","0263","SBE-19+","B",15.1,32.884,11.85,33.263,1,1.88,".63",1,6.8,87
"2012006HB","HB1206","2012","201204011800040285","Non-Representative",1966,"10",41.988267,-65.787258,243,,245,17-OCT-12,"08:17:07",41.9717,65.76,245,17-OCT-12,"07:27","0264","SBE-19+","W",16.08,33.22,7.03,35.076,2,1.57,".84",1,6,239
"2012006HB","HB1206","2012","201204012900090286","Non-Representative",1281,"10",42.09206,-65.808207,253,,254,17-OCT-12,"10:25:26",42.065,65.7817,262,17-OCT-12,"09:31","0265","SBE-19+","V",17.81,33.819,6.9,35.079,9,2.01,".91",1,6.3,257
"2012006HB","HB1206","2012","201204012900140289","Representative",1284,"10",42.45532,-66.342135,255,,253,17-OCT-12,"17:49:38",42.4217,66.3433,259,17-OCT-12,"15:26","0266","SBE-19+","W",15.34,32.85,9.29,35.241,4,2.02,"2.39",1,5.1,257
"2012006HB","HB1206","2012","201204012900060287","Non-Representative",1284,"10",42.447547,-66.354185,255,,255,17-OCT-12,"16:14:25",42.4217,66.3433,259,17-OCT-12,"15:26","0266","SBE-19+","W",15.34,32.85,9.29,35.241,4,1.63,".81",1,5.1,257
"2012006HB","HB1206","2012","201204012900120290","Non-Representative",1287,"10",42.46461,-66.4138,260,,259,17-OCT-12,"20:08:25",42.43,66.3883,262,17-OCT-12,"18:59","0267","SBE-19+","V",15.53,32.855,9.09,35.216,2,2.37,"1.16",1,5.2,259
"2012006HB","HB1206","2012","201204012900030291","Non-Representative",1287,"10",42.442877,-66.38329,257,,257,17-OCT-12,"21:51:56",42.43,66.3883,262,17-OCT-12,"18:59","0267","SBE-19+","V",15.53,32.855,9.09,35.216,5,0.8,"2.88",1,5.2,259
"2012006HB","HB1206","2012","201204013000020292","Representative",1291,"10",42.311612,-66.652117,292,,290,18-OCT-12,"01:46:59",42.315,66.6133,290,18-OCT-12,"00:48","0268","SBE-19+","V",15.12,32.853,8.49,35.098,2,1.74,".98",1,5.3,284
"2012006HB","HB1206","2012","201204012200040293","Representative",1241,"10",42.189787,-66.669508,211,,210,18-OCT-12,"04:12:46",42.1967,66.6233,215,18-OCT-12,"03:28","0269","SBE-19+","W",15.04,32.888,8.95,35.1,4,2.1,".75",1,5.4,208
"2012006HB","HB1206","2012","201204012200030294","Representative",1242,"10",42.169515,-66.586525,163,,163,18-OCT-12,"06:22:17",42.1683,66.5517,164,18-OCT-12,"05:37","0270","SBE-19+","V",15.58,32.879,10.24,34.707,1,1.55,".75",1,5.7,157
"2012006HB","HB1206","2012","201204012100040295","Representative",1237,"10",42.090987,-66.701013,72,,75,18-OCT-12,"08:18:19",42.0783,66.6883,73,18-OCT-12,"07:47","0271","SBE-19+","V",15.42,32.844,13.98,33.128,1,0.95,".52",1,7,68
"2012006HB","HB1206","2012","201204011600030296","Representative",1211,"10",41.947028,-66.818288,64,,65,18-OCT-12,"10:33:33",41.9333,66.835,60,18-OCT-12,"10:03","0272","SBE-19+","B",15.93,32.814,15.92,32.81,4,1.11,".51",1,7.5,56
"2012006HB","HB1206","2012","201204011600120297","Representative",1214,"10",41.971305,-66.978705,62,,62,18-OCT-12,"12:39:14",41.99,66.9867,63,18-OCT-12,"12:08","0273","SBE-19+","B",15.66,32.797,15.65,32.797,1,1.18,".52",1,7.5,55
"2012006HB","HB1206","2012","201204011600100298","Representative",1216,"10",42.06638,-67.00347,63,,62,18-OCT-12,"14:48:34",42.07,66.9833,63,18-OCT-12,"14:24","0274","SBE-19+","V",15.26,32.846,15.13,32.859,0,0.93,".41",1,7.4,57
"2012006HB","HB1206","2012","201204012100030299","Representative",1238,"10",42.117308,-67.029733,64,,64,18-OCT-12,"17:07:25",42.1167,67.0417,64,18-OCT-12,"17:54","0275","SBE-19+","W",15.73,32.791,13.57,33.064,0,0.53,".78",1,7.2,59
"2012006HB","HB1206","2012","201204012900150300","Representative",2041,"10",42.264745,-67.071545,254,,249,18-OCT-12,"20:25:41",42.2717,67.0517,270,18-OCT-12,"19:36","0276","SBE-19+","V",15.67,32.876,8.42,35.092,16,0.98,".83",1,5.4,265
"2012006HB","HB1206","2012","201204013000030301","Representative",1290,"10",42.428265,-66.980237,363,,365,18-OCT-12,"23:52:30",42.4083,66.95,366,18-OCT-12,"22:06","0277","SBE-19+","V",14.6,32.921,8.45,35.101,3,1.8,"1.78",1,5.4,362
"2012006HB","HB1206","2012","201204013000030301","Representative",1290,"10",42.428265,-66.980237,363,,365,18-OCT-12,"23:52:30",42.415,66.9417,365,18-OCT-12,"22:35","0278","SBE-19+","B",14.65,32.916,,,2,1.89,"1.29",0,5.4,200
"2012006HB","HB1206","2012","201204013000010302","Representative",1292,"10",42.499752,-67.04575,336,,337,19-OCT-12,"02:30:36",42.5033,67.0117,333,19-OCT-12,"01:35","0279","SBE-19+","V",14.23,33.043,8.88,35.161,3,1.52,".93",1,5.4,329
"2012006HB","HB1206","2012","201204012900110304","Representative",2048,"10",42.559213,-66.939705,299,,300,19-OCT-12,"05:12:54",42.5833,66.9667,298,19-OCT-12,"04:14","0280","SBE-19+","W",14.23,33.216,8.8,35.156,1,1.88,".98",1,5.4,293
"2012006HB","HB1206","2012","201204012900050305","Representative",1285,"10",42.657092,-67.509995,201,,202,19-OCT-12,"09:34:48",42.67,67.5533,198,19-OCT-12,"08:35","0281","SBE-19+","B",14.95,33.012,9.03,34.64,3,2.06,"1",1,5.5,193
"2012006HB","HB1206","2012","201204012900080306","Representative",1282,"10",42.594533,-67.893375,224,,226,19-OCT-12,"12:28:02",42.6083,67.875,217,19-OCT-12,"11:49","0282","SBE-19+","V",15.02,32.887,8.87,35.008,7,1.16,".65",1,5.2,213
"2012006HB","HB1206","2012","201204012900010307","Representative",1289,"10",42.315433,-67.629078,253,,253,19-OCT-12,"16:26:40",42.36,67.6667,244,19-OCT-12,"15:25","0283","SBE-19+","W",15.48,32.841,8.73,35.084,9,3.15,"1.03",0,5.4,239
"2012006HB","HB1206","2012","201204012200020308","Representative",1243,"10",42.156597,-67.550562,187,,187,19-OCT-12,"18:29:43",42.1667,67.58,196,19-OCT-12,"17:51","0284","SBE-19+","V",15.14,32.728,8.79,34.867,9,1.44,".65",1,5.4,190
"2012006HB","HB1206","2012","201204012200010309","Representative",1244,"10",42.098443,-67.646193,174,,173,19-OCT-12,"20:25:18",42.1017,67.6767,179,19-OCT-12,"19:51","0285","SBE-19+","V",15.47,32.794,8.77,34.909,5,1.37,".57",1,5.3,177
"2012006HB","HB1206","2012","201204012100020310","Representative",1239,"10",42.036948,-67.589755,67,,67,19-OCT-12,"22:13:17",42.0317,67.615,70,19-OCT-12,"21:51","0286","SBE-19+","V",15.81,32.731,8.17,33.401,3,1.17,".37",1,6.6,67
"2012006HB","HB1206","2012","201204011900070311","Representative",1224,"10",41.801825,-67.40904,50,,52,20-OCT-12,"01:52:52",41.8117,67.4283,44,20-OCT-12,"01:21","0287","SBE-19+","B",16.36,32.652,16.29,32.655,6,1.05,".53",1,7.6,43
"2012006HB","HB1206","2012","201204012000070312","Representative",1979,"10",41.946118,-67.48238,49,,52,20-OCT-12,"03:47:36",41.96,67.49,47,20-OCT-12,"03:19","0288","SBE-19+","W",16.51,32.651,16.43,32.66,2,0.9,".48",1,7.6,43
"2012006HB","HB1206","2012","201204012000010313","Representative",1236,"10",41.80924,-67.722517,36,,34,20-OCT-12,"06:45:00",41.83,67.72,38,20-OCT-12,"06:16","0289","SBE-19+","V",16.88,32.56,16.87,32.562,2,1.25,".48",1,7.7,33
"2012006HB","HB1206","2012","201204011900100315","Representative",1228,"10",41.659827,-67.641258,54,,56,20-OCT-12,"09:57:32",41.6883,67.6517,54,20-OCT-12,"08:50","0290","SBE-19+","B",16.72,32.575,16.7,32.578,0,1.77,"1.13",1,7.7,48
"2012006HB","HB1206","2012","201204011900030314","Non-Representative",1228,"10",41.674683,-67.65318,,,,20-OCT-12,"09:24:20",41.6883,67.6517,54,20-OCT-12,"08:50","0290","SBE-19+","B",16.72,32.575,16.7,32.578,,0.82,".57",0,7.7,48
"2012006HB","HB1206","2012","201204011900050316","Representative",1226,"10",41.53545,-67.731292,38,,39,20-OCT-12,"13:54:10",41.5483,67.7467,38,20-OCT-12,"13:22","0291","SBE-19+","B",16.9,32.526,16.83,32.562,0,1.04,".54",1,7.7,33
"2012006HB","HB1206","2012","201204012000040317","Representative",1233,"10",41.563565,-67.975673,31,,33,20-OCT-12,"17:25:30",41.5633,67.9633,35,20-OCT-12,"18:21","0292","SBE-19+","B",17.17,32.504,17.14,32.506,4,0.56,".93",1,7.8,26
"2012006HB","HB1206","2012","201204011900020318","Representative",1229,"10",41.41062,-67.934272,44,,43,20-OCT-12,"20:38:58",41.415,67.9417,43,20-OCT-12,"20:07","0293","SBE-19+","B",17.55,32.442,17.54,32.445,1,0.43,".53",1,7.7,36
"2012006HB","HB1206","2012","201204012000030319","Representative",1234,"10",41.424897,-68.285692,50,,52,20-OCT-12,"23:44:48",41.4233,68.26,38,20-OCT-12,"23:16","0294","SBE-19+","W",17.1,32.522,,,12,1.16,".48",0,7.3,27
"2012006HB","HB1206","2012","201204012300020320","Representative",1249,"10",41.48114,-68.523697,94,,94,21-OCT-12,"01:53:53",41.495,68.525,98,21-OCT-12,"01:31","0295","SBE-19+","V",15.51,32.969,8.76,33.29,4,0.83,".38",1,6.3,96
"2012006HB","HB1206","2012","201204012000050321","Representative",1232,"10",41.735252,-68.199465,50,,49,21-OCT-12,"05:14:56",41.7417,68.18,54,21-OCT-12,"04:46","0296","SBE-19+","B",16.51,32.598,16.12,32.646,4,0.95,".48",1,7.3,51
"2012006HB","HB1206","2012","201204012100010322","Representative",1240,"10",41.770763,-68.281438,92,,91,21-OCT-12,"07:00:47",41.7783,68.26,89,21-OCT-12,"06:32","0297","SBE-19+","W",16.32,32.631,9.12,33.083,3,1.06,".48",1,6.6,85
"2012006HB","HB1206","2012","201204012400020323","Representative",1257,"10",41.948298,-68.40573,199,,199,21-OCT-12,"09:40:02",41.975,68.3933,196,21-OCT-12,"09:00","0298","SBE-19+","V",15.17,32.515,8.28,34.52,3,1.7,".67",1,5.4,190
"2012006HB","HB1206","2012","201204012900040324","Representative",1286,"10",42.407342,-68.151358,185,,181,21-OCT-12,"14:51:49",42.42,68.0983,179,21-OCT-12,"13:59","0299","SBE-19+","B",14.45,32.52,8.43,34.654,6,2.47,".88",1,5.3,178
"2012006HB","HB1206","2012","201204012900020325","Representative",1288,"10",42.46429,-68.38664,215,,218,21-OCT-12,"17:46:09",42.4633,68.3533,207,21-OCT-12,"16:45","0300","SBE-19+","B",13.48,33.231,,,8,1.48,"1.02",0,5.2,194
"2012006HB","HB1206","2012","201204012900070326","Representative",1283,"10",42.51559,-68.371425,207,,206,21-OCT-12,"19:42:16",42.5183,68.3367,199,21-OCT-12,"19:01","0301","SBE-19+","W",13.93,32.907,8.5,34.754,8,1.55,".69",1,5.2,197
"2012006HB","HB1206","2012","201204013600010327","Representative",1312,"10",43.217882,-67.69074,210,,210,22-OCT-12,"01:56:17",43.21,67.7067,212,22-OCT-12,"00:47","0302","SBE-19+","B",13.96,32.913,8.48,34.579,2,0.84,"1.15",1,5.2,208
"2012006HB","HB1206","2012","201204013600060328","Representative",1307,"10",43.24969,-67.881613,224,,226,22-OCT-12,"04:28:12",43.2783,67.8817,228,22-OCT-12,"03:46","0303","SBE-19+","W",13.78,32.967,8.66,34.568,4,1.72,".7",1,5.2,222
"2012006HB","HB1206","2012","201204013600090329","Representative",1304,"10",43.369782,-67.884715,251,,252,22-OCT-12,"07:06:16",43.3683,67.845,251,22-OCT-12,"06:18","0304","SBE-19+","V",13.75,33.034,8.65,34.56,0,1.74,".8",1,5.2,243
"2012006HB","HB1206","2012","201204013600030330","Representative",1310,"10",43.39872,-67.538978,232,,232,22-OCT-12,"10:15:20",43.4117,67.5033,196,22-OCT-12,"09:29","0305","SBE-19+","V",13.8,33.092,9.02,34.557,36,1.74,".77",0,5.3,190
"2012006HB","HB1206","2012","201204013600040331","Representative",1309,"10",43.20906,-67.289777,214,,214,22-OCT-12,"13:21:04",43.1917,67.2633,210,22-OCT-12,"12:30","0306","SBE-19+","B",13.9,33.214,9.48,34.743,4,1.56,".85",1,5.3,208
"2012006HB","HB1206","2012","201204013600020332","Representative",1311,"10",43.030278,-67.222282,240,,240,22-OCT-12,"16:20:06",43.0033,67.2017,207,22-OCT-12,"15:28","0307","SBE-19+","B",14.17,33.07,9.87,35.077,33,1.86,".87",1,5.1,205
"2012006HB","HB1206","2012","201204013400020333","Representative",1298,"10",43.438568,-66.719632,155,,156,22-OCT-12,"20:46:29",43.4533,66.7083,150,22-OCT-12,"20:00","0308","SBE-19+","B",13.47,33.432,11.84,34.628,5,1.01,".77",1,5.8,146
"2012006HB","HB1206","2012","201204013400010334","Representative",1299,"10",43.519963,-66.742807,159,,160,22-OCT-12,"22:37:20",43.5183,66.7167,135,22-OCT-12,"22:06","0309","SBE-19+","W",13.32,33.544,11.52,34.675,24,1.14,".52",0,5.6,134
"2012006HB","HB1206","2012","201204013400050335","Representative",1295,"10",43.77135,-66.892795,155,,151,23-OCT-12,"01:37:45",43.7517,66.8833,158,23-OCT-12,"00:57","0310","SBE-19+","V",13.51,33.357,10.55,34.473,3,1.25,".68",1,5.6,153
"2012006HB","HB1206","2012","201204013400070336","Representative",1293,"10",43.806632,-67.078285,176,,174,23-OCT-12,"03:34:56",43.8167,67.0467,178,23-OCT-12,"02:57","0311","SBE-19+","V",13.23,33.425,9.39,34.516,2,1.5,".63",1,5.2,174
"2012006HB","HB1206","2012","201204013400080338","Non-Representative",1294,"10",,,,,,23-OCT-12,"08:56:42",43.7483,67.245,170,23-OCT-12,"05:03","0312","SBE-19+","W",13.4,33.375,10.01,34.741,,,"3.9",0,5.2,163
"2012006HB","HB1206","2012","201204013400060337","Non-Representative",1294,"10",43.732012,-67.29023,183,,187,23-OCT-12,"05:51:21",43.7483,67.245,170,23-OCT-12,"05:03","0312","SBE-19+","W",13.4,33.375,10.01,34.741,13,2.19,".81",1,5.2,163
"2012006HB","HB1206","2012","201204013400030339","Representative",1297,"10",43.914775,-67.112258,156,,156,23-OCT-12,"12:15:07",43.8967,67.105,157,23-OCT-12,"11:39","0313","SBE-19+","V",13.22,33.418,9.38,34.517,1,1.13,".6",1,5.2,152
"2012006HB","HB1206","2012","201204013400040340","Representative",1296,"10",44.007198,-67.1697,146,,145,23-OCT-12,"14:49:16",43.9767,67.1683,140,23-OCT-12,"13:54","0314","SBE-19+","B",13.02,33.487,,,6,1.83,".92",0,5.2,129
"2012006HB","HB1206","2012","201204013510040341","Representative",1300,"10",44.169785,-67.135953,128,,126,23-OCT-12,"17:25:01",44.1883,67.14,125,23-OCT-12,"16:30","0315","SBE-19+","B",12.49,33.627,10.08,34.469,3,1.13,".92",1,5.3,117
"2012006HB","HB1206","2012","201204013510020342","Representative",1302,"10",44.187667,-67.084232,137,,136,23-OCT-12,"19:25:22",44.17,67.0883,93,23-OCT-12,"18:52","0316","SBE-19+","W",12.52,33.64,10.85,34.255,44,1.08,".56",0,5.8,89
"2012006HB","HB1206","2012","201204013510010343","Representative",1303,"10",44.181337,-66.888357,183,,184,23-OCT-12,"22:11:07",44.1633,66.88,182,23-OCT-12,"21:37","0317","SBE-19+","V",13.13,33.466,9.57,34.455,1,1.14,".57",1,5.3,178
"2012006HB","HB1206","2012","201204013510030344","Representative",1301,"10",44.25568,-66.880897,180,,181,23-OCT-12,"23:42:15",44.2383,66.8917,182,23-OCT-12,"23:05","0318","SBE-19+","V",13.09,33.497,9.68,34.47,2,1.14,".62",1,5.3,178
"2012006HB","HB1206","2012","201204013900010345","Representative",1377,"10",44.328467,-67.523233,101,,101,24-OCT-12,"04:09:24",44.3117,67.5567,104,24-OCT-12,"03:27","0319","SBE-19+","W",12.25,33.422,11.39,34.004,3,1.76,".71",1,6.2,96
"2012006HB","HB1206","2012","201204013900050346","Representative",2145,"10",44.251053,-67.679032,111,,104,24-OCT-12,"13:48:19",44.2433,67.7067,113,24-OCT-12,"13:15","0320","SBE-19+","V",12.21,33.458,11.02,34.177,2,1.28,".56",1,5.9,106
"2012006HB","HB1206","2012","201204013600050347","Representative",1308,"10",44.0444,-67.557813,219,,220,24-OCT-12,"16:34:06",44.0717,67.5633,207,24-OCT-12,"15:36","0321","SBE-19+","B",12.62,33.538,9.45,34.755,12,1.66,".97",1,4.9,203
"2012006HB","HB1206","2012","201204013600080348","Representative",1305,"10",43.655733,-67.519252,229,,230,24-OCT-12,"19:38:11",43.68,67.5017,227,24-OCT-12,"18:58","0322","SBE-19+","W",13.36,33.272,9.12,34.62,2,1.64,".67",1,5.2,224
"2012006HB","HB1206","2012","201204013600070349","Representative",1306,"10",43.682447,-67.788722,234,,235,24-OCT-12,"22:26:25",43.7017,67.765,236,24-OCT-12,"21:47","0323","SBE-19+","V",13.19,33.407,9.32,34.735,2,1.55,".66",1,4.9,233
"2012006HB","HB1206","2012","201204013900040350","Representative",1374,"10",43.884742,-68.395033,120,,120,25-OCT-12,"02:15:39",43.8733,68.4117,123,25-OCT-12,"01:47","0324","SBE-19+","V",12.29,33.46,11.29,34.071,3,1,".48",1,5.8,119
"2012006HB","HB1206","2012","201204013800070351","Representative",1366,"10",43.797773,-68.359853,151,,151,25-OCT-12,"04:57:26",43.8183,68.3333,143,25-OCT-12,"04:24","0325","SBE-19+","W",12.4,33.563,10.05,34.355,8,1.69,".56",1,5.3,137
"2012006HB","HB1206","2012","201204013800050352","Representative",1368,"10",43.359265,-68.297853,180,,176,25-OCT-12,"08:39:58",43.335,68.285,179,25-OCT-12,"08:05","0326","SBE-19+","V",12.7,33.466,8.49,34.426,1,1.56,".58",1,5.1,174
"2012006HB","HB1206","2012","201204013700060353","Representative",1359,"10",43.28206,-69.016792,163,,165,25-OCT-12,"13:11:30",43.295,69.0017,156,25-OCT-12,"12:35","0327","SBE-19+","V",12.96,33.354,8.66,34.057,7,1.02,".61",1,5.2,149
"2012006HB","HB1206","2012","201204035900020356","Representative",1350,"10",41.842222,-70.369097,27,,26,02-NOV-12,"00:30:23",41.8467,70.3483,28,02-NOV-12,"00:02","0328","SBE-19+","W",12.8,32.062,11.85,32.338,1,0.97,".47",1,7.1,24
"2012006HB","HB1206","2012","201204036000020357","Representative",1353,"10",41.950803,-70.288577,40,,41,02-NOV-12,"02:42:16",41.9367,70.275,37,02-NOV-12,"02:18","0329","SBE-19+","V",12.35,32.226,11.02,32.509,3,1.04,".4",1,6.5,34
"2012006HB","HB1206","2012","201204036000030358","Representative",1352,"10",41.9551,-70.18073,33,,34,02-NOV-12,"04:15:52",41.9517,70.165,32,02-NOV-12,"03:55","0330","SBE-19+","W",12.57,32.186,11.4,32.447,1,0.73,".35",1,6.9,27
"2012006HB","HB1206","2012","201204036000010359","Representative",1354,"10",41.992023,-70.201943,38,,40,02-NOV-12,"05:37:47",41.9883,70.1867,36,02-NOV-12,"05:18","0331","SBE-19+","V",12.56,32.189,10.86,32.499,2,0.72,".33",1,6.3,31
"2012006HB","HB1206","2012","201204036100010360","Representative",1168,"10",41.995568,-70.386698,50,,50,02-NOV-12,"07:51:33",41.9967,70.3667,51,02-NOV-12,"07:29","0332","SBE-19+","V",12.74,32.035,10.52,32.461,1,0.9,".38",1,5.4,45
"2012006HB","HB1206","2012","201204036100030361","Representative",1166,"10",42.017198,-70.424078,50,,49,02-NOV-12,"09:05:09",42.0333,70.425,52,02-NOV-12,"08:44","0333","SBE-19+","V",12.42,32.154,10.8,32.444,2,0.97,".35",1,5.8,48
"2012006HB","HB1206","2012","201204012600020362","Representative",1267,"10",42.237142,-70.235583,30,,30,02-NOV-12,"11:55:51",42.2567,70.24,32,02-NOV-12,"11:27","0334","SBE-19+","B",12.02,32.25,11.99,32.271,2,1.19,".48",1,7.7,27
"2012006HB","HB1206","2012","201204012600060363","Representative",1263,"10",42.197837,-70.176155,40,,40,02-NOV-12,"13:10:53",42.185,70.17,40,02-NOV-12,"12:51","0335","SBE-19+","V",11.95,32.131,11.97,32.374,0,0.82,".33",1,7.6,36
"2012006HB","HB1206","2012","201204012600050364","Non-Representative",1264,"10",42.409515,-70.116613,80,,80,02-NOV-12,"15:22:51",42.4267,70.1183,79,02-NOV-12,"15:00","0336","SBE-19+","V",12.31,32.23,9.13,32.895,1,1.03,".38",1,6.4,73
"2012006HB","HB1206","2012","201204012800020366","Representative",1279,"10",42.498243,-69.676898,259,,260,02-NOV-12,"21:01:24",42.4783,69.6683,262,02-NOV-12,"20:19","0338","SBE-19+","V",12.39,32.532,8.3,34.475,3,1.26,".71",1,4.9,256
"2012006HB","HB1206","2012","201204012700050367","Representative",1269,"10",42.581205,-69.986355,142,,140,02-NOV-12,"23:43:00",42.6067,69.99,133,02-NOV-12,"23:13","0339","SBE-19+","V",12.73,32.868,8.21,33.355,9,1.54,".5",1,5.9,126
"2012006HB","HB1206","2012","201204012700020368","Representative",1272,"10",42.819697,-70.021053,156,,155,03-NOV-12,"02:38:05",42.84,70.0217,159,03-NOV-12,"02:02","0340","SBE-19+","V",12.8,32.934,7.8,33.582,3,1.22,".6",1,5.6,155
"2012006HB","HB1206","2012","201204013700030369","Representative",1362,"10",42.910835,-69.603442,163,,163,03-NOV-12,"06:28:56",42.9267,69.5867,164,03-NOV-12,"05:25","0341","SBE-19+","B",12.68,32.874,8.06,33.779,1,1.2,"1.07",1,5.4,159
"2012006HB","HB1206","2012","201204012800010370","Representative",1280,"10",42.758872,-69.607803,229,,232,03-NOV-12,"09:10:00",42.7567,69.5533,206,03-NOV-12,"08:13","0342","SBE-19+","B",12.88,32.928,8.3,34.515,23,2.41,".95",1,4.8,202
"2012006HB","HB1206","2012","201204013700040371","Representative",1361,"10",42.781863,-69.500862,170,,173,03-NOV-12,"11:48:01",42.77,69.4783,177,03-NOV-12,"10:43","0343","SBE-19+","W",12.95,32.657,8.3,34.264,7,1.22,"1.08",1,5.2,173
"2012006HB","HB1206","2012","201204012800060372","Representative",1275,"10",42.62476,-69.255502,215,,217,03-NOV-12,"14:43:53",42.6067,69.2317,216,03-NOV-12,"14:04","0344","SBE-19+","V",13.32,32.475,8.3,34.502,1,1.51,".66",1,5,212
"2012006HB","HB1206","2012","201204012800040373","Representative",1277,"10",42.571383,-68.706945,199,,199,03-NOV-12,"18:36:56",42.5483,68.6983,194,03-NOV-12,"17:56","0345","SBE-19+","W",13.25,32.881,8.33,34.431,5,1.44,".68",1,5.2,188
"2013004HB","HB1304","2013","201304017400030017","Representative",3664,"10",38.657257,-73.471455,75,,75,07-SEP-13,"02:32:50",38.68,73.445,78,07-SEP-13,"01:46","0007","SBE-19+","B",23.53,32.575,9.95,33.727,3,1.85,".78",1,6.9,75
"2013004HB","HB1304","2013","201304017600030027","Representative",3737,"10",38.510367,-73.276602,263,,255,07-SEP-13,"05:20:21",38.495,73.3017,240,07-SEP-13,"04:30","0008","SBE-19+","W",23.6,32.888,10.81,35.364,23,1.5,".84",1,4.7,237
"2013004HB","HB1304","2013","201304017100030028","Representative",3728,"10",38.477747,-73.381395,119,,118,07-SEP-13,"07:20:48",38.51,73.385,111,07-SEP-13,"06:43","0009","SBE-19+","V",23.37,32.423,14.27,35.527,8,1.94,".63",1,5.9,107
"2013004HB","HB1304","2013","201304017000030029","Representative",3725,"10",38.568123,-73.635245,69,,69,07-SEP-13,"09:39:45",38.5767,73.62,70,07-SEP-13,"09:16","0010","SBE-19+","V",23.37,32.287,9.83,33.522,1,0.88,".4",1,7.1,66
"2013004HB","HB1304","2013","201304017200020030","Representative",3732,"10",38.410075,-73.57816,347,,341,07-SEP-13,"13:08:18",38.435,73.5567,171,07-SEP-13,"12:18","0011","SBE-19+","V",23.74,33.721,12.47,35.579,176,1.81,".84",0,5.8,167
"2013004HB","HB1304","2013","201304017200010031","Representative",3733,"10",38.258947,-73.609835,345,,353,07-SEP-13,"16:22:04",38.26,73.6267,294,07-SEP-13,"15:19","0012","SBE-19+","V",24.05,33.946,10.29,35.325,51,0.8,"1.05",1,4.6,293
"2013004HB","HB1304","2013","201304017000050033","Representative",3723,"10",38.383892,-73.930923,64,,64,07-SEP-13,"18:50:32",38.3967,73.915,64,07-SEP-13,"18:28","0013","SBE-19+","W",24.07,32.371,9.63,33.229,0,1.07,".38",1,6.3,62
"2013004HB","HB1304","2013","201304016900030035","Representative",3653,"10",38.256882,-74.292442,52,,51,07-SEP-13,"21:47:11",38.255,74.2533,51,07-SEP-13,"20:53","0014","SBE-19+","V",24.1,31.891,8.86,33.159,1,1.85,".9",1,6.7,45
"2013004HB","HB1304","2013","201304016900050036","Representative",3651,"10",38.128333,-74.509985,43,,43,08-SEP-13,"00:01:12",38.1367,74.4983,43,07-SEP-13,"23:39","0015","SBE-19+","V",24.2,32.395,8.97,33.036,0,0.75,".37",1,6.9,37
"2013004HB","HB1304","2013","201304016900060037","Representative",3650,"10",37.918087,-74.619943,46,,46,08-SEP-13,"02:20:41",37.9167,74.6367,46,08-SEP-13,"01:52","0016","SBE-19+","B",24.26,32.285,9.28,33.071,0,0.8,".48",1,6.9,43
"2013004HB","HB1304","2013","201304017000020038","Representative",3726,"10",38.020747,-74.307703,58,,58,08-SEP-13,"05:03:20",38.0217,74.3117,58,08-SEP-13,"04:17","0017","SBE-19+","B",24.08,32.417,9.4,33.255,0,0.2,".77",1,6.5,51
"2013004HB","HB1304","2013","201304017000010039","Representative",3727,"10",38.071533,-74.111455,79,,79,08-SEP-13,"07:09:26",38.055,74.13,81,08-SEP-13,"06:39","0018","SBE-19+","V",23.85,32.777,10,33.634,2,1.32,".51",1,6.9,79
"2013004HB","HB1304","2013","201304017100020040","Representative",3729,"10",38.10187,-73.89803,125,,126,08-SEP-13,"09:17:41",38.1183,73.8933,124,08-SEP-13,"08:51","0019","SBE-19+","V",24.12,33.975,13.09,35.506,1,1.01,".44",1,6,118
"2013004HB","HB1304","2013","201304017100010041","Representative",3730,"10",38.032247,-73.980968,126,,128,08-SEP-13,"10:49:55",38.055,73.955,124,08-SEP-13,"10:12","0020","SBE-19+","B",23.99,34.223,13.08,35.449,2,1.84,".63",1,6,116
"2013004HB","HB1304","2013","201304017200030042","Representative",3731,"10",37.88881,-73.997693,270,,275,08-SEP-13,"12:50:01",37.9233,73.9767,262,08-SEP-13,"11:57","0021","SBE-19+","V",23.92,34.045,10.14,35.296,8,2.3,".88",1,4.6,257
"2013004HB","HB1304","2013","201304017000040043","Representative",3724,"10",37.70501,-74.556425,57,,57,08-SEP-13,"16:33:21",37.7183,74.545,56,08-SEP-13,"16:09","0022","SBE-19+","W",24.22,32.856,9.23,33.269,1,0.97,".41",1,6.9,52
"2013004HB","HB1304","2013","201304016500050044","Representative",3712,"10",37.524425,-74.77003,57,,57,08-SEP-13,"19:05:26",37.5367,74.7483,57,08-SEP-13,"18:39","0023","SBE-19+","B",24.08,32.014,8.67,33.057,0,1.27,".44",1,6.8,54
"2013004HB","HB1304","2013","201304016500040045","Representative",3713,"10",37.51085,-74.693875,53,,53,08-SEP-13,"20:45:09",37.4983,74.7017,51,08-SEP-13,"20:22","0024","SBE-19+","V",24.16,32.449,8.92,33.224,2,0.84,".39",1,7.2,47
"2013004HB","HB1304","2013","201304016600010046","Representative",3719,"10",37.585688,-74.541702,65,,64,08-SEP-13,"22:47:46",37.5783,74.545,65,08-SEP-13,"22:16","0025","SBE-19+","B",24.51,32.956,9.54,33.417,0,0.47,".53",1,6.6,59
"2013004HB","HB1304","2013","201304016700030048","Representative",3720,"10",37.464852,-74.510045,142,,140,09-SEP-13,"02:23:48",37.4417,74.5083,115,09-SEP-13,"00:35","0026","SBE-19+","V",24.1,32.825,12.62,35.58,27,1.39,"1.81",0,5.9,113
"2013004HB","HB1304","2013","201304016700050047","Non-Representative",3720,"10",37.459497,-74.510633,109,,132,09-SEP-13,"01:05:19",37.4417,74.5083,115,09-SEP-13,"00:35","0026","SBE-19+","V",24.1,32.825,12.62,35.58,6,1.07,".51",1,5.9,113
"2013004HB","HB1304","2013","201304016800020049","Representative",3647,"10",37.447568,-74.494107,320,,320,09-SEP-13,"04:33:58",37.4167,74.4983,177,09-SEP-13,"03:52","0027","SBE-19+","V",24.04,33.214,12.26,35.575,143,1.86,".7",0,5.6,173
"2013004HB","HB1304","2013","201304016800010050","Representative",3648,"10",37.3505,-74.473908,214,,216,09-SEP-13,"06:41:08",37.3767,74.4733,170,09-SEP-13,"06:00","0028","SBE-19+","V",24.06,33.633,12.16,35.556,44,1.57,".69",0,5.6,167
"2013004HB","HB1304","2013","201304016600030051","Representative",3717,"10",37.060675,-74.790953,68,,67,09-SEP-13,"09:44:07",37.0467,74.79,68,09-SEP-13,"09:20","0029","SBE-19+","W",24.16,32.981,8.78,33.299,0,0.84,".4",1,6.9,65
"2013004HB","HB1304","2013","201304016600040052","Non-Representative",3718,"10",37.010102,-74.826505,59,,60,09-SEP-13,"11:46:46",37.005,74.82,60,09-SEP-13,"10:50","0030","SBE-19+","V",24.24,33.129,8.78,33.272,1,0.44,".95",1,7.1,56
"2013004HB","HB1304","2013","201304016600020053","Representative",3718,"10",37.02234,-74.830732,60,,60,09-SEP-13,"12:43:21",37.005,74.82,60,09-SEP-13,"10:50","0030","SBE-19+","V",24.24,33.129,8.78,33.272,0,1.16,"1.89",1,7.1,56
"2013004HB","HB1304","2013","201304016700040054","Representative",3722,"10",36.881443,-74.6466,138,,141,09-SEP-13,"15:43:08",36.9067,74.6467,107,09-SEP-13,"15:00","0031","SBE-19+","V",24.31,33.194,11.54,34.564,31,1.52,".72",0,6.6,102
"2013004HB","HB1304","2013","201304016700010055","Representative",4498,"10",36.813653,-74.664323,142,,140,09-SEP-13,"17:31:15",36.7883,74.67,124,09-SEP-13,"16:57","0032","SBE-19+","W",24.53,33.659,12.46,35.092,18,1.55,".57",1,6.4,121
"2013004HB","HB1304","2013","201304016800030056","Representative",3646,"10",36.609882,-74.71033,211,,211,09-SEP-13,"20:41:36",36.6317,74.7117,174,09-SEP-13,"20:06","0033","SBE-19+","V",24.63,33.058,12.67,35.65,37,1.31,".59",0,5.9,173
"2013004HB","HB1304","2013","201304016500010057","Representative",3716,"10",36.551643,-74.814263,51,,50,09-SEP-13,"22:25:14",36.5617,74.8083,53,09-SEP-13,"21:57","0034","SBE-19+","B",24.81,33.124,9.01,33.151,2,0.67,".47",1,7.3,48
"2013004HB","HB1304","2013","201304016100010058","Representative",3706,"10",36.400405,-75.101088,35,,37,10-SEP-13,"00:59:22",36.415,75.115,45,10-SEP-13,"00:24","0035","SBE-19+","B",24.89,32.715,10.74,33.009,10,1.1,".59",0,7.5,38
"2013004HB","HB1304","2013","201304016400030059","Representative",3643,"10",36.237782,-74.76343,288,,285,10-SEP-13,"04:29:57",36.2733,74.78,216,10-SEP-13,"03:41","0036","SBE-19+","V",24.65,33.436,11.41,35.46,72,2.28,".82",0,4.8,211
"2013004HB","HB1304","2013","201304016200030060","Representative",3707,"10",36.130848,-74.912153,74,,74,10-SEP-13,"06:29:56",36.1517,74.91,73,10-SEP-13,"06:02","0037","SBE-19+","V",24.55,33.477,9.47,33.231,1,1.26,".47",1,7.5,70
"2013004HB","HB1304","2013","201304016300020061","Representative",3641,"10",36.163853,-74.792628,146,,148,10-SEP-13,"08:39:45",36.1833,74.79,155,10-SEP-13,"08:09","0038","SBE-19+","V",24.63,33.444,13.43,35.743,9,1.17,".51",1,5.8,150
"2013004HB","HB1304","2013","201304016400020062","Representative",3644,"10",36.149873,-74.776163,258,,255,10-SEP-13,"10:55:42",36.1717,74.7767,258,10-SEP-13,"10:16","0039","SBE-19+","V",24.71,33.434,11.58,35.489,0,1.31,".66",1,4.9,255
"2013004HB","HB1304","2013","201304016400010063","Representative",3645,"10",36.054252,-74.772935,344,,343,10-SEP-13,"13:41:25",36.02,74.785,314,10-SEP-13,"12:37","0040","SBE-19+","V",24.68,33.304,8.65,35.162,30,2.14,"1.07",1,4.8,311
"2013004HB","HB1304","2013","201304016200010064","Representative",3709,"10",36.081055,-74.81391,119,,119,10-SEP-13,"15:22:21",36.1033,74.8117,122,10-SEP-13,"14:51","0041","SBE-19+","V",24.81,33.349,13.48,35.731,3,1.34,".52",1,5.6,119
"2013004HB","HB1304","2013","201304016300030065","Representative",3640,"10",35.978747,-74.80986,150,,150,10-SEP-13,"16:51:50",36,74.8083,152,10-SEP-13,"16:19","0042","SBE-19+","W",25.21,33.246,12.98,35.694,2,1.28,".55",1,5.7,149
"2013004HB","HB1304","2013","201304016200020066","Representative",3708,"10",35.831558,-74.938198,66,,66,10-SEP-13,"18:54:32",35.84,74.9417,66,10-SEP-13,"18:23","0043","SBE-19+","B",26.04,32.402,9.6,33.564,0,0.54,".53",1,7.3,60
"2013004HB","HB1304","2013","201304016300010067","Representative",3642,"10",35.711032,-74.840438,123,,122,10-SEP-13,"20:54:34",35.6933,74.8417,110,10-SEP-13,"20:27","0044","SBE-19+","V",25.26,31.613,10.47,33.997,13,1.07,".46",1,6.6,106
"2013004HB","HB1304","2013","201304016100020068","Representative",3705,"10",35.69204,-75.061198,43,,43,10-SEP-13,"23:05:29",35.7033,75.0617,44,10-SEP-13,"22:36","0045","SBE-19+","B",25.92,32.71,11.91,33.405,1,0.68,".49",1,7.6,38
"2013004HB","HB1304","2013","201304034400010069","Representative",3760,"10",35.500432,-75.244902,31,,31,11-SEP-13,"01:13:36",35.515,75.2433,31,11-SEP-13,"00:51","0046","SBE-19+","V",25.65,31.575,18.23,33.337,0,0.88,".38",1,6.2,25
"2013004HB","HB1304","2013","201304034400030070","Representative",3758,"10",35.381257,-75.344755,25,,26,11-SEP-13,"02:57:24",35.3933,75.36,25,11-SEP-13,"02:32","0047","SBE-19+","B",25.52,31.675,24.94,34.374,0,1.04,".42",1,5.6,20
"2013004HB","HB1304","2013","201304085000020071","Representative",3828,"10",35.313793,-75.105795,32,,32,11-SEP-13,"05:00:30",35.33,75.1183,34,11-SEP-13,"04:32","0048","SBE-19+","V",27.79,35.548,27.13,36.096,2,1.15,".48",1,6.8,29
"2013004HB","HB1304","2013","201304085100020072","Representative",3831,"10",35.171567,-75.169965,71,,71,11-SEP-13,"07:12:00",35.1583,75.1867,72,11-SEP-13,"06:44","0049","SBE-19+","V",27.81,36.078,19.13,36.366,1,1.14,".47",1,4.7,67
"2013004HB","HB1304","2013","201304085100030074","Representative",3830,"10",35.115517,-75.257185,69,,69,11-SEP-13,"10:04:58",35.1117,75.24,75,11-SEP-13,"08:28","0050","SBE-19+","V",27.77,36.073,18.75,36.301,6,0.88,"1.62",1,4.8,70
"2013004HB","HB1304","2013","201304085100040073","Non-Representative",3830,"10",35.100355,-75.247498,72,,73,11-SEP-13,"08:54:49",35.1117,75.24,75,11-SEP-13,"08:28","0050","SBE-19+","V",27.77,36.073,18.75,36.301,3,0.77,".45",1,4.8,70
"2013004HB","HB1304","2013","201304085100010075","Representative",3832,"10",35.074827,-75.337237,61,,61,11-SEP-13,"11:57:29",35.0667,75.3533,61,11-SEP-13,"11:34","0051","SBE-19+","V",27.71,35.38,20.29,36.308,0,0.93,".39",1,5.3,56
"2013004HB","HB1304","2013","201304075200030076","Representative",4604,"10",35.108285,-75.361108,24,,25,11-SEP-13,"13:15:24",35.115,75.345,26,11-SEP-13,"12:54","0052","SBE-19+","V",25.6,33.015,25.52,36.164,2,0.89,".36",1,6.5,19
"2013004HB","HB1304","2013","201304085000010077","Representative",3829,"10",35.029602,-75.507765,38,,38,11-SEP-13,"14:48:45",35.035,75.4933,38,11-SEP-13,"14:25","0053","SBE-19+","V",27.19,35.018,24.81,36.241,0,0.78,".4",1,6.5,32
"2013004HB","HB1304","2013","201304075200020078","Representative",3825,"10",34.988183,-75.885577,25,,26,11-SEP-13,"17:21:56",34.9983,75.89,25,11-SEP-13,"16:59","0054","SBE-19+","W",27.26,35.661,27,35.668,0,0.65,".38",1,6.7,20
"2013004HB","HB1304","2013","201304075200010079","Representative",3826,"10",34.885715,-75.81193,27,,28,11-SEP-13,"18:46:43",34.895,75.8133,26,11-SEP-13,"18:27","0055","SBE-19+","V",27.94,36.118,27.6,36.065,1,0.56,".33",1,6.9,22
"2013004HB","HB1304","2013","201304085000030080","Representative",3827,"10",34.808477,-75.6817,44,,45,11-SEP-13,"20:18:16",34.8183,75.6817,43,11-SEP-13,"19:58","0056","SBE-19+","V",28.55,36.049,24.74,36.317,1,0.59,".34",1,6.2,40
"2013004HB","HB1304","2013","201304085200010081","Representative",3770,"10",34.605738,-75.699303,135,,136,11-SEP-13,"22:24:28",34.615,75.6883,136,11-SEP-13,"21:55","0057","SBE-19+","V",27.97,36.145,13.99,35.781,1,0.78,".49",1,4.5,133
"2013004HB","HB1304","2013","201304085300010082","Representative",3773,"10",34.499072,-75.709192,305,,304,12-SEP-13,"00:32:01",34.5317,75.6833,312,11-SEP-13,"23:25","0058","SBE-19+","V",27.92,36.149,8.91,35.14,7,2.34,"1.12",1,4.5,309
"2013004HB","HB1304","2013","201304085300030083","Representative",3771,"10",34.947357,-75.287993,303,,302,12-SEP-13,"05:36:50",34.9667,75.2683,292,12-SEP-13,"04:23","0059","SBE-19+","V",28.57,36.037,8.7,35.124,11,1.51,"1.23",1,4.7,287
"2013004HB","HB1304","2013","201304085300020084","Representative",3772,"10",35.028473,-75.185003,349,,353,12-SEP-13,"08:31:14",35.0433,75.1683,368,12-SEP-13,"07:10","0060","SBE-19+","V",28.27,36.113,7.35,35.078,19,1.21,"1.35",1,5.5,359
"2013004HB","HB1304","2013","201304085200030085","Representative",3768,"10",35.15474,-75.109547,174,,173,12-SEP-13,"10:50:18",35.1667,75.095,176,12-SEP-13,"10:12","0061","SBE-19+","V",28.38,36.052,13.29,35.682,2,1.01,".64",1,4.4,169
"2013004HB","HB1304","2013","201304085200020086","Representative",3769,"10",35.216892,-75.047935,153,,156,12-SEP-13,"12:52:13",35.2367,75.02,174,12-SEP-13,"12:04","0062","SBE-19+","V",28.25,36.065,13.45,35.697,21,1.81,".8",1,4.5,168
"2013004HB","HB1304","2013","201304034400040087","Representative",3757,"10",35.687115,-75.310705,25,,25,12-SEP-13,"17:00:38",35.6717,75.31,26,12-SEP-13,"16:22","0063","SBE-19+","W",26.41,31.819,15.83,33.495,1,0.93,".64",1,6.5,21
"2013004HB","HB1304","2013","201304034400020088","Representative",3759,"10",35.772953,-75.39885,28,,28,12-SEP-13,"18:24:02",35.76,75.395,30,12-SEP-13,"18:04","0064","SBE-19+","V",26.17,31.51,18.25,33.078,2,0.8,".33",1,6.6,25
"2013004HB","HB1304","2013","201304034100040090","Representative",3753,"10",35.90181,-75.34136,27,,24,12-SEP-13,"21:38:33",35.9067,75.335,31,12-SEP-13,"19:45","0065","SBE-19+","V",26.12,31.088,14.33,33.487,4,0.43,"1.89",1,7.2,28
"2013004HB","HB1304","2013","201304016100040091","Representative",3703,"10",36.0874,-75.28888,35,,35,12-SEP-13,"23:44:11",36.0717,75.2817,35,12-SEP-13,"23:23","0066","SBE-19+","V",25.83,31.662,13.62,33.282,0,1.01,".35",1,7.4,30
"2013004HB","HB1304","2013","201304034100020092","Representative",3755,"10",36.071462,-75.469198,28,,25,13-SEP-13,"01:41:49",36.06,75.4617,29,13-SEP-13,"01:16","0067","SBE-19+","V",25.79,31.503,15.93,32.994,1,0.78,".43",1,6.5,26
"2013004HB","HB1304","2013","201304034100010093","Representative",3756,"10",36.126042,-75.483485,25,,25,13-SEP-13,"02:54:45",36.1317,75.4683,29,13-SEP-13,"02:31","0068","SBE-19+","V",25.47,31.647,13.64,33.2,4,0.81,".4",1,7.1,24
"2013004HB","HB1304","2013","201304034100050094","Representative",3752,"10",36.099323,-75.564563,26,,26,13-SEP-13,"04:10:00",36.115,75.5617,26,13-SEP-13,"03:47","0069","SBE-19+","V",25.46,31.249,18.72,32.666,0,0.95,".38",1,6.7,19
"2013004HB","HB1304","2013","201304034100030095","Representative",3754,"10",36.222303,-75.500588,30,,30,13-SEP-13,"06:11:46",36.24,75.495,31,13-SEP-13,"05:46","0070","SBE-19+","B",25.4,31.069,12.97,33.27,1,1.1,".43",1,7.4,22
"2013004HB","HB1304","2013","201304016100030096","Representative",3704,"10",36.213252,-75.403195,31,,31,13-SEP-13,"07:49:45",36.21,75.4267,31,13-SEP-13,"07:07","0071","SBE-19+","V",24.99,31.618,13.21,33.298,0,1.16,".71",1,7.7,26
"2013004HB","HB1304","2013","201304016100050097","Representative",3702,"10",36.451928,-75.432488,29,,29,13-SEP-13,"10:45:50",36.4417,75.4317,29,13-SEP-13,"10:26","0072","SBE-19+","V",25.12,32.276,12.56,33.202,0,0.62,".33",1,7.7,24
"2013004HB","HB1304","2013","201304016500020098","Representative",3715,"10",36.595725,-75.33131,36,,35,13-SEP-13,"12:36:49",36.58,75.335,32,13-SEP-13,"12:08","0073","SBE-19+","B",24.94,31.903,11.74,33.036,4,0.96,".48",1,7.7,27
"2013004HB","HB1304","2013","201304016500070099","Representative",3710,"10",36.657545,-75.257213,36,,35,13-SEP-13,"14:18:57",36.6583,75.23,25,13-SEP-13,"13:51","0074","SBE-19+","B",25.23,31.597,23.47,32.779,11,1.31,".47",0,7.5,15
"2013004HB","HB1304","2013","201304033800030100","Representative",3482,"10",36.655702,-75.693088,19,,20,14-SEP-13,"00:20:51",36.645,75.6983,19,14-SEP-13,"00:01","0075","SBE-19+","W",24.85,31.923,16.62,32.709,0,0.69,".33",1,6.8,16
"2013004HB","HB1304","2013","201304033800010101","Representative",3484,"10",36.685085,-75.675627,21,,20,14-SEP-13,"01:19:09",36.6733,75.6783,21,14-SEP-13,"00:59","0076","SBE-19+","V",24.94,31.839,17.64,32.632,0,0.72,".34",1,6.7,17
"2013004HB","HB1304","2013","201304033800020102","Representative",3483,"10",36.917758,-75.661753,22,,23,14-SEP-13,"03:34:35",36.905,75.6683,22,14-SEP-13,"03:07","0077","SBE-19+","B",25.27,30.768,19.8,32.372,0,0.83,".46",1,6,19
"2013004HB","HB1304","2013","201304016500060103","Representative",3711,"10",37.016713,-75.403818,30,,30,14-SEP-13,"05:52:13",36.9967,75.405,34,14-SEP-13,"05:25","0078","SBE-19+","B",24.83,31.242,11.49,32.829,4,1.2,".45",1,6.2,27
"2013004HB","HB1304","2013","201304033500030104","Representative",3749,"10",37.231258,-75.53219,24,,24,14-SEP-13,"08:10:00",37.2183,75.5417,23,14-SEP-13,"07:45","0079","SBE-19+","B",24.85,29.733,15.92,32.33,1,0.9,".42",1,5.3,16
"2013004HB","HB1304","2013","201304033500020105","Representative",3750,"10",37.288468,-75.48344,24,,24,14-SEP-13,"09:14:38",37.2767,75.4883,23,14-SEP-13,"08:56","0080","SBE-19+","V",24.76,30.13,14.28,32.372,1,0.74,".31",1,5.9,18
"2013004HB","HB1304","2013","201304033500010106","Representative",3751,"10",37.308098,-75.49661,22,,23,14-SEP-13,"10:19:36",37.2983,75.5083,22,14-SEP-13,"10:00","0081","SBE-19+","V",24.6,30.138,14.53,32.369,0,0.81,".33",1,5.6,17
"2013004HB","HB1304","2013","201304016500030107","Representative",3714,"10",37.589085,-75.255662,25,,26,14-SEP-13,"13:04:41",37.5767,75.2583,26,14-SEP-13,"12:42","0082","SBE-19+","V",24.06,31.693,14.38,32.256,1,0.75,".38",1,5.2,20
"2013004HB","HB1304","2013","201304033200020108","Representative",3747,"10",37.613447,-75.36129,19,,17,14-SEP-13,"14:27:50",37.6017,75.3617,18,14-SEP-13,"14:10","0083","SBE-19+","V",23.96,31.305,23.88,31.314,1,0.71,".3",1,7,12
"2013004HB","HB1304","2013","201304033200030109","Representative",3746,"10",37.65029,-75.359415,17,,17,14-SEP-13,"15:34:18",37.64,75.3733,16,14-SEP-13,"15:09","0084","SBE-19+","V",23.58,31.462,19.6,31.764,1,0.9,".42",1,6.6,13
"2013004HB","HB1304","2013","201304033200010110","Representative",3748,"10",37.70215,-75.278678,24,,23,14-SEP-13,"16:58:11",37.6883,75.3,23,14-SEP-13,"16:26","0085","SBE-19+","W",23.39,31.813,15.12,32.231,1,1.31,".54",1,4,18
"2013004HB","HB1304","2013","201304032900020111","Representative",3744,"10",38.098995,-74.963713,24,,24,14-SEP-13,"20:19:13",38.0867,74.9617,23,14-SEP-13,"20:02","0086","SBE-19+","V",22.96,31.527,14.05,32.488,1,0.74,".29",1,5.6,20
"2013004HB","HB1304","2013","201304032900010112","Representative",3745,"10",38.157128,-74.917655,26,,27,14-SEP-13,"22:03:27",38.145,74.9217,27,14-SEP-13,"21:34","0087","SBE-19+","B",22.84,31.432,13.8,32.57,1,0.75,".49",1,5.4,23
"2013004HB","HB1304","2013","201304032900030113","Representative",3743,"10",38.24186,-74.936422,23,,23,14-SEP-13,"23:17:16",38.2367,74.95,23,14-SEP-13,"23:01","0088","SBE-19+","V",22.32,31.301,17.91,31.879,0,0.71,".27",1,4.7,18
"2013004HB","HB1304","2013","201304016900020114","Representative",3654,"10",38.341527,-74.74157,29,,29,15-SEP-13,"01:10:38",38.3317,74.7467,28,15-SEP-13,"00:50","0089","SBE-19+","V",23.26,31.928,11.64,32.767,1,0.64,".34",1,5.8,25
"2013004HB","HB1304","2013","201304032600020115","Representative",3741,"10",38.736878,-74.839853,18,,18,15-SEP-13,"04:16:51",38.7267,74.85,20,15-SEP-13,"03:57","0090","SBE-19+","V",19.06,31.477,17.27,31.999,2,0.77,".33",1,5.6,13
"2013004HB","HB1304","2013","201304032600010116","Representative",3742,"10",38.76112,-74.80861,19,,19,15-SEP-13,"05:25:46",38.7517,74.8217,18,15-SEP-13,"04:56","0091","SBE-19+","V",19.51,31.37,16.46,32.062,1,0.83,".5",1,5.5,12
"2013004HB","HB1304","2013","201304032600030117","Representative",3740,"10",38.816357,-74.744425,22,,22,15-SEP-13,"06:36:33",38.81,74.755,23,15-SEP-13,"06:18","0092","SBE-19+","V",20.28,31.139,15.11,32.293,1,0.63,".31",1,5.9,18
"2013004HB","HB1304","2013","201304016900070118","Representative",3649,"10",38.885845,-74.503228,23,,23,15-SEP-13,"08:48:58",38.8817,74.5183,30,15-SEP-13,"08:14","0093","SBE-19+","B",22.67,31.6,12.52,32.804,7,0.75,".58",0,6.4,23
"2013004HB","HB1304","2013","201304016900010119","Representative",3655,"10",38.825833,-74.43125,28,,28,15-SEP-13,"10:11:06",38.815,74.4417,25,15-SEP-13,"09:49","0094","SBE-19+","B",22.95,31.737,13.19,32.753,3,0.81,".37",1,7.9,18
"2013004HB","HB1304","2013","201304017300050120","Representative",3657,"10",38.96413,-74.085795,40,,39,15-SEP-13,"12:57:21",38.9583,74.1033,39,15-SEP-13,"12:12","0095","SBE-19+","V",22.32,31.888,10.41,33.062,1,0.89,".76",1,6.7,33
"2013004HB","HB1304","2013","201304017300060121","Representative",3656,"10",38.880195,-74.031837,41,,41,15-SEP-13,"14:36:49",38.8717,74.0483,43,15-SEP-13,"14:13","0096","SBE-19+","B",23.21,32.2,10.48,33.087,2,0.92,".4",1,7.1,39
"2013004HB","HB1304","2013","201304017300040122","Representative",3658,"10",38.955852,-73.586753,50,,50,15-SEP-13,"17:28:30",38.9483,73.5983,50,15-SEP-13,"17:00","0097","SBE-19+","B",23.19,31.888,9.93,33.011,0,0.7,".48",1,6.1,48
"2013004HB","HB1304","2013","201304017400050123","Representative",3662,"10",38.855543,-73.392723,68,,68,15-SEP-13,"19:34:27",38.8433,73.4067,70,15-SEP-13,"19:08","0098","SBE-19+","W",23.47,32.036,9.7,33.464,2,0.98,".44",1,6.4,67
"2013004HB","HB1304","2013","201304017500030124","Representative",3734,"10",38.670567,-73.137418,159,,160,15-SEP-13,"22:09:52",38.6583,73.155,155,15-SEP-13,"21:39","0099","SBE-19+","V",23.22,32.202,13.27,35.693,4,1.11,".51",1,6,153
"2013004HB","HB1304","2013","201304017600010125","Representative",3739,"10",38.709913,-73.064933,221,,221,15-SEP-13,"23:56:38",38.6933,73.09,196,15-SEP-13,"22:56","0100","SBE-19+","B",23.21,32.168,12.27,35.571,25,1.54,"1.01",1,5.5,193
"2013004HB","HB1304","2013","201304017500010126","Representative",3736,"10",38.839673,-72.992423,119,,120,16-SEP-13,"01:56:39",38.8233,73.0083,141,16-SEP-13,"01:11","0101","SBE-19+","V",22.57,31.995,13.14,35.668,22,1.23,".76",0,6,140
"2013004HB","HB1304","2013","201304017500020127","Representative",3735,"10",38.964413,-72.88723,115,,116,16-SEP-13,"03:53:32",38.955,72.8933,113,16-SEP-13,"03:18","0102","SBE-19+","B",22.17,32.194,13.19,35.478,2,0.63,".59",1,5.7,108
"2013004HB","HB1304","2013","201304017600020128","Representative",3738,"10",39.02347,-72.788327,229,,233,16-SEP-13,"05:43:43",39.0433,72.7817,130,16-SEP-13,"05:12","0103","SBE-19+","V",22.55,33.353,12.45,35.583,99,1.23,".53",0,5.5,127
"2013004HB","HB1304","2013","201304010400020129","Representative",3794,"10",39.23115,-72.463492,214,,218,16-SEP-13,"08:56:07",39.2417,72.44,218,16-SEP-13,"08:19","0104","SBE-19+","V",22.24,33.832,11.3,35.44,4,1.26,".62",1,4.7,213
"2013004HB","HB1304","2013","201304010300040130","Representative",3789,"10",39.303113,-72.486108,145,,144,16-SEP-13,"10:39:12",39.3083,72.4617,146,16-SEP-13,"10:09","0105","SBE-19+","V",22.24,33.848,12.92,35.663,1,1.18,".5",1,5.8,141
"2013004HB","HB1304","2013","201304010300030131","Representative",3790,"10",39.333585,-72.622635,126,,125,16-SEP-13,"12:30:36",39.3583,72.6033,127,16-SEP-13,"11:52","0106","SBE-19+","B",22.04,33.656,13.47,35.552,1,1.73,".64",1,5.6,120
"2013004HB","HB1304","2013","201304010200060132","Representative",3783,"10",39.541423,-72.650683,77,,77,16-SEP-13,"14:55:35",39.5417,72.6717,77,16-SEP-13,"14:28","0107","SBE-19+","V",21.81,33.153,12.6,34.89,0,0.97,".46",1,5.9,72
"2013004HB","HB1304","2013","201304010300020133","Representative",3791,"10",39.5388,-72.44782,124,,124,16-SEP-13,"16:57:11",39.525,72.4633,114,16-SEP-13,"16:20","0108","SBE-19+","W",21.69,33.274,13.3,35.634,10,1.1,".62",1,5.6,111
"2013004HB","HB1304","2013","201304010200070134","Representative",3782,"10",39.798323,-72.583068,61,,61,16-SEP-13,"19:27:56",39.78,72.5883,62,16-SEP-13,"19:02","0109","SBE-19+","B",21.75,32.948,10.51,33.414,1,1.13,".43",1,7.3,58
"2013004HB","HB1304","2013","201304010200050135","Representative",3784,"10",39.80457,-72.692158,58,,58,16-SEP-13,"21:35:57",39.7967,72.6967,57,16-SEP-13,"20:37","0110","SBE-19+","B",21.86,32.95,11.07,33.578,1,0.52,".98",1,7.3,52
"2013004HB","HB1304","2013","201304010200030136","Representative",3786,"10",39.778325,-72.834918,72,,73,16-SEP-13,"23:14:48",39.7717,72.82,72,16-SEP-13,"22:54","0111","SBE-19+","V",22.04,33.232,11.32,33.955,0,0.8,".35",1,6.7,69
"2013004HB","HB1304","2013","201304010100050137","Representative",3776,"10",39.941803,-72.77299,57,,57,17-SEP-13,"01:16:18",39.9267,72.7717,58,17-SEP-13,"00:47","0112","SBE-19+","B",21.4,32.648,9.57,33.241,1,0.91,".49",1,6.7,54
"2013004HB","HB1304","2013","201304010100040138","Representative",3777,"10",40.059647,-72.744533,58,,58,17-SEP-13,"02:48:55",40.0417,72.74,58,17-SEP-13,"02:21","0113","SBE-19+","B",20.84,32.003,9.65,33.117,0,1.1,".47",1,6.4,53
"2013004HB","HB1304","2013","201304010200040139","Representative",3785,"10",40.068983,-72.453818,63,,63,17-SEP-13,"05:20:05",40.06,72.465,62,17-SEP-13,"04:50","0114","SBE-19+","V",21.43,33.126,10.48,33.455,1,0.75,".5",1,6.8,60
"2013004HB","HB1304","2013","201304010200080140","Representative",3781,"10",39.805808,-72.512748,65,,66,17-SEP-13,"08:01:52",39.7933,72.5183,66,17-SEP-13,"07:38","0115","SBE-19+","V",21.48,32.963,10.33,33.406,1,0.79,".4",1,7,62
"2013004HB","HB1304","2013","201304010300010141","Representative",3792,"10",39.540567,-72.209278,153,,151,17-SEP-13,"12:29:51",39.5233,72.2283,160,17-SEP-13,"11:53","0116","SBE-19+","V",22.16,34.025,12.25,35.576,7,1.36,".61",1,5.4,157
"2013004HB","HB1304","2013","201304010400010142","Representative",3795,"10",39.656385,-72.014578,195,,202,17-SEP-13,"14:42:33",39.6433,72.03,183,17-SEP-13,"14:09","0117","SBE-19+","V",22.33,33.937,12.53,35.611,12,1.06,".56",1,5.5,178
"2013004HB","HB1304","2013","201304010400030143","Representative",3793,"10",39.736492,-71.935443,193,,191,17-SEP-13,"16:34:46",39.715,71.9583,188,17-SEP-13,"15:47","0118","SBE-19+","W",22.51,34.327,,,5,1.67,".8",0,5.6,174
"2013004HB","HB1304","2013","201304010200010144","Representative",3788,"10",39.957023,-71.887165,103,,104,17-SEP-13,"18:56:41",39.945,71.9067,103,17-SEP-13,"18:21","0119","SBE-19+","B",20.86,33.255,13.09,35.354,0,1.15,".59",1,5.7,99
"2013004HB","HB1304","2013","201304010700030145","Representative",3810,"10",39.942487,-71.643395,119,,119,17-SEP-13,"20:55:43",39.94,71.6617,118,17-SEP-13,"20:28","0120","SBE-19+","V",21.8,34.085,13.16,35.567,1,0.86,".46",1,5.7,116
"2013004HB","HB1304","2013","201304010800020146","Representative",3814,"10",40.048985,-71.18291,214,,214,18-SEP-13,"00:05:29",40.0383,71.21,218,17-SEP-13,"23:23","0121","SBE-19+","V",21.39,33.856,11.94,35.526,4,1.4,".71",1,5.2,214
"2013004HB","HB1304","2013","201304010800030147","Representative",3813,"10",40.061653,-71.015518,222,,221,18-SEP-13,"02:05:47",40.0633,71.0467,215,18-SEP-13,"01:19","0122","SBE-19+","V",21.71,33.994,12.47,35.604,7,1.44,".78",1,5.4,212
"2013004HB","HB1304","2013","201304010700020148","Representative",3811,"10",40.121407,-70.768245,138,,137,18-SEP-13,"04:22:51",40.12,70.7867,139,18-SEP-13,"03:50","0123","SBE-19+","V",19.94,33.453,13.57,35.6,1,0.85,".55",1,5.8,136
"2013004HB","HB1304","2013","201304010800010150","Representative",3815,"10",40.052417,-70.518905,200,,198,18-SEP-13,"08:03:48",40.045,70.5417,179,18-SEP-13,"06:48","0124","SBE-19+","B",21.32,34.01,10.91,35.39,21,1.14,"1.26",1,4.6,170
"2013004HB","HB1304","2013","201304011200020151","Representative",3505,"10",40.04153,-70.374008,191,,191,18-SEP-13,"10:49:03",40.0417,70.345,192,18-SEP-13,"10:01","0125","SBE-19+","B",21.68,34.177,11.98,35.527,1,1.33,".8",1,5,186
"2013004HB","HB1304","2013","201304011200030152","Representative",3504,"10",39.96342,-70.39892,366,,362,18-SEP-13,"13:11:07",39.965,70.4133,346,18-SEP-13,"12:01","0126","SBE-19+","V",22.55,34.772,7.46,35.099,20,0.67,"1.17",1,5.6,345
"2013004HB","HB1304","2013","201304011200010153","Representative",3506,"10",39.949883,-70.034033,260,,259,18-SEP-13,"16:33:56",39.95,70.0967,325,18-SEP-13,"15:07","0127","SBE-19+","V",23.12,35.11,9.34,35.221,65,2.88,"1.45",0,4.7,321
"2013004HB","HB1304","2013","201304011000070154","Representative",3493,"10",40.13717,-69.87553,106,,105,18-SEP-13,"19:54:47",40.1333,69.8933,108,18-SEP-13,"19:15","0128","SBE-19+","B",22.61,34.65,13.05,35.412,2,0.85,".66",1,5.7,104
"2013004HB","HB1304","2013","201304010500040156","Representative",3797,"10",40.67966,-71.990517,52,,52,24-SEP-13,"00:56:06",40.68,71.9783,50,24-SEP-13,"00:09","0129","SBE-19+","B",18.03,31.742,12.52,32.953,2,0.56,".78",1,6.7,43
"2013004HB","HB1304","2013","201304010600060157","Representative",3803,"10",40.531548,-71.942222,65,,65,24-SEP-13,"02:54:58",40.53,71.9567,64,24-SEP-13,"02:27","0130","SBE-19+","B",19.15,32.46,11.03,33.151,1,0.67,".47",1,6.1,58
"2013004HB","HB1304","2013","201304010600040158","Representative",3805,"10",40.49546,-71.585057,77,,77,24-SEP-13,"05:48:23",40.475,71.5783,79,24-SEP-13,"05:18","0131","SBE-19+","B",19.06,32.796,11.35,33.948,2,1.27,".51",1,5.9,75
"2013004HB","HB1304","2013","201304010600030159","Representative",3806,"10",40.300013,-72.04314,63,,63,24-SEP-13,"09:06:59",40.2817,72.0417,63,24-SEP-13,"08:42","0132","SBE-19+","B",20.02,33.019,10.7,33.395,0,1.1,".42",1,6.5,59
"2013004HB","HB1304","2013","201304010200020160","Representative",3787,"10",40.322635,-72.30264,58,,59,24-SEP-13,"11:45:13",40.3067,72.3,57,24-SEP-13,"10:50","0133","SBE-19+","B",19.69,32.794,10.33,32.995,1,0.96,".92",1,6.2,52
"2013004HB","HB1304","2013","201304010100070161","Representative",3774,"10",40.324483,-73.083342,40,,40,24-SEP-13,"15:52:52",40.3267,73.065,41,24-SEP-13,"15:30","0134","SBE-19+","W",18.1,32.138,12.02,32.665,1,0.85,".38",1,6.1,35
"2013004HB","HB1304","2013","201304010100060162","Representative",3775,"10",40.24293,-73.15085,42,,42,24-SEP-13,"17:25:29",40.2433,73.1267,43,24-SEP-13,"16:58","0135","SBE-19+","V",18.61,31.648,11.88,32.607,1,1.11,".46",1,5.5,36
"2013004HB","HB1304","2013","201304010100010163","Representative",3780,"10",40.133812,-73.248057,43,,42,24-SEP-13,"19:04:40",40.1533,73.235,43,24-SEP-13,"18:35","0136","SBE-19+","B",18.92,31.604,12.18,32.568,0,1.32,".49",1,5.7,37
"2013004HB","HB1304","2013","201304010100020164","Representative",3779,"10",40.100055,-72.95738,49,,49,24-SEP-13,"21:55:17",40.0983,72.94,49,24-SEP-13,"21:35","0137","SBE-19+","V",19.12,32.207,10.97,32.888,0,0.81,".34",1,6.6,43
"2013004HB","HB1304","2013","201304010100030165","Representative",3778,"10",39.91752,-73.613852,31,,30,25-SEP-13,"01:29:50",39.92,73.59,31,25-SEP-13,"01:05","0138","SBE-19+","B",19.63,31.491,16.06,32.163,0,1.11,".41",1,7.6,24
"2013004HB","HB1304","2013","201304031700010166","Representative",3474,"10",39.711327,-73.918257,27,,27,25-SEP-13,"04:08:24",39.7283,73.9083,26,25-SEP-13,"03:36","0139","SBE-19+","B",19.67,31.762,14.7,32.331,1,1.12,".54",1,7.7,21
"2013004HB","HB1304","2013","201304032000020167","Representative",3477,"10",39.611717,-73.952483,26,,26,25-SEP-13,"05:26:58",39.6283,73.9467,27,25-SEP-13,"05:04","0140","SBE-19+","V",19.48,31.675,13.89,32.416,1,1.03,".38",1,5.9,23
"2013004HB","HB1304","2013","201304032000040168","Representative",3475,"10",39.471658,-74.062197,23,,22,25-SEP-13,"07:14:23",39.4833,74.06,24,25-SEP-13,"06:49","0141","SBE-19+","B",19.89,31.676,18.21,31.887,1,0.71,".42",1,7.1,18
"2013004HB","HB1304","2013","201304032000010169","Representative",3478,"10",39.35497,-73.994067,29,,29,25-SEP-13,"08:41:34",39.3683,73.995,27,25-SEP-13,"08:21","0142","SBE-19+","V",19.76,31.701,13.94,32.478,2,0.8,".34",1,6.9,23
"2013004HB","HB1304","2013","201304017300030170","Representative",3659,"10",39.24031,-73.733008,42,,43,25-SEP-13,"10:48:30",39.2367,73.7483,43,25-SEP-13,"10:28","0143","SBE-19+","V",19.18,32.163,11.08,32.886,1,0.74,".34",1,6.8,39
"2013004HB","HB1304","2013","201304017300020171","Representative",3660,"10",39.233573,-73.378557,49,,49,25-SEP-13,"13:07:50",39.22,73.3917,51,25-SEP-13,"12:44","0144","SBE-19+","B",20.19,33.046,10.8,32.882,2,1.02,".4",1,6.6,48
"2013004HB","HB1304","2013","201304017400010172","Representative",3666,"10",39.343747,-73.177035,63,,64,25-SEP-13,"15:03:05",39.3433,73.1917,63,25-SEP-13,"14:33","0145","SBE-19+","V",20.36,33.31,9.9,33.101,0,0.68,".5",1,6.3,60
"2013004HB","HB1304","2013","201304017400040173","Representative",3663,"10",39.219235,-73.028193,75,,76,25-SEP-13,"16:48:36",39.2317,73.035,75,25-SEP-13,"16:23","0146","SBE-19+","W",20.55,33.252,10.99,33.686,0,0.81,".43",1,6.9,70
"2013004HB","HB1304","2013","201304017400020174","Representative",3665,"10",39.18911,-72.925343,84,,84,25-SEP-13,"18:21:07",39.2,72.915,82,25-SEP-13,"17:56","0147","SBE-19+","V",20.58,33.278,11.73,34.191,2,0.81,".42",1,6.6,78
"2013004HB","HB1304","2013","201304017300010175","Representative",3661,"10",39.115785,-73.562163,49,,48,25-SEP-13,"21:58:50",39.1267,73.5417,50,25-SEP-13,"21:33","0148","SBE-19+","B",20.38,31.97,10.46,32.992,1,1.16,".43",1,6.7,43
"2013004HB","HB1304","2013","201304016900040176","Representative",3652,"10",38.989367,-74.50943,16,,17,26-SEP-13,"02:48:44",38.9883,74.5067,17,26-SEP-13,"02:14","0149","SBE-19+","B",19.4,31.944,18.83,31.988,1,0.14,".58",1,7.6,12
"2013004HB","HB1304","2013","201304032300030177","Representative",3479,"10",39.025507,-74.49929,18,,18,26-SEP-13,"04:00:08",39.0117,74.5017,18,26-SEP-13,"03:36","0150","SBE-19+","B",19.23,31.953,18.43,32.024,0,0.84,".4",1,7.3,14
"2013004HB","HB1304","2013","201304032300010178","Representative",3481,"10",39.091045,-74.469603,19,,20,26-SEP-13,"05:13:14",39.08,74.48,23,26-SEP-13,"04:56","0151","SBE-19+","V",19.15,31.957,18.46,31.992,4,0.82,".29",1,6.8,19
"2013004HB","HB1304","2013","201304032300020180","Representative",4234,"10",39.100195,-74.35446,26,,25,26-SEP-13,"07:30:45",39.0967,74.37,27,26-SEP-13,"07:13","0152","SBE-19+","V",19.19,31.934,18.87,31.947,1,0.75,".3",1,7.2,23
"2013004HB","HB1304","2013","201304032000030181","Representative",3476,"10",39.232558,-74.281222,21,,21,26-SEP-13,"09:08:07",39.2233,74.2967,24,26-SEP-13,"08:46","0153","SBE-19+","V",19.83,31.855,18.38,31.993,3,0.91,".37",1,6,19
"2013004HB","HB1304","2013","201304031700030182","Representative",3472,"10",39.99859,-73.927122,24,,24,26-SEP-13,"14:29:19",39.9933,73.9383,23,26-SEP-13,"14:10","0154","SBE-19+","V",18.8,31.268,17.35,31.595,1,0.6,".32",1,7,18
"2013004HB","HB1304","2013","201304031700020183","Representative",3473,"10",40.158402,-73.93415,23,,23,26-SEP-13,"16:21:15",40.1583,73.95,18,26-SEP-13,"16:01","0155","SBE-19+","W",18.91,31.335,18.57,31.338,5,0.73,".34",1,8.1,15
"2013004HB","HB1304","2013","201304031400010184","Representative",3471,"10",40.243258,-73.881647,25,,25,26-SEP-13,"17:47:05",40.23,73.8767,25,26-SEP-13,"17:28","0156","SBE-19+","V",18.31,30.797,14.98,31.84,0,0.83,".32",1,3.4,20
"2013004HB","HB1304","2013","201304031400030185","Representative",3469,"10",40.48524,-73.847203,21,,22,26-SEP-13,"19:51:43",40.4917,73.8133,24,26-SEP-13,"20:35","0157","SBE-19+","V",18.24,30.925,16.22,31.932,3,1.6,".72",1,4.4,20
"2013004HB","HB1304","2013","201304031400040186","Non-Representative",3470,"10",40.446878,-73.652868,25,,23,26-SEP-13,"21:50:19",40.4467,73.67,25,26-SEP-13,"21:32","0158","SBE-19+","V",18.7,31.049,15.11,32.15,0,0.78,".31",1,4.9,20
"2013004HB","HB1304","2013","201304031400020187","Representative",4224,"10",40.35142,-73.739117,26,,26,26-SEP-13,"23:37:48",40.36,73.7467,26,26-SEP-13,"23:20","0159","SBE-19+","V",19.81,31.657,13.17,32.384,0,0.62,".3",1,5.9,22
"2013004HB","HB1304","2013","201304031100030188","Representative",3466,"10",40.469268,-73.626727,22,,21,27-SEP-13,"01:41:32",40.46,73.6333,22,27-SEP-13,"01:18","0160","SBE-19+","V",18.86,31.26,15.7,32.039,0,0.63,".39",1,4.6,19
"2013004HB","HB1304","2013","201304031100020189","Representative",3467,"10",40.498533,-73.643152,22,,21,27-SEP-13,"02:54:49",40.505,73.6617,21,27-SEP-13,"02:35","0161","SBE-19+","V",18.5,31.235,17.1,31.825,1,0.93,".33",1,4.7,17
"2013004HB","HB1304","2013","201304031100010190","Representative",3468,"10",40.485073,-73.549022,23,,23,27-SEP-13,"04:04:46",40.4867,73.5683,24,27-SEP-13,"03:44","0162","SBE-19+","V",18.97,31.303,15.95,31.955,1,0.89,".35",1,4,19
"2013004HB","HB1304","2013","201304030800010191","Representative",3465,"10",40.629298,-72.9926,23,,24,27-SEP-13,"07:19:26",40.6167,73.005,24,27-SEP-13,"06:54","0163","SBE-19+","B",18.46,31.94,16.75,32.226,1,0.94,".42",1,5.2,21
"2013004HB","HB1304","2013","201304030800020192","Representative",3464,"10",40.68228,-72.86094,27,,26,27-SEP-13,"08:35:48",40.6783,72.875,25,27-SEP-13,"08:19","0164","SBE-19+","V",18.64,32.011,17.38,32.202,2,0.68,".28",1,6.4,22
"2013004HB","HB1304","2013","201304030800030193","Representative",3463,"10",40.75713,-72.633432,26,,25,27-SEP-13,"10:17:31",40.755,72.6483,26,27-SEP-13,"10:00","0165","SBE-19+","V",18.29,32.049,17.53,32.158,0,0.69,".29",1,5.1,22
"2013004HB","HB1304","2013","201304030500020194","Representative",3461,"10",40.821348,-72.431513,22,,22,27-SEP-13,"12:15:34",40.8167,72.4417,24,27-SEP-13,"11:58","0166","SBE-19+","V",18.2,31.891,18.34,32.128,2,0.54,".29",1,8,19
"2013004HB","HB1304","2013","201304030500010195","Representative",3462,"10",40.821183,-72.388365,26,,26,27-SEP-13,"13:22:09",40.815,72.4017,26,27-SEP-13,"13:00","0167","SBE-19+","V",17.98,31.855,18,32.176,0,0.71,".37",1,7.1,22
"2013004HB","HB1304","2013","201304030500030196","Representative",3460,"10",40.901255,-72.153853,27,,27,27-SEP-13,"15:14:29",40.9,72.18,26,27-SEP-13,"14:50","0168","SBE-19+","V",17.93,31.891,17.8,31.894,1,1.19,".41",1,8,22
"2013004HB","HB1304","2013","201304010500030197","Representative",3798,"10",40.866043,-72.090525,36,,37,27-SEP-13,"16:37:31",40.8583,72.1017,38,27-SEP-13,"16:14","0169","SBE-19+","W",17.55,31.535,16.79,32.12,2,0.69,".39",1,5.2,34
"2013004HB","HB1304","2013","201304030200030198","Representative",3667,"10",40.96929,-71.977868,27,,26,27-SEP-13,"18:13:28",40.965,71.9983,26,27-SEP-13,"17:52","0170","SBE-19+","V",17.61,31.469,17.69,31.756,1,0.96,".36",1,7.9,22
"2013004HB","HB1304","2013","201304030200040199","Non-Representative",3669,"10",40.999287,-71.873308,24,,24,27-SEP-13,"19:28:40",40.9933,71.8933,23,27-SEP-13,"19:07","0171","SBE-19+","V",17.8,31.377,17.45,31.626,1,0.98,".36",1,8.2,19
"2013004HB","HB1304","2013","201304030200010200","Representative",3669,"10",41.010733,-71.838465,26,,25,27-SEP-13,"20:24:18",40.9933,71.8933,23,27-SEP-13,"19:07","0171","SBE-19+","V",17.8,31.377,17.45,31.626,3,2.7,"1.29",1,8.2,19
"2013004HB","HB1304","2013","201304030200020201","Representative",3668,"10",41.071287,-71.725642,34,,35,27-SEP-13,"22:19:27",41.0833,71.7267,35,27-SEP-13,"22:01","0172","SBE-19+","V",17.53,31.999,14.67,32.42,1,0.72,".31",1,6.3,32
"2013004HB","HB1304","2013","201304034500030202","Representative",3761,"10",41.19384,-71.511055,40,,40,28-SEP-13,"00:36:33",41.1767,71.5183,40,28-SEP-13,"00:10","0173","SBE-19+","B",17.56,32.036,15.46,32.221,0,1.08,".44",1,5.2,33
"2013004HB","HB1304","2013","201304034500040203","Non-Representative",3762,"10",41.286153,-71.446648,26,,25,28-SEP-13,"02:03:53",41.2833,71.43,30,28-SEP-13,"01:46","0174","SBE-19+","V",17.77,32.029,17.01,32.081,4,0.77,".3",1,6.6,26
"2013004HB","HB1304","2013","201304034500020204","Representative",3762,"10",41.289927,-71.47066,25,,25,28-SEP-13,"02:59:50",41.2833,71.43,30,28-SEP-13,"01:46","0174","SBE-19+","V",17.77,32.029,17.01,32.081,5,1.88,"1.23",1,6.6,26
"2013004HB","HB1304","2013","201304034500010205","Representative",3763,"10",41.401753,-71.396433,33,,33,28-SEP-13,"04:59:50",41.4067,71.4083,32,28-SEP-13,"04:40","0175","SBE-19+","V",17.68,31.979,14.38,32.221,1,0.61,".33",1,2.2,29
"2013004HB","HB1304","2013","201304010500050206","Representative",3796,"10",41.146897,-71.241142,40,,39,28-SEP-13,"07:46:31",41.1383,71.2517,39,28-SEP-13,"07:19","0176","SBE-19+","B",16.83,32.12,14.54,32.435,1,0.7,".46",1,5.9,35
"2013004HB","HB1304","2013","201304010500010208","Representative",3800,"10",41.120488,-71.052582,35,,34,28-SEP-13,"11:39:33",41.1417,71.0617,35,28-SEP-13,"09:08","0177","SBE-19+","V",16.69,32.142,14.85,32.45,0,1.34,"2.53",1,6.2,31
"2013004HB","HB1304","2013","201304010500020209","Representative",3799,"10",41.026507,-71.121288,43,,43,28-SEP-13,"13:45:54",41.0283,71.11,43,28-SEP-13,"12:51","0178","SBE-19+","B",17.02,32.363,14.42,32.6,0,0.52,".92",1,6.8,40
"2013004HB","HB1304","2013","201304010600010210","Representative",3808,"10",40.866988,-71.391935,59,,59,28-SEP-13,"17:09:20",40.8833,71.3867,60,28-SEP-13,"15:49","0179","SBE-19+","W",18.26,32.935,11.81,33.293,1,1.01,"1.34",1,5.9,55
"2013004HB","HB1304","2013","201304010600050211","Representative",3804,"10",40.762892,-71.167257,59,,60,28-SEP-13,"19:13:48",40.775,71.175,61,28-SEP-13,"18:48","0180","SBE-19+","V",18.63,33.041,11.34,33.234,2,0.81,".43",1,6.3,58
"2013004HB","HB1304","2013","201304010600020212","Representative",3807,"10",40.631838,-71.095023,67,,68,28-SEP-13,"21:57:24",40.6233,71.115,68,28-SEP-13,"21:33","0181","SBE-19+","B",16.98,32.618,11.16,33.263,1,1.05,".41",1,6.6,62
"2013004HB","HB1304","2013","201304010600070213","Representative",3802,"10",40.553982,-70.90513,73,,73,29-SEP-13,"00:05:16",40.5583,70.8833,72,28-SEP-13,"23:34","0182","SBE-19+","V",20.27,34.32,11.1,33.57,1,1.03,".52",1,6.9,69
"2013004HB","HB1304","2013","201304010700040214","Representative",3809,"10",40.179193,-70.57915,124,,124,29-SEP-13,"03:50:47",40.1783,70.595,123,29-SEP-13,"03:19","0183","SBE-19+","V",21.89,35.297,12.92,35.567,1,0.73,".53",1,5.2,120
"2013004HB","HB1304","2013","201304010700010215","Representative",3812,"10",40.229465,-70.586305,119,,118,29-SEP-13,"05:10:44",40.21,70.5867,121,29-SEP-13,"04:43","0184","SBE-19+","V",21.7,35.173,12.98,35.502,2,1.17,".46",1,5.3,120
"2013004HB","HB1304","2013","201304010600080216","Representative",3801,"10",40.342042,-70.604978,97,,96,29-SEP-13,"06:51:59",40.33,70.6183,99,29-SEP-13,"06:21","0185","SBE-19+","B",20.85,34.71,10.92,33.577,2,0.95,".52",1,7.2,98
"2013004HB","HB1304","2013","201304011000040217","Representative",3496,"10",40.50257,-70.532075,71,,70,29-SEP-13,"08:53:04",40.495,70.5517,72,29-SEP-13,"08:21","0186","SBE-19+","V",19.11,33.607,11.25,33.552,1,1.01,".53",1,7.3,70
"2013004HB","HB1304","2013","201304011000060218","Representative",3494,"10",40.460648,-69.860937,74,,75,29-SEP-13,"12:47:13",40.4667,69.8567,74,29-SEP-13,"12:18","0187","SBE-19+","B",15.94,32.4,11.43,33.032,0,0.41,".49",1,7.4,72
"2013004HB","HB1304","2013","201304011000090219","Representative",3491,"10",40.393185,-69.760827,74,,74,29-SEP-13,"14:25:34",40.3983,69.7783,75,29-SEP-13,"13:52","0188","SBE-19+","V",15.88,32.418,11.29,32.943,1,0.86,".56",1,7.4,72
"2013004HB","HB1304","2013","201304011000010220","Representative",3499,"10",40.235732,-69.306578,90,,90,29-SEP-13,"17:44:13",40.2217,69.3233,90,29-SEP-13,"17:08","0189","SBE-19+","B",15.97,32.432,11.68,33.602,0,1.14,".6",1,7.1,86
"2013004HB","HB1304","2013","201304011000030221","Representative",3497,"10",40.180773,-69.498077,88,,88,29-SEP-13,"19:59:00",40.1683,69.515,86,29-SEP-13,"19:28","0190","SBE-19+","B",20.45,34.284,13.03,34.916,2,1.08,".52",1,6.2,79
"2013004HB","HB1304","2013","201304011100040222","Representative",3500,"10",39.960553,-69.462947,132,,134,29-SEP-13,"22:44:11",39.9617,69.4867,136,29-SEP-13,"22:14","0191","SBE-19+","W",23.42,35.821,13.62,35.576,4,1.1,".5",1,5.5,134
"2013004HB","HB1304","2013","201304011100030223","Representative",3501,"10",39.964863,-69.373938,128,,126,30-SEP-13,"00:08:25",39.9583,69.39,122,29-SEP-13,"23:36","0192","SBE-19+","V",23.57,35.885,13.53,35.478,6,0.84,".54",1,5.6,117
"2013004HB","HB1304","2013","201304011100020224","Representative",3502,"10",40.02084,-69.283855,126,,126,30-SEP-13,"01:34:32",40.0083,69.2983,125,30-SEP-13,"01:05","0193","SBE-19+","V",23.85,35.961,12.77,35.13,1,1,".49",1,5.9,122
"2013004HB","HB1304","2013","201304011100010225","Representative",3503,"10",40.150882,-68.888005,151,,151,30-SEP-13,"04:27:56",40.1467,68.9033,148,30-SEP-13,"03:55","0194","SBE-19+","V",17.74,33.264,13.26,35.272,3,0.75,".55",1,5.8,146
"2013004HB","HB1304","2013","201304011400010226","Representative",3520,"10",40.23214,-68.671187,123,,123,30-SEP-13,"06:38:17",40.2267,68.6883,124,30-SEP-13,"06:04","0195","SBE-19+","V",18,33.219,11.86,34.344,1,0.85,".57",1,6.6,121
"2013004HB","HB1304","2013","201304011400030227","Non-Representative",3518,"10",40.277288,-68.538778,132,,133,30-SEP-13,"08:13:15",40.27,68.555,128,30-SEP-13,"07:43","0196","SBE-19+","V",19.09,33.779,12.46,35.196,4,0.86,".5",1,5.7,127
"2013004HB","HB1304","2013","201304011300020228","Representative",3514,"10",40.644888,-68.738817,63,,64,30-SEP-13,"11:56:08",40.6333,68.7567,64,30-SEP-13,"11:29","0197","SBE-19+","B",15.86,32.443,14.2,32.525,1,1.07,".45",1,7.8,61
"2013004HB","HB1304","2013","201304011300050229","Representative",3511,"10",40.652382,-68.625973,64,,63,30-SEP-13,"13:34:39",40.65,68.6233,64,30-SEP-13,"13:00","0198","SBE-19+","B",15.76,32.479,13.77,32.546,0,0.19,".58",1,7.8,61
"2013004HB","HB1304","2013","201304011300010230","Representative",3516,"10",40.804145,-68.787167,66,,66,30-SEP-13,"15:48:24",40.795,68.7467,69,30-SEP-13,"15:11","0199","SBE-19+","V",15.61,32.438,15.59,32.438,3,1.92,".62",1,8.4,66
"2013004HB","HB1304","2013","201304011000020232","Representative",3498,"10",40.69396,-68.896755,69,,67,30-SEP-13,"19:30:10",40.735,68.92,70,30-SEP-13,"17:31","0200","SBE-19+","W",15.57,32.424,14.98,32.46,1,2.68,"1.99",1,7.9,67
"2013004HB","HB1304","2013","201304011000050233","Representative",3495,"10",40.598647,-69.007905,71,,71,30-SEP-13,"22:23:40",40.5783,69.0633,73,30-SEP-13,"21:36","0201","SBE-19+","B",15.77,32.437,13.35,32.596,2,2.81,".79",1,7.4,67
"2013004HB","HB1304","2013","201304011000080234","Representative",3492,"10",40.536742,-69.030357,77,,76,01-OCT-13,"00:09:57",40.5333,69.0417,77,30-SEP-13,"23:42","0202","SBE-19+","V",16.26,32.591,12.66,32.661,0,0.56,".47",1,7.4,73
"2013004HB","HB1304","2013","201304010900020235","Representative",3819,"10",40.659787,-69.427398,55,,55,01-OCT-13,"03:18:47",40.6517,69.405,45,01-OCT-13,"02:52","0203","SBE-19+","B",16.18,32.445,14.45,32.691,10,1.13,".45",1,7.9,40
"2013004HB","HB1304","2013","201304010900050236","Representative",3816,"10",40.828615,-69.552405,42,,40,01-OCT-13,"06:06:26",40.8233,69.5467,39,01-OCT-13,"05:39","0204","SBE-19+","V",14.44,32.344,14.46,32.346,3,0.41,".46",1,8.6,36
"2013004HB","HB1304","2013","201304010900030238","Representative",3818,"10",40.827608,-70.51465,56,,55,21-OCT-13,"21:36:23",40.8167,70.4833,55,21-OCT-13,"20:46","0205","SBE-19+","B",15.83,32.53,14.06,32.864,1,1.57,".84",1,6.3,48
"2013004HB","HB1304","2013","201304010900010239","Representative",3820,"10",40.911178,-70.424542,47,,47,21-OCT-13,"23:35:17",40.91,70.405,46,21-OCT-13,"23:11","0206","SBE-19+","B",16.02,32.558,15.94,32.742,1,0.89,".4",1,7.1,44
"2013004HB","HB1304","2013","201304010900040240","Representative",3817,"10",40.994793,-70.521207,48,,50,22-OCT-13,"01:05:10",40.985,70.51,46,22-OCT-13,"00:42","0207","SBE-19+","V",16.16,32.658,14.96,32.75,2,0.78,".39",1,6.3,43
"2013004HB","HB1304","2013","201304034600040241","Representative",3764,"10",41.285227,-70.530517,22,,24,22-OCT-13,"03:57:37",41.2833,70.51,23,22-OCT-13,"03:27","0208","SBE-19+","B",15.96,32.13,15.93,32.154,1,0.93,".51",1,7.6,15
"2013004HB","HB1304","2013","201304034600030242","Representative",3765,"10",41.218145,-70.235108,21,,23,22-OCT-13,"06:16:56",41.23,70.235,21,22-OCT-13,"05:59","0209","SBE-19+","W",15.36,32.113,15.35,32.115,0,0.71,".3",1,8.1,18
"2013004HB","HB1304","2013","201304034600010243","Representative",3767,"10",41.144178,-70.143375,27,,26,22-OCT-13,"07:44:09",41.1417,70.1267,25,22-OCT-13,"07:25","0210","SBE-19+","V",15.58,32.105,15.5,32.109,2,0.77,".32",1,8.1,21
"2013004HB","HB1304","2013","201304034600020244","Representative",3766,"10",40.909543,-70.017732,32,,32,22-OCT-13,"10:36:30",40.9117,69.9967,31,22-OCT-13,"10:17","0211","SBE-19+","V",15.25,32.107,15.26,32.106,1,0.96,".33",1,8,27
"2013004HB","HB1304","2013","201304012500030245","Representative",3580,"10",41.011585,-69.228133,65,,64,22-OCT-13,"17:45:33",41,69.215,67,22-OCT-13,"17:16","0212","SBE-19+","V",14.79,32.718,14.76,32.762,2,0.92,".49",1,7.9,65
"2013004HB","HB1304","2013","201304012500040246","Representative",3579,"10",41.222627,-69.349792,56,,56,22-OCT-13,"20:28:36",41.21,69.3433,50,22-OCT-13,"19:58","0213","SBE-19+","W",13.54,32.497,10.48,32.784,6,0.81,".51",1,7.2,48
"2013004HB","HB1304","2013","201304012300040247","Representative",3567,"10",41.346023,-69.325947,81,,81,22-OCT-13,"22:41:42",41.3333,69.33,80,22-OCT-13,"22:14","0214","SBE-19+","V",14.29,32.236,8.82,33.024,1,0.79,".46",1,7.1,78
"2013004HB","HB1304","2013","201304012500010248","Representative",3582,"10",41.321365,-69.456722,33,,33,23-OCT-13,"00:21:28",41.3067,69.4583,36,23-OCT-13,"00:00","0215","SBE-19+","V",12.57,32.429,12.41,32.45,3,0.88,".36",1,7.6,33
"2013004HB","HB1304","2013","201304012500050249","Non-Representative",3581,"10",41.431018,-69.594198,29,,28,23-OCT-13,"02:11:27",41.4383,69.6067,27,23-OCT-13,"01:48","0216","SBE-19+","V",12.94,32.334,12.92,32.337,2,0.71,".39",1,7.8,23
"2013004HB","HB1304","2013","201304012300060251","Representative",3565,"10",41.58571,-69.539317,66,,66,23-OCT-13,"06:48:09",41.57,69.5167,60,23-OCT-13,"06:18","0217","SBE-19+","B",14.65,32.371,10.59,32.688,6,1.39,".5",1,7,53
"2013004HB","HB1304","2013","201304035600020252","Non-Representative",3671,"10",41.780777,-69.888547,26,,26,23-OCT-13,"10:20:31",41.7667,69.8867,24,23-OCT-13,"10:01","0218","SBE-19+","W",13.97,32.126,11.28,32.503,2,0.85,".33",1,7.2,21
"2013004HB","HB1304","2013","201304012600040253","Representative",3585,"10",42.074075,-69.956775,79,,80,25-OCT-13,"01:42:49",42.0633,69.935,80,25-OCT-13,"01:08","0219","SBE-19+","V",13.37,32.29,9.03,33.034,1,1.17,".58",1,6.9,76
"2013004HB","HB1304","2013","201304035600040254","Representative",4443,"10",42.050458,-70.037363,25,,25,25-OCT-13,"03:31:38",42.0383,70.01,31,25-OCT-13,"03:02","0220","SBE-19+","V",13.1,32.057,12.78,32.12,6,1.42,".49",1,7.7,27
"2013004HB","HB1304","2013","201304035600030255","Representative",3670,"10",41.978707,-69.973637,26,,27,25-OCT-13,"05:52:25",41.9683,69.965,27,25-OCT-13,"05:31","0221","SBE-19+","W",13.12,32.053,13.12,32.051,1,0.73,".36",1,8.2,23
"2013004HB","HB1304","2013","201304035600010256","Representative",3672,"10",41.815095,-69.90244,27,,27,25-OCT-13,"08:33:11",41.8033,69.9033,24,25-OCT-13,"08:12","0222","SBE-19+","V",13.18,32.085,13.13,32.114,3,0.71,".35",1,8.1,19
"2013004HB","HB1304","2013","201304012400010257","Representative",3578,"10",41.773898,-69.71519,133,,133,25-OCT-13,"10:51:51",41.7617,69.7067,131,25-OCT-13,"10:21","0223","SBE-19+","V",13.3,32.122,7.73,33.294,2,0.83,".51",1,6.8,127
"2013004HB","HB1304","2013","201304012400070258","Representative",3572,"10",41.356395,-69.22572,124,,124,25-OCT-13,"15:34:25",41.3367,69.2083,119,25-OCT-13,"14:59","0224","SBE-19+","V",14.35,32.414,7.48,33.225,5,1.42,".59",1,7.2,117
"2013004HB","HB1304","2013","201304012300050259","Representative",3566,"10",41.29312,-69.158033,105,,106,25-OCT-13,"17:30:03",41.2767,69.1417,103,25-OCT-13,"17:00","0225","SBE-19+","V",14.23,32.415,8.06,33.149,2,1.23,".5",1,7.1,101
"2013004HB","HB1304","2013","201304012400050260","Representative",3574,"10",41.30696,-68.915405,132,,133,25-OCT-13,"19:54:26",41.3217,68.8983,134,25-OCT-13,"19:24","0226","SBE-19+","V",14.28,32.444,7.63,33.155,2,1.17,".51",1,7.3,130
"2013004HB","HB1304","2013","201304012300030261","Representative",3568,"10",41.173683,-68.90579,99,,99,25-OCT-13,"21:57:04",41.1567,68.9117,100,25-OCT-13,"21:31","0227","SBE-19+","V",13.87,32.685,10.72,32.981,1,1.05,".43",1,7.2,96
"2013004HB","HB1304","2013","201304012300020262","Representative",3569,"10",41.292188,-68.674752,75,,75,26-OCT-13,"00:30:42",41.3017,68.6533,73,25-OCT-13,"23:47","0228","SBE-19+","V",14.45,32.762,13.24,32.969,2,1.12,".73",1,7.5,68
"2013004HB","HB1304","2013","201304012300010263","Representative",3570,"10",41.349683,-68.401518,63,,63,26-OCT-13,"02:57:23",41.3383,68.405,58,26-OCT-13,"02:28","0229","SBE-19+","V",15.16,32.538,14.96,32.569,5,0.7,".49",1,7.7,54
"2013004HB","HB1304","2013","201304012000030265","Non-Representative",3554,"10",41.21485,-68.40099,56,,57,26-OCT-13,"06:15:49",41.21,68.42,54,26-OCT-13,"05:04","0230","SBE-19+","B",15.74,32.439,15.77,32.436,2,0.91,"1.2",1,8.1,48
"2013004HB","HB1304","2013","201304012000040266","Representative",3553,"10",41.26049,-68.434738,56,,56,26-OCT-13,"09:49:01",41.265,68.415,54,26-OCT-13,"09:26","0231","SBE-19+","W",15.75,32.436,15.78,32.435,2,0.93,".38",1,8,49
"2013004HB","HB1304","2013","201304012000070267","Representative",4311,"10",41.147478,-68.495473,59,,60,26-OCT-13,"13:28:09",41.1317,68.4817,53,26-OCT-13,"12:13","0232","SBE-19+","V",15.52,32.447,15.54,32.447,6,1.13,"1.25",1,8,48
"2013004HB","HB1304","2013","201304011900090268","Representative",3542,"10",40.920958,-68.54921,56,,56,26-OCT-13,"16:25:13",40.91,68.5533,54,26-OCT-13,"15:20","0233","SBE-19+","B",15.57,32.439,15.54,32.439,2,0.68,"1.09",1,8,50
"2013004HB","HB1304","2013","201304011900080269","Representative",3543,"10",40.990413,-68.39143,48,,48,26-OCT-13,"18:13:22",40.9933,68.3767,47,26-OCT-13,"17:47","0234","SBE-19+","V",15.25,32.477,15.23,32.476,1,0.69,".44",1,8.3,43
"2013004HB","HB1304","2013","201304011300100270","Representative",3515,"10",40.850178,-68.067657,63,,63,26-OCT-13,"21:44:44",40.8533,68.045,63,26-OCT-13,"20:52","0235","SBE-19+","V",13.6,32.646,13.39,33.268,0,1.05,".88",1,7.6,59
"2013004HB","HB1304","2013","201304011900030271","Representative",3548,"10",41.081023,-67.901345,46,,47,27-OCT-13,"01:11:15",41.085,67.8867,48,27-OCT-13,"00:36","0236","SBE-19+","B",15.34,32.465,14.71,32.527,2,0.7,".59",1,8.5,43
"2013004HB","HB1304","2013","201304011900010272","Representative",3550,"10",41.029142,-67.834748,52,,52,27-OCT-13,"03:24:31",41.0417,67.8167,51,27-OCT-13,"02:50","0237","SBE-19+","B",14.48,32.539,14.21,32.566,1,1.11,".58",1,8.6,49
"2013004HB","HB1304","2013","201304011300090273","Representative",3507,"10",40.839292,-67.784318,68,,67,27-OCT-13,"05:48:42",40.8533,67.7767,65,27-OCT-13,"05:20","0238","SBE-19+","V",12.95,32.767,12.38,33.243,3,0.91,".48",1,7.5,61
"2013004HB","HB1304","2013","201304011300040274","Representative",3512,"10",40.75989,-67.819487,71,,72,27-OCT-13,"07:12:49",40.7717,67.8133,69,27-OCT-13,"06:47","0239","SBE-19+","W",13.86,33.155,12,33.458,2,0.76,".43",1,7.4,65
"2013004HB","HB1304","2013","201304011300060276","Representative",3510,"10",40.458532,-68.336188,104,,103,27-OCT-13,"13:13:57",40.4733,68.3083,103,27-OCT-13,"11:29","0240","SBE-19+","B",15.29,33.57,11.47,34.219,1,1.55,"1.75",1,6.6,97
"2013004HB","HB1304","2013","201304011300110275","Non-Representative",3510,"10",40.46442,-68.337433,102,,102,27-OCT-13,"12:03:15",40.4733,68.3083,103,27-OCT-13,"11:29","0240","SBE-19+","B",15.29,33.57,11.47,34.219,1,1.43,".57",1,6.6,97
"2013004HB","HB1304","2013","201304011500010277","Representative",3523,"10",40.348297,-67.827922,209,,210,27-OCT-13,"16:59:48",40.335,67.805,237,27-OCT-13,"16:17","0241","SBE-19+","V",18.45,35.037,11.58,35.461,28,1.32,".71",1,4.8,234
"2013004HB","HB1304","2013","201304011400020278","Representative",3519,"10",40.534597,-67.638347,132,,135,27-OCT-13,"19:50:28",40.545,67.6283,125,27-OCT-13,"19:02","0242","SBE-19+","B",14.58,33.311,12.44,35.15,7,0.78,".81",1,5.6,123
"2013004HB","HB1304","2013","201304011400040279","Representative",3517,"10",40.529732,-67.41985,142,,143,27-OCT-13,"22:37:32",40.5217,67.39,148,27-OCT-13,"21:49","0243","SBE-19+","B",15.72,33.758,11.23,35.422,6,1.45,".81",1,4.7,144
"2013004HB","HB1304","2013","201304011500030280","Representative",3521,"10",40.447095,-67.267132,383,,371,28-OCT-13,"02:20:11",40.4733,67.295,225,28-OCT-13,"00:35","0244","SBE-19+","V",19.21,35.318,11.52,35.462,158,2.02,"1.75",0,4.7,223
"2013004HB","HB1304","2013","201304011300030281","Representative",3513,"10",40.664653,-67.159297,110,,110,28-OCT-13,"05:08:41",40.6767,67.14,110,28-OCT-13,"04:42","0245","SBE-19+","W",14.27,32.975,12.84,34.993,0,1.14,".44",1,6,106
"2013004HB","HB1304","2013","201304011300070282","Representative",3509,"10",40.863812,-67.006067,91,,92,28-OCT-13,"07:55:43",40.8767,66.9917,91,28-OCT-13,"07:17","0246","SBE-19+","B",13.84,32.619,11.06,33.752,0,1.01,".65",1,7,87
"2013004HB","HB1304","2013","201304011500040283","Non-Representative",3522,"10",40.705295,-66.853415,204,,203,28-OCT-13,"11:01:33",40.7283,66.83,204,28-OCT-13,"10:18","0247","SBE-19+","V",16.05,33.94,11.75,35.482,0,1.74,".73",1,5,200
"2013004HB","HB1304","2013","201304011500020284","Representative",3522,"10",40.713333,-66.841595,207,,206,28-OCT-13,"12:27:21",40.7283,66.83,204,28-OCT-13,"10:18","0247","SBE-19+","V",16.05,33.94,11.75,35.482,3,1.04,"2.16",1,5,200
"2013004HB","HB1304","2013","201304011300080285","Representative",3508,"10",40.79622,-66.84411,110,,109,28-OCT-13,"14:39:41",40.79,66.8467,111,28-OCT-13,"13:34","0248","SBE-19+","B",14.25,33.012,13.52,35.33,1,0.39,"1.09",1,5.7,105
"2013004HB","HB1304","2013","201304011800040286","Representative",3538,"10",40.937338,-66.478933,359,,352,28-OCT-13,"18:12:23",40.9633,66.46,360,28-OCT-13,"17:10","0249","SBE-19+","V",14.52,32.992,6.99,35.064,1,1.78,"1.04",1,5.9,358
"2013004HB","HB1304","2013","201304011700030287","Representative",3834,"10",41.124862,-66.405452,127,,126,28-OCT-13,"20:45:25",41.14,66.3867,122,28-OCT-13,"20:16","0250","SBE-19+","V",13.74,32.62,13.26,35.24,5,1.24,".49",1,5.7,119
"2014001HB","HB1401","2014","201402017600020101","Representative",4895,"10",38.763262,-73.037302,226,230,229,14-APR-14,"23:05:18",38.7383,73.0667,181,14-APR-14,"23:58","0055","SBE-19+V2","B",8.04,33.316,,,45,2.04,".88",0,7.5,146
"2014001HB","HB1401","2014","201402017500020102","Representative",4892,"10",38.670128,-73.20389,121,119,120,15-APR-14,"02:09:01",38.6817,73.1883,126,15-APR-14,"01:40","0056","SBE-19+V2","V",9.07,33.403,11.85,35.396,5,1.01,".48",1,6.7,123
"2014001HB","HB1401","2014","201402017500030103","Representative",4891,"10",38.617007,-73.228545,160,153,154,15-APR-14,"03:47:02",38.6317,73.2267,129,15-APR-14,"03:14","0057","SBE-19+V2","V",8.92,33.375,11.56,35.277,31,0.89,".55",0,7.1,127
"2014001HB","HB1401","2014","201402017600010104","Representative",4896,"10",38.53504,-73.260665,210,211,210,15-APR-14,"06:12:34",38.5483,73.2417,214,15-APR-14,"05:28","0058","SBE-19+V2","V",7.95,33.388,11.9,35.436,4,1.2,".74",1,6.4,213
"2014001HB","HB1401","2014","201402017400010105","Representative",4823,"10",38.606497,-73.491917,75,76,74,15-APR-14,"08:36:28",38.615,73.475,75,15-APR-14,"08:12","0059","SBE-19+V2","V",8.48,33.407,7.2,33.753,0,0.94,".41",1,9,72
"2014001HB","HB1401","2014","201402017400040106","Representative",4820,"10",38.631677,-73.416737,80,81,80,15-APR-14,"10:24:11",38.645,73.4067,81,15-APR-14,"09:57","0060","SBE-19+V2","W",8.56,33.398,7.03,33.695,1,0.93,".45",1,9,78
"2014001HB","HB1401","2014","201402017300040107","Representative",4815,"10",38.966547,-73.849285,40,40,40,15-APR-14,"14:03:49",38.9867,73.8483,39,15-APR-14,"13:31","0061","SBE-19+V2","V",8.85,33.665,7.49,33.884,1,1.21,".55",1,9.4,34
"2014001HB","HB1401","2014","201402032000010108","Representative",4635,"10",39.227347,-74.187082,28,29,28,15-APR-14,"17:54:31",39.2433,74.1917,31,15-APR-14,"17:27","0062","SBE-19+V2","B",7.39,32.5,5.86,33.278,3,0.98,".46",1,9.7,23
"2014001HB","HB1401","2014","201402032300020109","Representative",4637,"10",39.143823,-74.322882,25,26,25,15-APR-14,"20:27:49",39.1567,74.3183,23,15-APR-14,"20:06","0063","SBE-19+V2","V",7.12,32.454,5.96,33.446,2,0.8,".36",1,9.7,20
"2014001HB","HB1401","2014","201402032300030110","Representative",4636,"10",39.070833,-74.497,23,22,23,15-APR-14,"23:39:16",39.0783,74.4817,22,15-APR-14,"22:48","0064","SBE-19+V2","B",6.98,32.083,5.8,33.153,1,0.84,".85",1,9.9,18
"2014001HB","HB1401","2014","201402032000040111","Representative",4632,"10",39.322335,-74.175845,30,29,30,16-APR-14,"12:46:22",39.305,74.185,24,16-APR-14,"11:39","0065","SBE-19+V2","V",6.39,32.924,6.39,32.939,6,1.12,"1.12",0,9.7,20
"2014001HB","HB1401","2014","201402032000030112","Representative",4633,"10",39.372,-74.156667,21,22,22,16-APR-14,"13:55:48",39.3583,74.1633,23,16-APR-14,"13:34","0066","SBE-19+V2","V",6.13,32.916,6.12,32.945,2,0.88,".36",1,9.7,19
"2014001HB","HB1401","2014","201402032000020113","Representative",4634,"10",39.398333,-74.082333,22,23,23,16-APR-14,"15:15:03",39.3867,74.0933,23,16-APR-14,"14:48","0067","SBE-19+V2","W",6.21,32.945,6.17,32.963,1,0.86,".45",1,9.7,17
"2014001HB","HB1401","2014","201402017300050114","Representative",4814,"10",39.24038,-73.729748,42,45,43,16-APR-14,"18:00:00",39.23,73.7317,46,16-APR-14,"17:37","0068","SBE-19+V2","V",7.9,33.088,6.56,33.706,4,0.63,".38",1,9.5,40
"2014001HB","HB1401","2014","201402017300030116","Representative",4816,"10",39.689,-73.642,35,35,35,16-APR-14,"23:01:50",39.6683,73.6467,36,16-APR-14,"22:39","0069","SBE-19+V2","B",7.2,32.87,6.89,33.197,1,1.26,".38",1,9.5,30
"2014001HB","HB1401","2014","201402031700020117","Representative",4630,"10",39.678833,-73.909,28,28,28,17-APR-14,"01:12:56",39.6667,73.9117,28,17-APR-14,"00:54","0070","SBE-19+V2","V",6.46,33.091,6.26,33.226,0,0.74,".32",1,9.6,25
"2014001HB","HB1401","2014","201402017300060118","Representative",4813,"10",39.862978,-73.704657,33,33,32,17-APR-14,"03:52:17",39.8483,73.7183,32,17-APR-14,"02:56","0071","SBE-19+V2","B",6.7,33.118,6.56,33.187,1,1.08,".94",1,9.5,26
"2014001HB","HB1401","2014","201402031700010119","Representative",4631,"10",39.879572,-73.946677,22,23,22,17-APR-14,"05:59:43",39.8667,73.9533,22,17-APR-14,"05:41","0072","SBE-19+V2","B",5.87,33.204,5.88,33.195,0,0.83,".31",1,9.5,18
"2014001HB","HB1401","2014","201402031700030120","Representative",4629,"10",40.011918,-73.967875,22,23,23,17-APR-14,"07:29:34",40,73.965,21,17-APR-14,"07:11","0073","SBE-19+V2","W",5.76,33.014,5.77,33.015,1,0.73,".31",1,9.5,15
"2014001HB","HB1401","2014","201402031400020121","Representative",4627,"10",40.184298,-73.858032,25,24,24,17-APR-14,"09:24:12",40.1733,73.8633,25,17-APR-14,"09:06","0074","SBE-19+V2","V",5.5,32.919,5.5,32.919,0,0.7,".3",1,9.8,21
"2014001HB","HB1401","2014","201402010100010122","Representative",4937,"10",40.31824,-73.80329,46,44,46,17-APR-14,"11:42:12",40.285,73.795,59,17-APR-14,"10:44","0075","SBE-19+V2","B",5.69,32.941,6.04,33.479,13,2.03,".97",0,9,57
"2014001HB","HB1401","2014","201402031400030123","Representative",4626,"10",40.446438,-73.79149,31,29,30,17-APR-14,"13:25:34",40.4283,73.7933,34,17-APR-14,"12:59","0076","SBE-19+V2","B",5.83,31.456,5.89,33.394,3,1.09,".44",1,9.1,31
"2014001HB","HB1401","2014","201402031400010124","Non-Representative",4628,"10",40.45265,-73.725105,29,28,29,17-APR-14,"14:47:09",40.46,73.7433,30,17-APR-14,"14:21","0077","SBE-19+V2","V",5.81,31.449,5.42,33.189,1,0.94,".44",1,9.2,28
"2014001HB","HB1401","2014","201402031100030125","Representative",4623,"10",40.4375,-73.538,25,25,25,17-APR-14,"17:25:44",40.435,73.5533,25,17-APR-14,"17:08","0078","SBE-19+V2","V",6.12,31.426,5.31,32.228,0,0.72,".3",1,9.6,21
"2014001HB","HB1401","2014","201402031100010126","Representative",4625,"10",40.431333,-73.418167,27,27,27,17-APR-14,"18:41:20",40.4317,73.4317,27,17-APR-14,"18:24","0079","SBE-19+V2","V",6.6,31.912,4.98,32.513,0,0.62,".29",1,9.5,22
"2014001HB","HB1401","2014","201402010100020127","Representative",4936,"10",40.120195,-73.544232,42,40,42,17-APR-14,"22:07:34",40.1117,73.5483,48,17-APR-14,"21:43","0080","SBE-19+V2","V",6.93,32.653,5.71,32.993,6,0.54,".41",1,9.5,45
"2014001HB","HB1401","2014","201402010100030128","Representative",4935,"10",39.939833,-72.885833,54,54,54,18-APR-14,"02:43:59",39.9333,72.9017,53,18-APR-14,"02:20","0081","SBE-19+V2","V",7.13,33.425,6.41,33.492,1,0.83,".4",1,9.2,48
"2014001HB","HB1401","2014","201402010100070129","Representative",4931,"10",40.305053,-72.591365,51,51,52,18-APR-14,"06:30:37",40.3017,72.6033,52,18-APR-14,"06:08","0082","SBE-19+V2","V",5.9,32.82,5.46,33.217,1,0.58,".38",1,9.7,47
"2014001HB","HB1401","2014","201402010100060130","Non-Representative",4932,"10",40.263522,-72.880165,48,49,49,18-APR-14,"11:57:28",40.2517,72.8933,49,18-APR-14,"11:32","0083","SBE-19+V2","B",6.02,32.889,5.63,33.142,1,0.93,".42",1,9.6,46
"2014001HB","HB1401","2014","201402010100050131","Representative",4933,"10",40.433708,-73.15974,34,33,33,18-APR-14,"18:28:29",40.415,73.155,34,18-APR-14,"17:34","0084","SBE-19+V2","B",6.91,32.403,6.09,32.691,0,1.14,".91",1,9.8,28
"2014001HB","HB1401","2014","201402031100020132","Representative",4624,"10",40.512815,-73.271317,26,25,26,18-APR-14,"20:04:10",40.5067,73.2867,24,18-APR-14,"19:48","0085","SBE-19+V2","V",6.65,31.396,5.48,32.061,2,0.79,".27",1,10.5,20
"2014001HB","HB1401","2014","201402030800020133","Representative",4621,"10",40.556912,-73.162602,27,26,26,18-APR-14,"21:40:01",40.5483,73.1833,26,18-APR-14,"20:57","0086","SBE-19+V2","V",7.12,31.542,6.22,31.86,1,1.08,".72",1,10,22
"2014001HB","HB1401","2014","201402030800030134","Representative",4620,"10",40.745808,-72.678965,26,25,26,19-APR-14,"00:40:29",40.74,72.6933,26,19-APR-14,"00:21","0087","SBE-19+V2","V",6.36,32.263,6.23,32.269,0,0.74,".32",1,9.8,22
"2014001HB","HB1401","2014","201402030800010135","Representative",4622,"10",40.762167,-72.532333,29,28,29,19-APR-14,"02:14:47",40.7667,72.5133,31,19-APR-14,"01:55","0088","SBE-19+V2","V",5.88,31.795,5.93,31.887,2,0.91,".33",1,10.1,27
"2014001HB","HB1401","2014","201402010100040136","Representative",4934,"10",40.507747,-72.28933,58,56,57,19-APR-14,"05:15:43",40.4983,72.3117,57,19-APR-14,"04:45","0089","SBE-19+V2","W",6.16,32.861,5.34,33.169,1,1.17,".51",1,9.7,55
"2014001HB","HB1401","2014","201402030500030138","Representative",4617,"10",40.82839,-72.365173,26,25,25,19-APR-14,"08:58:32",40.8167,72.395,26,19-APR-14,"07:46","0090","SBE-19+V2","V",5.7,31.487,5.5,31.709,0,1.53,"1.21",1,10.2,23
"2014001HB","HB1401","2014","201402030500020139","Representative",4618,"10",40.833108,-72.344785,27,26,26,19-APR-14,"10:10:23",40.8267,72.3567,28,19-APR-14,"09:52","0091","SBE-19+V2","V",5.32,31.789,5.28,31.875,1,0.66,".31",1,10.2,25
"2014001HB","HB1401","2014","201402030500010140","Representative",4619,"10",40.922657,-72.03137,29,28,29,19-APR-14,"12:35:34",40.9367,72.0633,26,19-APR-14,"12:03","0092","SBE-19+V2","V",5.55,31.116,5.27,31.758,3,1.68,".54",1,10.2,23
"2014001HB","HB1401","2014","201402030200030141","Representative",4824,"10",40.958965,-71.996867,27,27,27,19-APR-14,"13:38:26",40.955,72.0067,27,19-APR-14,"13:20","0093","SBE-19+V2","V",5.5,31.154,5.24,31.649,0,0.51,".31",1,10.2,23
"2014001HB","HB1401","2014","201402030200020142","Non-Representative",4825,"10",40.98691,-71.835142,29,29,29,19-APR-14,"15:37:48",40.985,71.85,29,19-APR-14,"15:12","0094","SBE-19+V2","B",5.95,30.816,5.26,31.56,0,0.68,".43",1,10.3,26
"2014001HB","HB1401","2014","201402030200010143","Representative",4826,"10",41.010948,-71.808227,28,26,28,19-APR-14,"17:10:49",41.0033,71.8267,29,19-APR-14,"16:49","0095","SBE-19+V2","V",6.14,30.51,5.29,31.472,1,0.96,".36",1,10.3,25
"2014001HB","HB1401","2014","201402010500040144","Representative",4954,"10",40.94591,-71.538197,54,54,55,19-APR-14,"19:45:54",40.94,71.5517,54,19-APR-14,"19:15","0096","SBE-19+V2","B",5.82,32.497,3.64,32.749,0,0.71,".51",1,10,50
"2014001HB","HB1401","2014","201402034500010145","Representative",4920,"10",41.22413,-71.481348,37,38,38,19-APR-14,"22:22:41",41.21,71.4883,36,19-APR-14,"22:00","0097","SBE-19+V2","V",6.15,31.516,4.47,32.238,1,0.91,".38",1,10.3,32
"2014001HB","HB1401","2014","201402034500020146","Representative",4919,"10",41.382123,-71.357465,33,32,33,20-APR-14,"00:26:00",41.37,71.35,35,20-APR-14,"00:04","0098","SBE-19+V2","V",6.1,31.757,3.83,32.585,2,0.8,".37",1,9.7,30
"2014001HB","HB1401","2014","201402034500030147","Representative",4918,"10",41.359788,-71.111972,25,25,25,20-APR-14,"03:14:16",41.35,71.12,27,20-APR-14,"02:58","0099","SBE-19+V2","V",6.7,32.12,5.1,32.392,2,0.69,".27",1,9.9,23
"2014001HB","HB1401","2014","201402034600010148","Representative",4924,"10",41.3405,-70.921167,33,31,32,20-APR-14,"05:10:01",41.3417,70.9,32,20-APR-14,"04:49","0100","SBE-19+V2","W",5.73,32.428,4.76,32.515,1,0.96,".35",1,10,28
"2014001HB","HB1401","2014","201402010500030149","Representative",4955,"10",41.327907,-70.919223,33,34,34,20-APR-14,"06:44:46",41.3417,70.9183,33,20-APR-14,"06:24","0101","SBE-19+V2","V",5.87,32.411,5.05,32.48,0,0.83,".35",1,10.1,28
"2014001HB","HB1401","2014","201402034600020150","Representative",4923,"10",41.318873,-70.880032,34,34,34,20-APR-14,"08:16:39",41.3317,70.88,28,20-APR-14,"07:56","0102","SBE-19+V2","V",5.84,32.412,4.88,32.508,6,0.77,".34",1,10.1,23
"2014001HB","HB1401","2014","201402010500010151","Non-Representative",4957,"10",41.258988,-70.8979,33,33,33,20-APR-14,"09:31:39",41.2467,70.9017,33,20-APR-14,"09:14","0103","SBE-19+V2","V",6.02,32.413,4.94,32.475,0,0.76,".29",1,10,29
"2014001HB","HB1401","2014","201402010500060152","Representative",4957,"10",41.249833,-70.906833,31,33,33,20-APR-14,"10:26:35",41.2467,70.9017,33,20-APR-14,"09:14","0103","SBE-19+V2","V",6.02,32.413,4.94,32.475,2,0.3,"1.21",1,10,29
"2014001HB","HB1401","2014","201402034600040153","Representative",4921,"10",41.237083,-70.683833,29,28,28,20-APR-14,"13:31:07",41.24,70.6933,29,20-APR-14,"13:09","0104","SBE-19+V2","V",6.86,32.487,6.23,32.563,0,0.46,".37",1,10.7,26
"2014001HB","HB1401","2014","201402010900030154","Representative",4975,"10",41.078055,-70.44607,41,43,42,20-APR-14,"16:07:59",41.0867,70.4533,42,20-APR-14,"15:41","0105","SBE-19+V2","B",6.14,32.655,5.18,32.671,1,0.61,".45",1,10.4,36
"2014001HB","HB1401","2014","201402034600030155","Representative",4922,"10",41.119993,-70.149887,22,23,23,20-APR-14,"18:48:46",41.115,70.165,23,20-APR-14,"18:20","0106","SBE-19+V2","B",6.69,32.588,6.61,32.595,1,0.75,".48",1,11.1,18
"2014001HB","HB1401","2014","201402010900040156","Representative",4974,"10",40.96769,-70.202617,28,30,29,20-APR-14,"20:44:03",40.9833,70.195,28,20-APR-14,"20:23","0107","SBE-19+V2","V",6.46,32.722,6.22,32.715,0,1,".35",1,11.4,24
"2014001HB","HB1401","2014","201402010900010157","Representative",4977,"10",40.656498,-70.146403,47,48,48,20-APR-14,"23:16:28",40.6617,70.16,47,20-APR-14,"22:54","0108","SBE-19+V2","V",6.02,32.956,5.54,32.968,0,0.69,".37",1,11.5,45
"2014001HB","HB1401","2014","201402011000040158","Representative",4653,"10",40.355458,-70.390873,21,17,25,21-APR-14,"02:36:20",40.36,70.4033,86,21-APR-14,"02:13","0109","SBE-19+V2","V",7.14,33.109,4.69,33.082,65,0.63,".39",0,9.5,83
"2014001HB","HB1401","2014","201402011100030159","Representative",4658,"10",40.216233,-70.494775,,115,,21-APR-14,"05:11:15",40.2133,70.5217,117,21-APR-14,"04:35","0110","SBE-19+V2","W",7.41,33.259,9.58,34.597,,1.25,".6",0,7.5,115
"2014001HB","HB1401","2014","201402011200010160","Non-Representative",4663,"10",40.010167,-70.4215,244,244,243,21-APR-14,"09:08:40",40.0167,70.46,303,21-APR-14,"08:02","0111","SBE-19+V2","V",9.2,34.262,8.81,35.183,59,1.81,"1.11",0,4.9,298
"2014001HB","HB1401","2014","201402011100010161","Representative",4660,"10",40.109167,-70.084333,135,135,135,21-APR-14,"12:04:22",40.1117,70.1,135,21-APR-14,"11:35","0112","SBE-19+V2","V",9.47,34.278,12.04,35.445,0,0.74,".49",1,7.2,132
"2014001HB","HB1401","2014","201402011000090162","Representative",4648,"10",40.226112,-69.90447,93,92,92,21-APR-14,"14:06:38",40.2183,69.925,93,21-APR-14,"13:38","0113","SBE-19+V2","B",7.4,33.356,9.59,34.307,0,1.05,".48",1,8.9,90
"2014001HB","HB1401","2014","201402011100020163","Representative",4659,"10",39.958003,-69.822545,147,145,146,21-APR-14,"17:23:57",39.9583,69.8417,148,21-APR-14,"16:55","0114","SBE-19+V2","V",10.81,34.693,12.06,35.447,1,0.88,".48",1,7.3,147
"2014001HB","HB1401","2014","201402011000050164","Representative",4652,"10",40.189362,-69.334312,93,93,93,21-APR-14,"20:37:16",40.18,69.3683,91,21-APR-14,"20:05","0115","SBE-19+V2","B",7.36,33.11,5.37,33.229,2,1.66,".54",1,9.6,85
"2014001HB","HB1401","2014","201402011000020165","Representative",4655,"10",40.133633,-69.24311,103,102,102,21-APR-14,"22:11:07",40.1183,69.2533,103,21-APR-14,"21:48","0116","SBE-19+V2","V",7.12,33.222,7.59,33.903,0,1.03,".39",1,8.8,101
"2014001HB","HB1401","2014","201402011200030166","Representative",4661,"10",39.9895,-69.262667,186,189,187,22-APR-14,"01:00:53",39.9833,69.2867,171,22-APR-14,"00:28","0117","SBE-19+V2","V",19.16,36.089,12.33,35.522,15,1.17,".55",1,7.4,169
"2014001HB","HB1401","2014","201402011100040167","Representative",4657,"10",40.081698,-68.953032,175,174,174,22-APR-14,"03:55:39",40.075,68.98,176,22-APR-14,"03:21","0118","SBE-19+V2","V",7.27,33.326,11.86,35.416,1,1.3,".58",1,7.1,175
"2014001HB","HB1401","2014","201402011200020168","Representative",4662,"10",40.092327,-68.865222,217,221,210,22-APR-14,"06:10:19",40.0667,68.8817,243,22-APR-14,"05:21","0119","SBE-19+V2","W",19.72,36.17,11.44,35.205,26,1.72,".82",1,7.3,242
"2014001HB","HB1401","2014","201402011500010169","Non-Representative",4680,"10",40.103333,-68.765167,197,184,194,22-APR-14,"08:31:11",40.095,68.7967,323,22-APR-14,"07:56","0120","SBE-19+V2","V",17.77,35.773,10.36,35.314,126,1.53,".59",0,4.9,321
"2014001HB","HB1401","2014","201402011400010170","Representative",4677,"10",40.156118,-68.70138,161,161,161,22-APR-14,"10:46:21",40.145,68.725,164,22-APR-14,"10:20","0121","SBE-19+V2","V",7.42,33.3,11.9,35.45,3,1.27,".44",1,6.9,163
"2014001HB","HB1401","2014","201402011400040171","Representative",4674,"10",40.170197,-68.6085,166,165,166,22-APR-14,"12:56:15",40.1417,68.6267,176,22-APR-14,"12:10","0122","SBE-19+V2","B",8.11,33.418,11.61,35.256,10,1.9,".77",1,7.3,174
"2014001HB","HB1401","2014","201402011000070172","Representative",4650,"10",40.291673,-69.141938,93,91,92,22-APR-14,"16:10:15",40.2817,69.1333,95,22-APR-14,"15:40","0123","SBE-19+V2","V",7.51,33.164,5.53,33.275,2,0.72,".5",1,9.6,94
"2014001HB","HB1401","2014","201402011000030173","Representative",4654,"10",40.371542,-69.05476,88,87,88,22-APR-14,"18:03:09",40.3667,69.04,88,22-APR-14,"17:29","0124","SBE-19+V2","B",7.9,33.085,8.1,33.89,0,0.74,".57",1,8.7,83
"2014001HB","HB1401","2014","201402011000080174","Representative",4649,"10",40.491952,-69.243185,73,71,73,22-APR-14,"20:21:19",40.4833,69.2283,74,22-APR-14,"19:59","0125","SBE-19+V2","V",6.15,33.119,5.7,33.119,1,0.86,".37",1,10.2,73
"2014001HB","HB1401","2014","201402010900050175","Representative",4973,"10",40.639335,-69.414667,49,51,50,22-APR-14,"22:40:28",40.645,69.4,42,22-APR-14,"22:10","0126","SBE-19+V2","B",6.27,32.978,5.99,32.975,7,0.75,".51",1,12.3,37
"2014001HB","HB1401","2014","201402010900020176","Representative",4976,"10",40.642892,-69.607018,52,52,52,23-APR-14,"00:22:07",40.6367,69.59,54,22-APR-14,"23:58","0127","SBE-19+V2","V",7.59,33.054,5.8,33.025,2,0.86,".4",1,11.7,51
"2014001HB","HB1401","2014","201402011000060177","Representative",4651,"10",40.882715,-69.00418,84,91,84,23-APR-14,"05:14:52",40.8667,69.0267,83,23-APR-14,"04:44","0128","SBE-19+V2","V",5.83,33.089,5.78,33.088,1,1.4,".51",1,11.4,82
"2014001HB","HB1401","2014","201402011000010178","Representative",4656,"10",41.000333,-68.931667,73,71,73,23-APR-14,"08:01:23",41.0117,68.9183,70,23-APR-14,"07:29","0129","SBE-19+V2","W",5.92,33.088,5.89,33.089,3,0.91,".54",1,10.4,68
"2014001HB","HB1401","2014","201402012500030179","Non-Representative",4737,"10",41.136962,-69.23323,58,56,57,23-APR-14,"10:50:40",41.1483,69.2483,57,23-APR-14,"10:29","0130","SBE-19+V2","V",5.34,32.95,5.35,32.95,1,0.96,".36",1,11.4,56
"2014001HB","HB1401","2014","201402012500060180","Representative",4737,"10",41.090333,-69.272667,58,58,58,23-APR-14,"16:53:29",41.1483,69.2483,57,23-APR-14,"10:29","0130","SBE-19+V2","V",5.34,32.95,5.35,32.95,1,3.65,"6.41",0,11.4,56
"2014001HB","HB1401","2014","201402012500010181","Representative",4739,"10",41.22608,-69.34765,55,54,55,23-APR-14,"18:27:33",41.2033,69.3367,48,23-APR-14,"18:01","0131","SBE-19+V2","V",5.16,32.876,5.01,32.877,7,1.45,".44",1,11.2,45
"2014001HB","HB1401","2014","201402012300010182","Representative",4727,"10",41.339215,-69.328308,79,79,79,23-APR-14,"20:21:26",41.36,69.3233,84,23-APR-14,"19:51","0132","SBE-19+V2","V",6.48,32.805,4.8,32.894,5,1.27,".51",1,10.6,82
"2014001HB","HB1401","2014","201402012400080183","Non-Representative",4728,"10",41.621333,-69.332833,163,164,164,24-APR-14,"00:07:07",41.6083,69.31,156,23-APR-14,"23:25","0133","SBE-19+V2","V",6.19,32.642,5.19,33.288,7,1.29,".7",1,9.5,155
"2014001HB","HB1401","2014","201402012400050184","Non-Representative",4731,"10",41.7465,-69.393667,171,172,172,24-APR-14,"02:56:31",41.7283,69.385,162,24-APR-14,"02:12","0134","SBE-19+V2","V",6.14,33.076,,,9,1.16,".74",0,9.4,150
"2014001HB","HB1401","2014","201402012500040185","Non-Representative",4736,"10",41.523667,-69.560167,43,42,42,24-APR-14,"06:34:26",41.52,69.5583,40,24-APR-14,"06:03","0135","SBE-19+V2","V",5.53,32.533,5.01,32.735,3,0.24,".52",1,11,35
"2014001HB","HB1401","2014","201402012500020186","Non-Representative",4738,"10",41.602167,-69.737833,34,39,36,24-APR-14,"09:41:32",41.585,69.73,31,24-APR-14,"09:14","0136","SBE-19+V2","V",5.55,32.411,5.55,32.412,3,1.09,".46",1,11.5,26
"2014001HB","HB1401","2014","201402012300020187","Representative",4726,"10",41.711768,-69.735145,82,81,81,24-APR-14,"12:05:09",41.7,69.72,81,24-APR-14,"11:35","0137","SBE-19+V2","V",5.22,32.352,4.67,32.891,1,0.98,".5",1,10.1,77
"2014001HB","HB1401","2014","201402035600040188","Non-Representative",4827,"10",41.6935,-69.853833,28,27,27,24-APR-14,"14:32:35",41.6767,69.8483,28,24-APR-14,"14:06","0138","SBE-19+V2","V",5.38,32.336,5.38,32.339,0,1.04,".44",1,11.6,24
"2014001HB","HB1401","2014","201402012700040189","Representative",4747,"10",42.158147,-69.961833,140,140,140,07-MAY-14,"01:04:52",42.18,69.98,135,07-MAY-14,"00:30","0139","SBE-19+V2","W",7.81,31.892,4.54,32.91,5,1.54,".58",1,9.8,132
"2014001HB","HB1401","2014","201402012800070190","Representative",4751,"10",42.032478,-69.514478,214,212,213,07-MAY-14,"05:24:48",42.0433,69.545,210,07-MAY-14,"04:22","0140","SBE-19+V2","V",8.08,32.967,5.78,33.546,4,1.51,"1.05",1,8.5,207
"2014001HB","HB1401","2014","201402012400040191","Representative",4732,"10",41.896958,-68.926802,155,157,156,07-MAY-14,"09:52:14",41.8767,68.9367,164,07-MAY-14,"09:17","0141","SBE-19+V2","V",7.51,33.029,5.26,33.384,9,1.29,".59",1,9.4,161
"2014001HB","HB1401","2014","201402012100030192","Representative",4715,"10",41.728652,-68.361758,86,86,86,07-MAY-14,"13:49:42",41.7183,68.3817,94,07-MAY-14,"13:24","0142","SBE-19+V2","V",7.38,33.097,5.4,33.117,8,1.09,".43",1,9.6,90
"2014001HB","HB1401","2014","201402012200010193","Representative",4721,"10",42.070375,-67.809675,192,193,193,07-MAY-14,"18:20:04",42.0617,67.8417,190,07-MAY-14,"17:41","0143","SBE-19+V2","V",7.7,32.871,6.46,33.773,2,1.52,".65",1,8,189
"2014001HB","HB1401","2014","201402012200030194","Representative",4719,"10",42.085713,-67.67238,175,180,177,07-MAY-14,"20:17:01",42.0767,67.6483,168,07-MAY-14,"19:45","0144","SBE-19+V2","V",7.45,33.022,5.5,33.399,7,1.2,".53",1,9.1,167
"2014001HB","HB1401","2014","201402012100020195","Representative",4716,"10",42.111485,-67.381737,83,83,83,07-MAY-14,"22:59:35",42.1183,67.3583,86,07-MAY-14,"22:30","0145","SBE-19+V2","V",7.48,33.074,6.3,33.144,3,1.12,".49",1,9.7,85
"2014001HB","HB1401","2014","201402012000050196","Representative",4709,"10",41.968667,-67.316667,54,55,54,08-MAY-14,"01:18:52",41.9467,67.29,55,08-MAY-14,"00:37","0146","SBE-19+V2","B",7.05,33.13,6.83,33.11,1,1.78,".7",1,10.4,51
"2014001HB","HB1401","2014","201402012000040197","Representative",4710,"10",41.864758,-67.385813,59,60,60,08-MAY-14,"04:07:43",41.855,67.3667,55,08-MAY-14,"03:43","0147","SBE-19+V2","W",6.98,33.118,6.99,33.118,4,1.04,".41",1,10.4,49
"2014001HB","HB1401","2014","201402011900100199","Representative",4706,"10",41.734667,-67.088333,60,60,61,08-MAY-14,"08:10:24",41.7083,67.1033,56,08-MAY-14,"07:07","0148","SBE-19+V2","B",6.73,33.121,6.74,33.122,4,1.72,"1.06",1,10.4,50
"2014001HB","HB1401","2014","201402011900040200","Representative",4704,"10",41.588547,-67.392845,57,57,57,08-MAY-14,"10:53:37",41.5983,67.405,52,08-MAY-14,"10:36","0149","SBE-19+V2","V",7.14,33.147,7.14,33.148,5,0.8,".29",1,10.3,48
"2014001HB","HB1401","2014","201402012000030201","Representative",4711,"10",41.674407,-67.668487,39,39,39,08-MAY-14,"14:02:58",41.6617,67.6617,37,08-MAY-14,"13:39","0150","SBE-19+V2","V",7.72,33.129,7.69,33.129,2,0.82,".4",1,9.7,32
"2014001HB","HB1401","2014","201402011900070202","Representative",4701,"10",41.516182,-67.839833,40,39,41,08-MAY-14,"17:41:54",41.505,67.855,33,08-MAY-14,"17:19","0151","SBE-19+V2","V",7.7,33.113,7.62,33.112,7,0.96,".38",1,10.1,31
"2014001HB","HB1401","2014","201402011900060203","Representative",4702,"10",41.251263,-68.05572,43,43,43,08-MAY-14,"22:08:21",41.2617,68.04,49,08-MAY-14,"21:46","0152","SBE-19+V2","B",7.7,33.156,7.67,33.157,6,0.95,".37",1,9.5,47
"2014001HB","HB1401","2014","201402011900090204","Representative",4699,"10",41.088677,-68.163623,47,43,46,09-MAY-14,"01:16:22",41.0917,68.1467,49,09-MAY-14,"00:49","0153","SBE-19+V2","V",7.75,33.172,7.73,33.171,2,0.79,".46",1,9.3,48
"2014001HB","HB1401","2014","201402012000010205","Representative",4713,"10",41.237812,-68.390013,56,54,55,09-MAY-14,"04:11:39",41.2333,68.4083,57,09-MAY-14,"03:50","0154","SBE-19+V2","B",7.53,33.142,7.55,33.142,1,0.87,".36",1,9.5,51
"2014001HB","HB1401","2014","201402012300030206","Representative",4725,"10",41.334773,-68.626467,79,78,79,09-MAY-14,"06:41:15",41.325,68.6417,78,09-MAY-14,"06:16","0155","SBE-19+V2","W",7.65,32.868,6.07,33.05,1,0.9,".42",1,10,75
"2014001HB","HB1401","2014","201402012000020207","Non-Representative",4712,"10",41.120142,-68.570453,58,58,58,09-MAY-14,"10:32:18",41.1367,68.5583,58,09-MAY-14,"10:07","0156","SBE-19+V2","B",7.59,33.14,7.57,33.14,0,1.14,".42",1,9.5,51
"2014001HB","HB1401","2014","201402012300050208","Non-Representative",4723,"10",41.09971,-68.756902,69,70,69,09-MAY-14,"12:33:43",41.1017,68.735,62,09-MAY-14,"12:11","0157","SBE-19+V2","V",7.3,33.142,7.23,33.135,7,1,".38",1,9.7,58
"2014001HB","HB1401","2014","201402012300060209","Representative",4722,"10",41.029607,-68.757088,62,62,62,09-MAY-14,"14:10:23",41.015,68.7583,62,09-MAY-14,"13:45","0158","SBE-19+V2","V",6.83,33.044,6.7,33.047,0,0.88,".42",1,10.2,60
"2014001HB","HB1401","2014","201402011300010210","Representative",4673,"10",40.790057,-68.70368,63,64,63,09-MAY-14,"17:04:11",40.7833,68.7233,64,09-MAY-14,"16:40","0159","SBE-19+V2","B",7.56,33.161,7.44,33.163,1,0.98,".4",1,10.2,60
"2014001HB","HB1401","2014","201402011900010211","Representative",4707,"10",40.755585,-68.595207,60,60,61,09-MAY-14,"19:10:34",40.755,68.615,57,09-MAY-14,"18:47","0160","SBE-19+V2","V",7.78,33.14,7.45,33.15,3,0.9,".39",1,10.5,55
"2014001HB","HB1401","2014","201402011900080212","Representative",4700,"10",40.780035,-68.378153,55,54,54,09-MAY-14,"21:46:48",40.7767,68.3783,52,09-MAY-14,"20:47","0161","SBE-19+V2","B",7.9,33.057,7.32,33.048,3,0.2,"1",1,10.7,51
"2014001HB","HB1401","2014","201402011300080213","Representative",4665,"10",40.815572,-68.138015,60,60,60,10-MAY-14,"00:07:11",40.8233,68.1233,62,09-MAY-14,"23:41","0162","SBE-19+V2","V",8.84,33,7.27,33.146,2,0.81,".44",1,9.6,61
"2014001HB","HB1401","2014","201402011300030214","Non-Representative",4670,"10",40.452333,-68.309,105,105,105,10-MAY-14,"03:17:34",40.4367,68.325,106,10-MAY-14,"02:48","0163","SBE-19+V2","W",13.32,34.385,10.51,34.589,1,1.19,".49",1,7.7,104
"2014001HB","HB1401","2014","201402011500020215","Representative",4679,"10",40.312445,-68.020518,187,187,187,10-MAY-14,"06:27:09",40.3083,68.0517,260,10-MAY-14,"05:46","0164","SBE-19+V2","V",7.54,32.93,11.15,35.393,73,1.45,".69",0,5.4,259
"2014001HB","HB1401","2014","201402011400030216","Representative",4675,"10",40.469568,-67.94338,124,128,126,10-MAY-14,"08:45:07",40.4917,67.94,116,10-MAY-14,"08:13","0165","SBE-19+V2","V",10.66,33.895,12.59,35.247,8,1.34,".54",1,7.5,112
"2014001HB","HB1401","2014","201402011500030217","Representative",4678,"10",40.453485,-67.315177,261,262,262,10-MAY-14,"13:23:04",40.4683,67.2767,253,10-MAY-14,"12:38","0166","SBE-19+V2","V",7.58,32.95,9.96,35.274,8,1.97,".75",1,5,249
"2014001HB","HB1401","2014","201402011300060218","Representative",4667,"10",40.648772,-67.181033,109,110,110,10-MAY-14,"16:11:59",40.6633,67.1733,107,10-MAY-14,"15:43","0167","SBE-19+V2","V",8.01,33.029,11.3,34.872,2,0.94,".48",1,7.9,106
"2014001HB","HB1401","2014","201402011300050219","Representative",4668,"10",40.845375,-67.461583,82,84,83,10-MAY-14,"18:53:52",40.86,67.465,82,10-MAY-14,"18:30","0168","SBE-19+V2","V",8.31,32.904,6.58,33.254,0,0.89,".4",1,9.4,79
"2014001HB","HB1401","2014","201402011300070220","Representative",4666,"10",40.996157,-67.53591,66,69,68,10-MAY-14,"20:59:06",41.0117,67.5383,66,10-MAY-14,"20:34","0169","SBE-19+V2","V",7.87,32.854,6.53,32.888,0,0.94,".42",1,10.3,65
"2014001HB","HB1401","2014","201402011900030221","Representative",4705,"10",41.179267,-67.423427,51,55,53,10-MAY-14,"23:10:17",41.195,67.4183,50,10-MAY-14,"22:46","0170","SBE-19+V2","B",7.32,32.905,6.77,32.913,1,0.97,".4",1,10.6,48
"2014001HB","HB1401","2014","201402011300040222","Representative",4669,"10",41.106872,-67.25027,61,63,62,11-MAY-14,"01:15:46",41.1217,67.2267,61,11-MAY-14,"00:45","0171","SBE-19+V2","B",7.88,32.98,6.44,33.011,0,1.39,".51",1,10.2,57
"2014001HB","HB1401","2014","201402011600040223","Representative",4686,"10",41.28831,-66.960593,68,67,68,11-MAY-14,"03:56:36",41.3033,66.9483,69,11-MAY-14,"03:34","0172","SBE-19+V2","B",6.53,32.727,,,1,1.06,".38",0,9.4,52
"2014001HB","HB1401","2014","201402011600120224","Representative",4691,"10",41.08533,-66.990277,70,69,70,11-MAY-14,"06:02:27",41.095,66.9783,70,11-MAY-14,"05:41","0173","SBE-19+V2","W",7.9,32.974,6.5,33.179,0,0.79,".36",1,9.4,66
"2014001HB","HB1401","2014","201402011300090225","Representative",4664,"10",40.800245,-66.83888,110,111,110,11-MAY-14,"08:38:15",40.8117,66.8217,110,11-MAY-14,"08:11","0174","SBE-19+V2","V",7.91,32.799,8.99,34.194,0,1.04,".45",1,8.2,107
"2014001HB","HB1401","2014","201402011800040226","Representative",4695,"10",40.899,-66.586167,195,191,193,11-MAY-14,"11:45:48",40.905,66.5717,215,11-MAY-14,"10:39","0175","SBE-19+V2","V",7.79,32.891,9.71,35.235,20,0.75,"1.11",1,5.1,212
"2014001HB","HB1401","2014","201402011700030227","Representative",4991,"10",40.9915,-66.515333,116,117,116,11-MAY-14,"14:00:10",41.015,66.4983,113,11-MAY-14,"13:26","0176","SBE-19+V2","B",9.12,33.46,11.78,35.359,3,1.61,".57",1,6.6,107
"2014001HB","HB1401","2014","201402011800020228","Representative",4697,"10",41.014525,-66.42652,303,292,301,11-MAY-14,"16:28:52",41.045,66.4067,457,11-MAY-14,"15:27","0177","SBE-19+V2","V",10.07,33.897,7.35,35.095,154,2.04,"1.03",0,5.7,456
"2014001HB","HB1401","2014","201402011700040229","Representative",4990,"10",41.055628,-66.451725,140,139,139,11-MAY-14,"18:36:14",41.075,66.4433,142,11-MAY-14,"18:06","0178","SBE-19+V2","V",10.8,34.241,11.39,35.222,2,1.22,".5",1,6.9,139
"2014001HB","HB1401","2014","201402011600080230","Representative",4682,"10",41.289753,-66.566463,88,89,88,11-MAY-14,"21:03:25",41.295,66.545,92,11-MAY-14,"20:39","0179","SBE-19+V2","V",7.18,32.571,7.39,33.589,4,1.02,".41",1,8.7,90
"2014001HB","HB1401","2014","201402011600020231","Representative",4688,"10",41.529228,-66.642347,80,79,80,11-MAY-14,"23:23:35",41.5467,66.64,79,11-MAY-14,"22:57","0180","SBE-19+V2","V",7.02,32.744,5.9,32.944,1,1.05,".44",1,9.7,78
"2014001HB","HB1401","2014","201402011600140232","Representative",4689,"10",41.554833,-66.57143,84,85,84,12-MAY-14,"01:09:18",41.565,66.5517,83,12-MAY-14,"00:41","0181","SBE-19+V2","V",6.41,32.232,5.88,32.942,1,1.08,".47",1,9.7,81
"2014001HB","HB1401","2014","201402011600110233","Representative",4692,"10",41.47894,-66.471645,94,94,94,12-MAY-14,"02:47:39",41.5017,66.4817,90,12-MAY-14,"02:21","0182","SBE-19+V2","B",6.84,32.379,6.05,33.054,4,1.44,".44",1,9.3,87
"2014001HB","HB1401","2014","201402011600070234","Representative",4683,"10",41.314128,-66.332337,94,94,94,12-MAY-14,"04:40:03",41.3267,66.3183,97,12-MAY-14,"04:15","0183","SBE-19+V2","W",5.92,31.879,9.08,34.595,3,0.99,".42",1,7,94
"2014001HB","HB1401","2014","201402011800050236","Representative",4696,"10",41.323667,-66.182667,191,191,187,12-MAY-14,"08:26:26",41.3567,66.1967,142,12-MAY-14,"07:03","0184","SBE-19+V2","V",5.92,31.944,9.63,34.824,49,2.08,"1.39",0,6.8,140
"2014001HB","HB1401","2014","201402011600050237","Representative",4685,"10",41.5155,-66.166167,100,101,100,12-MAY-14,"10:54:08",41.545,66.165,97,12-MAY-14,"10:12","0185","SBE-19+V2","B",5.24,31.815,6.33,33.288,3,1.77,".7",1,9,89
"2014001HB","HB1401","2014","201402011600030238","Representative",4687,"10",41.766335,-66.419223,80,78,79,12-MAY-14,"13:58:01",41.7833,66.4067,81,12-MAY-14,"13:28","0186","SBE-19+V2","B",5.59,31.836,5.22,32.844,1,1.16,".5",1,9.6,78
"2014001HB","HB1401","2014","201402011600060239","Representative",4684,"10",41.730137,-66.128715,92,93,92,12-MAY-14,"16:23:19",41.7417,66.11,93,12-MAY-14,"15:58","0187","SBE-19+V2","V",5.42,31.93,6.01,33.169,1,1.09,".42",1,9,91
"2014001HB","HB1401","2014","201402011700010240","Representative",4993,"10",41.639318,-65.88235,142,142,141,12-MAY-14,"18:46:35",41.6533,65.86,148,12-MAY-14,"18:17","0188","SBE-19+V2","V",11.56,34.295,11.18,35.294,6,1.31,".49",1,6.1,147
"2014001HB","HB1401","2014","201402011700020241","Representative",4992,"10",41.854173,-65.870798,124,123,123,12-MAY-14,"22:03:26",41.835,65.8717,125,12-MAY-14,"21:32","0189","SBE-19+V2","V",9.58,33.877,11.23,35.048,1,1.15,".52",1,7.4,123
"2014001HB","HB1401","2014","201402011800010242","Non-Representative",4698,"10",41.9236,-65.770428,199,201,199,13-MAY-14,"00:12:19",41.9517,65.795,199,12-MAY-14,"23:25","0190","SBE-19+V2","V",10.28,33.923,9.7,35.224,0,2.01,".79",1,5.5,198
"2014001HB","HB1401","2014","201402012900100243","Non-Representative",4766,"10",42.0875,-65.845167,259,259,258,13-MAY-14,"02:59:06",42.105,65.8717,257,13-MAY-14,"02:16","0191","SBE-19+V2","W",5.64,31.557,7.8,35.134,2,1.58,".72",1,6.2,256
"2014001HB","HB1401","2014","201402012900020244","Representative",4765,"10",42.169558,-65.82079,251,249,250,13-MAY-14,"05:39:09",42.1367,65.8317,249,13-MAY-14,"04:50","0192","SBE-19+V2","V",5.95,31.714,8.79,35.167,2,2.03,".82",1,6.3,248
"2014001HB","HB1401","2014","201402011600130245","Representative",4690,"10",42.018342,-66.09809,97,98,97,13-MAY-14,"10:04:14",42.005,66.115,95,13-MAY-14,"09:34","0193","SBE-19+V2","V",5.05,31.965,6.4,33.319,2,1.1,".5",1,9.4,92
"2014001HB","HB1401","2014","201402011600010246","Representative",4694,"10",42.050185,-66.174112,95,96,95,13-MAY-14,"12:18:48",42.055,66.1983,94,13-MAY-14,"11:36","0194","SBE-19+V2","B",5.57,32.073,6.39,33.288,1,1.12,".71",1,9.4,89
"2014001HB","HB1401","2014","201402012200020247","Representative",4720,"10",42.169543,-66.257382,201,201,201,13-MAY-14,"14:39:34",42.1733,66.28,196,13-MAY-14,"14:05","0195","SBE-19+V2","V",7.23,32.768,8.73,34.289,5,1.03,".58",1,7.7,194
"2014001HB","HB1401","2014","201402012200050249","Representative",4718,"10",42.155667,-66.487,151,150,150,13-MAY-14,"19:03:43",42.1567,66.4633,172,13-MAY-14,"17:15","0196","SBE-19+V2","V",7.31,33.056,9.13,34.494,21,1.06,"1.81",1,7.3,170
"2014001HB","HB1401","2014","201402012200040248","Non-Representative",4718,"10",42.158,-66.499,151,149,150,13-MAY-14,"18:03:51",42.1567,66.4633,172,13-MAY-14,"17:15","0196","SBE-19+V2","V",7.31,33.056,9.13,34.494,21,1.59,".81",1,7.3,170
"2014001HB","HB1401","2014","201402012100040250","Representative",4714,"10",42.13873,-66.713837,96,96,96,13-MAY-14,"21:04:22",42.135,66.74,82,13-MAY-14,"20:37","0197","SBE-19+V2","B",7.53,33,5.91,33.299,14,1.19,".46",1,9.3,79
"2014001HB","HB1401","2014","201402012100010251","Representative",4717,"10",42.157272,-66.84386,114,115,114,13-MAY-14,"22:59:46",42.1517,66.8733,106,13-MAY-14,"22:28","0198","SBE-19+V2","B",7.33,33.005,5.9,33.258,8,1.35,".53",1,9.4,100
"2014001HB","HB1401","2014","201402013000010252","Representative",4770,"10",42.319635,-67.207295,295,295,294,14-MAY-14,"02:14:00",42.32,67.2483,293,14-MAY-14,"01:26","0199","SBE-19+V2","V",7.14,32.439,9.05,35.062,2,1.82,".8",1,5.3,292
"2014001HB","HB1401","2014","201402012900010253","Representative",4767,"10",42.522365,-67.430482,299,300,298,14-MAY-14,"05:27:48",42.515,67.465,291,14-MAY-14,"04:47","0200","SBE-19+V2","W",6.85,32.449,9.25,35.018,8,1.59,".68",1,5.6,288
"2014001HB","HB1401","2014","201402013000040255","Representative",4768,"10",42.550213,-67.008528,314,315,315,14-MAY-14,"08:42:41",42.5483,66.96,307,14-MAY-14,"07:55","0201","SBE-19+V2","V",6.88,32.3,8.93,35.081,7,2.15,".79",1,5.3,304
"2014001HB","HB1401","2014","201402012900050256","Representative",4762,"10",42.635377,-66.844475,224,220,223,14-MAY-14,"12:04:39",42.6567,66.88,223,14-MAY-14,"10:52","0202","SBE-19+V2","V",7.11,32.476,9.16,34.757,1,2.03,"1.21",1,6.2,221
"2014001HB","HB1401","2014","201402012900030257","Representative",4764,"10",42.613333,-66.632,178,179,179,14-MAY-14,"15:15:41",42.6167,66.6767,180,14-MAY-14,"14:11","0203","SBE-19+V2","B",7.31,32.308,7.29,34.001,2,1.99,"1.08",1,7.5,176
"2014001HB","HB1401","2014","201402012900040258","Non-Representative",4763,"10",42.563,-66.468333,211,211,211,14-MAY-14,"17:21:40",42.565,66.4367,205,14-MAY-14,"16:38","0204","SBE-19+V2","V",5.35,31.923,8.73,34.485,6,1.4,".73",1,6.7,203
"2014001HB","HB1401","2014","201402013600130260","Representative",4783,"10",42.930397,-66.800652,192,196,196,14-MAY-14,"22:15:18",42.91,66.81,194,14-MAY-14,"21:36","0205","SBE-19+V2","V",6.87,32.782,7.68,34.056,2,1.29,".66",1,7.2,193
"2014001HB","HB1401","2014","201402013400050261","Non-Representative",4773,"10",43.105463,-66.754617,108,120,109,15-MAY-14,"00:19:11",43.12,66.7417,130,14-MAY-14,"23:45","0206","SBE-19+V2","V",5.5,32.286,6.58,33.419,22,1.04,".57",0,8.3,128
"2014001HB","HB1401","2014","201402013400030262","Representative",4775,"10",43.302167,-66.8575,194,193,194,15-MAY-14,"03:11:54",43.325,66.85,191,15-MAY-14,"02:27","0207","SBE-19+V2","V",5.99,32.341,7.34,33.839,3,1.41,".75",1,7.3,190
"2014001HB","HB1401","2014","201402013600110265","Representative",4791,"10",43.522042,-67.427652,223,223,223,15-MAY-14,"07:24:00",43.5,67.4533,222,15-MAY-14,"06:43","0208","SBE-19+V2","V",7.45,32.644,8.42,34.379,1,1.73,".68",1,6.2,220
"2014001HB","HB1401","2014","201402013600050266","Representative",4786,"10",43.543908,-67.354915,231,234,233,15-MAY-14,"09:46:47",43.5183,67.365,223,15-MAY-14,"09:07","0209","SBE-19+V2","W",7.29,32.638,8.37,34.347,8,1.6,".66",1,6.2,222
"2014001HB","HB1401","2014","201402013400060267","Representative",4772,"10",43.819698,-66.959605,196,196,196,15-MAY-14,"13:14:25",43.835,66.9417,180,15-MAY-14,"12:29","0210","SBE-19+V2","B",6.44,32.541,7.46,33.887,16,1.2,".76",1,7.2,175
"2014001HB","HB1401","2014","201402013400020268","Representative",4776,"10",43.896675,-66.8298,138,136,138,15-MAY-14,"15:29:31",43.9167,66.8283,130,15-MAY-14,"14:55","0211","SBE-19+V2","V",5.9,32.35,6.63,33.406,8,1.2,".58",1,8.2,128
"2014001HB","HB1401","2014","201402013400040269","Representative",4774,"10",44.024687,-66.958172,174,173,173,15-MAY-14,"18:02:34",44.015,66.9883,172,15-MAY-14,"17:29","0212","SBE-19+V2","V",7.09,32.597,7.6,33.934,2,1.43,".56",1,7.1,170
"2014001HB","HB1401","2014","201402013400070270","Representative",4771,"10",44.047315,-67.083668,147,148,149,15-MAY-14,"20:18:39",44.03,67.1033,128,15-MAY-14,"19:33","0213","SBE-19+V2","B",6.87,32.54,6.55,33.371,19,1.34,".76",1,8.3,126
"2014001HB","HB1401","2014","201402013400010271","Representative",4777,"10",44.039463,-67.289983,200,201,199,15-MAY-14,"22:32:37",44.0233,67.3167,195,15-MAY-14,"22:00","0214","SBE-19+V2","V",7.07,32.625,8.07,34.107,5,1.51,".54",1,6.6,193
"2014001HB","HB1401","2014","201402013510010272","Representative",4781,"10",44.349245,-67.021548,139,136,137,16-MAY-14,"02:14:39",44.3617,67.0033,137,16-MAY-14,"01:42","0215","SBE-19+V2","V",5.67,32.131,6.68,33.385,2,1.08,".54",1,8.1,135
"2014001HB","HB1401","2014","201402013510020273","Representative",4780,"10",44.292867,-67.235202,182,178,180,16-MAY-14,"05:03:19",44.2833,67.265,188,16-MAY-14,"04:29","0216","SBE-19+V2","W",6.64,32.562,7.84,33.987,6,1.4,".57",1,6.9,184
"2014001HB","HB1401","2014","201402013510030274","Representative",4779,"10",44.315018,-67.283932,167,161,164,16-MAY-14,"07:03:34",44.3,67.3033,175,16-MAY-14,"06:25","0217","SBE-19+V2","V",6.44,32.591,7.46,33.804,8,1.23,".64",1,7.3,173
"2014001HB","HB1401","2014","201402013510040275","Representative",4778,"10",44.345653,-67.286428,143,144,141,16-MAY-14,"10:21:06",44.345,67.325,87,16-MAY-14,"09:39","0218","SBE-19+V2","B",5.56,31.988,5.82,32.662,56,1.66,".7",0,9.3,82
"2014001HB","HB1401","2014","201402013900080276","Representative",5627,"10",44.251378,-67.914183,70,69,70,16-MAY-14,"22:03:14",44.2383,67.9417,72,16-MAY-14,"21:36","0219","SBE-19+V2","V",6.56,31.429,5.13,31.774,2,1.42,".45",1,9.8,68
"2014001HB","HB1401","2014","201402013900040277","Representative",5631,"10",44.165818,-67.951607,87,89,88,17-MAY-14,"01:10:48",44.135,67.9783,83,17-MAY-14,"00:23","0220","SBE-19+V2","V",6.94,31.458,5.33,32.175,4,2.18,".8",1,9.5,82
"2014001HB","HB1401","2014","201402013800080278","Representative",4846,"10",43.933517,-68.06512,177,183,181,17-MAY-14,"05:08:48",43.91,68.0783,187,17-MAY-14,"04:24","0221","SBE-19+V2","W",7.36,32.371,7.35,33.775,10,1.52,".75",1,7.2,185
"2014001HB","HB1401","2014","201402013800040279","Representative",4850,"10",43.79346,-68.133557,175,178,175,17-MAY-14,"07:49:23",43.77,68.1417,178,17-MAY-14,"07:08","0222","SBE-19+V2","V",7.59,32.363,7.76,33.947,3,1.45,".69",1,6.8,175
"2014001HB","HB1401","2014","201402013800010280","Representative",4853,"10",43.74236,-68.439947,183,184,185,17-MAY-14,"11:49:45",43.7067,68.4733,191,17-MAY-14,"10:15","0223","SBE-19+V2","V",6.06,31.594,7.36,33.776,8,2.58,"1.58",1,7.2,189
"2014001HB","HB1401","2014","201402013900010281","Representative",4858,"10",43.940893,-68.35406,110,108,107,17-MAY-14,"15:13:08",43.945,68.3217,117,17-MAY-14,"14:33","0224","SBE-19+V2","B",6.75,32.217,5.91,32.88,7,1.42,".67",1,8.8,110
"2014001HB","HB1401","2014","201402013900050282","Representative",4854,"10",44.088828,-68.100295,103,101,101,17-MAY-14,"18:18:52",44.1017,68.09,100,17-MAY-14,"17:47","0225","SBE-19+V2","B",6.21,31.508,5.37,32.081,3,0.89,".53",1,9.6,95
"2014001HB","HB1401","2014","201402013800070283","Representative",4847,"10",44.168115,-67.59299,180,187,184,17-MAY-14,"22:50:09",44.1917,67.5833,213,17-MAY-14,"21:59","0226","SBE-19+V2","B",6.62,32.48,8.12,34.097,33,1.48,".85",0,6.7,203
"2014001HB","HB1401","2014","201402013600120284","Non-Representative",4790,"10",44.033,-67.572333,220,222,220,18-MAY-14,"01:45:06",44.06,67.6033,202,18-MAY-14,"00:55","0227","SBE-19+V2","B",6.93,32.431,8.68,34.358,18,2.1,".84",1,6.1,200
"2014001HB","HB1401","2014","201402013600030285","Representative",4788,"10",43.81324,-67.718203,226,231,229,18-MAY-14,"04:57:34",43.8367,67.72,214,18-MAY-14,"04:16","0228","SBE-19+V2","W",7.98,32.479,9,34.476,12,1.41,".69",1,5.8,213
"2014001HB","HB1401","2014","201402013600070286","Representative",4784,"10",43.771807,-67.821625,220,220,220,18-MAY-14,"07:06:59",43.795,67.8233,220,18-MAY-14,"06:30","0229","SBE-19+V2","V",7.93,32.491,8.86,34.415,0,1.39,".62",1,6,219
"2014001HB","HB1401","2014","201402013600040287","Representative",4787,"10",43.622323,-67.867945,240,242,241,18-MAY-14,"10:43:06",43.6567,67.8617,237,18-MAY-14,"09:34","0230","SBE-19+V2","B",7.93,32.341,,,3,2.08,"1.15",0,5.8,203
"2014001HB","HB1401","2014","201402013600040287","Representative",4787,"10",43.622323,-67.867945,240,242,241,18-MAY-14,"10:43:06",43.65,67.85,239,18-MAY-14,"10:02","0231","SBE-19+V2","V",7.86,32.318,8.99,34.472,1,1.84,".69",1,5.8,238
"2014001HB","HB1401","2014","201402013600090288","Representative",4782,"10",43.293838,-67.794767,249,248,248,18-MAY-14,"14:28:54",43.3167,67.775,252,18-MAY-14,"13:45","0232","SBE-19+V2","V",7.83,32.434,8.5,34.394,3,1.62,".73",1,6.1,251
"2014001HB","HB1401","2014","201402013600060289","Representative",4785,"10",43.108452,-67.889833,196,196,197,18-MAY-14,"17:30:16",43.1217,67.87,195,18-MAY-14,"16:45","0233","SBE-19+V2","B",8.44,32.719,6.73,33.643,1,1.18,".75",1,7.8,194
"2014001HB","HB1401","2014","201402013600020290","Representative",4789,"10",43.095105,-67.817762,196,195,196,18-MAY-14,"19:42:01",43.12,67.8017,188,18-MAY-14,"19:00","0234","SBE-19+V2","V",8.08,32.726,6.59,33.6,8,1.65,".7",1,7.9,187
"2014001HB","HB1401","2014","201402013600100291","Representative",4792,"10",42.843203,-67.893122,192,199,198,18-MAY-14,"23:14:25",42.835,67.93,182,18-MAY-14,"22:23","0235","SBE-19+V2","B",8.99,32.692,7.64,34.072,10,1.7,".86",1,7,178
"2014001HB","HB1401","2014","201402012900090292","Representative",4758,"10",42.773947,-67.78727,205,200,204,19-MAY-14,"02:39:53",42.7733,67.83,205,19-MAY-14,"01:56","0236","SBE-19+V2","V",7.59,32.504,8.18,34.348,0,1.88,".73",1,6.5,198
"2014001HB","HB1401","2014","201402012900080293","Representative",4759,"10",42.414263,-68.191018,177,180,177,19-MAY-14,"06:46:19",42.415,68.21,189,19-MAY-14,"06:04","0237","SBE-19+V2","B",8.17,32.598,7.04,33.852,12,0.84,".71",1,7.4,184
"2014001HB","HB1401","2014","201402012900060294","Representative",4761,"10",42.23788,-67.799655,235,236,236,19-MAY-14,"10:33:42",42.245,67.7483,230,19-MAY-14,"09:24","0238","SBE-19+V2","B",9.03,32.913,,,5,2.32,"1.16",0,5.9,204
"2014001HB","HB1401","2014","201402012900060294","Representative",4761,"10",42.23788,-67.799655,235,236,236,19-MAY-14,"10:33:42",42.24,67.76,229,19-MAY-14,"09:49","0239","SBE-19+V2","V",9.05,32.91,8.77,34.776,6,1.77,".75",1,5.6,226
"2014001HB","HB1401","2014","201402012900070295","Representative",4760,"10",42.178403,-67.928198,234,234,234,19-MAY-14,"12:29:20",42.1767,67.89,235,19-MAY-14,"11:49","0240","SBE-19+V2","W",9.17,33.047,8.83,34.864,1,1.7,".67",1,5.4,233
"2014005HB","HB1405","2014","201404017200010018","Representative",6096,"10",37.933338,-73.973108,218,218,218,10-SEP-14,"14:56:09",37.9217,73.995,189,10-SEP-14,"14:13","0002","SBE-911+","V",25.74,35.069,12.02,35.52,29,1.25,".72",1,4.9,188
"2014005HB","HB1405","2014","201404017000010019","Representative",5967,"10",37.96386,-74.311773,66,66,67,10-SEP-14,"17:50:29",37.95,74.3217,65,10-SEP-14,"17:24","0003","SBE-911+","W",23.43,32.629,9.98,33.199,1,0.96,".44",1,6.7,59
"2014005HB","HB1405","2014","201404017100010020","Representative",6060,"10",37.741758,-74.213818,138,138,138,10-SEP-14,"20:28:44",37.7267,74.225,132,10-SEP-14,"19:59","0004","SBE-911+","V",25.64,35.103,12.82,34.897,6,1.05,".5",1,5.5,123
"2014005HB","HB1405","2014","201404017100030022","Representative",5982,"10",37.644852,-74.256347,153,153,154,10-SEP-14,"22:35:33",37.6267,74.27,145,10-SEP-14,"22:02","0005","SBE-911+","V",26.58,35.332,14.25,35.471,8,1.27,".56",1,5.5,141
"2014005HB","HB1405","2014","201404016800040024","Representative",6028,"10",37.506193,-74.330223,287,288,286,11-SEP-14,"04:24:28",37.4817,74.34,366,11-SEP-14,"03:35","0007","SBE-911+","V",26.92,35.775,9.93,35.271,79,1.54,".82",0,4.3,365
"2014005HB","HB1405","2014","201404016800030025","Representative",6129,"10",37.437333,-74.4225,243,242,244,11-SEP-14,"06:37:14",37.4533,74.4383,105,11-SEP-14,"08:28","0008","SBE-911+","V",27.16,35.734,14.74,35.717,138,1.22,"1.85",0,5.3,102
"2014005HB","HB1405","2014","201404017000030027","Representative",5956,"10",37.65996,-74.491322,69,70,69,11-SEP-14,"11:56:55",37.6467,74.5033,69,11-SEP-14,"11:36","0010","SBE-911+","V",25.65,35.055,10.58,33.514,0,0.98,".35",1,6.8,63
"2014005HB","HB1405","2014","201404016600030030","Representative",5961,"10",37.508278,-74.602895,62,62,63,11-SEP-14,"17:03:44",37.52,74.59,67,11-SEP-14,"16:39","0013","SBE-911+","W",25.38,34.93,10.51,33.607,5,0.93,".41",1,7.1,64
"2014005HB","HB1405","2014","201404016700010034","Representative",6012,"10",37.167593,-74.564075,128,128,128,12-SEP-14,"02:31:51",37.1867,74.56,129,12-SEP-14,"02:00","0017","SBE-911+","V",27.35,35.564,13.48,35.69,1,1.16,".53",1,5.3,124
"2014005HB","HB1405","2014","201404016800010035","Representative",6062,"10",37.086257,-74.696805,274,275,276,12-SEP-14,"05:20:13",37.075,74.6733,378,12-SEP-14,"04:34","0018","SBE-911+","W",26.22,35.306,10.33,35.343,104,1.31,".77",0,4.7,370
"2014005HB","HB1405","2014","201404016600010036","Representative",6149,"10",37.055325,-74.681645,90,88,89,12-SEP-14,"07:02:48",37.0533,74.6633,153,12-SEP-14,"06:37","0019","SBE-911+","V",25.96,35.205,12.92,35.613,63,0.89,".43",0,5,151
"2014005HB","HB1405","2014","201404016700020040","Representative",5895,"10",36.666285,-74.700623,145,148,145,12-SEP-14,"16:09:48",36.6417,74.7083,169,12-SEP-14,"15:36","0023","SBE-911+","V",25.52,34.166,13.48,35.697,24,1.52,".56",0,5.2,168
"2014005HB","HB1405","2014","201404016700040041","Representative",7171,"10",36.597667,-74.718667,145,148,146,12-SEP-14,"18:10:14",36.575,74.7267,164,12-SEP-14,"17:35","0024","SBE-911+","V",25.37,33.872,13.94,35.747,19,1.42,".59",1,5.2,163
"2014005HB","HB1405","2014","201404016400010042","Representative",5822,"10",36.321498,-74.780448,223,215,217,12-SEP-14,"21:48:40",36.3,74.7867,152,12-SEP-14,"20:37","0025","SBE-911+","V",26.11,34.169,14.21,35.742,71,1.33,"1.19",0,5.1,149
"2014005HB","HB1405","2014","201404016200010044","Representative",6100,"10",36.225252,-74.862157,84,85,85,13-SEP-14,"02:47:53",36.21,74.8667,83,13-SEP-14,"02:21","0027","SBE-911+","V",26.03,33.428,13.09,34.307,1,0.94,".45",1,7,76
"2014005HB","HB1405","2014","201404016300030045","Representative",6075,"10",36.105667,-74.797333,159,159,160,13-SEP-14,"05:05:17",36.0883,74.7983,152,13-SEP-14,"04:34","0028","SBE-911+","W",25.4,32.283,14.88,35.847,7,1.04,".52",1,5.2,150
"2014005HB","HB1405","2014","201404016400030046","Representative",6055,"10",36.051032,-74.780448,283,285,283,13-SEP-14,"07:32:17",36.0183,74.7917,218,13-SEP-14,"06:47","0029","SBE-911+","V",24.86,32.118,12.26,35.551,65,2.04,".75",0,4.8,215
"2014005HB","HB1405","2014","201404016100030048","Representative",5927,"10",35.939863,-74.979755,54,55,54,13-SEP-14,"11:46:31",35.9383,74.9833,53,13-SEP-14,"10:57","0031","SBE-911+","V",24.86,31.505,15.91,33.815,1,0.2,".83",1,7,48
"2014005HB","HB1405","2014","201404016400020049","Representative",6010,"10",35.913762,-74.822563,260,253,255,13-SEP-14,"14:45:08",35.94,74.8167,199,13-SEP-14,"14:06","0032","SBE-911+","V",26.73,33.28,13.63,35.699,61,1.6,".65",0,5.1,195
"2014005HB","HB1405","2014","201404016300010050","Representative",6032,"10",35.826363,-74.874485,168,173,166,13-SEP-14,"16:45:15",35.855,74.875,102,13-SEP-14,"16:11","0033","SBE-911+","V",27.17,32.916,13.76,35.043,66,1.72,".57",0,5.9,96
"2014005HB","HB1405","2014","201404016200020051","Representative",5907,"10",35.788585,-74.927855,66,66,66,13-SEP-14,"18:11:24",35.7733,74.925,67,13-SEP-14,"17:50","0034","SBE-911+","V",26.41,32.51,15.61,34.908,1,0.93,".36",1,6.3,61
"2014005HB","HB1405","2014","201404016300020052","Representative",6069,"10",35.589167,-74.799,130,131,130,13-SEP-14,"21:54:58",35.5783,74.8,123,13-SEP-14,"20:52","0035","SBE-911+","V",25.95,31.29,14.05,35.162,7,0.65,"1.05",1,5.8,117
"2014005HB","HB1405","2014","201404085000030053","Representative",6140,"10",35.364623,-75.06774,34,33,33,14-SEP-14,"00:40:36",35.3717,75.055,35,14-SEP-14,"00:24","0036","SBE-911+","V",27.41,31.251,26.88,35.664,1,0.76,".28",1,6.3,30
"2014005HB","HB1405","2014","201404085000010054","Representative",5994,"10",35.373692,-75.268458,27,27,27,14-SEP-14,"02:37:11",35.3883,75.2633,28,14-SEP-14,"02:19","0037","SBE-911+","V",26.16,30.825,26.99,34.533,1,0.91,".3",1,6,24
"2014005HB","HB1405","2014","201404034400010055","Representative",5885,"10",35.165108,-75.27472,32,35,34,14-SEP-14,"04:46:56",35.185,75.27,26,14-SEP-14,"04:16","0038","SBE-911+","V",28.21,35.802,27.94,36.039,6,1.22,".52",1,6.4,24
"2014005HB","HB1405","2014","201404075200010056","Representative",5924,"10",35.060052,-75.467112,28,28,28,14-SEP-14,"07:09:59",35.0583,75.4467,30,14-SEP-14,"06:51","0039","SBE-911+","W",28.49,35.812,27.51,35.694,2,1.01,".32",1,6.3,28
"2014005HB","HB1405","2014","201404075200020057","Representative",5966,"10",34.939958,-75.850103,23,25,24,14-SEP-14,"10:05:55",34.9367,75.8583,24,14-SEP-14,"09:45","0040","SBE-911+","V",27.41,35.759,27.19,36.091,1,0.45,".35",1,6.5,20
"2014005HB","HB1405","2014","201404085000020058","Representative",5877,"10",34.683042,-76.038602,36,36,36,14-SEP-14,"12:56:47",34.675,76.05,36,14-SEP-14,"12:39","0041","SBE-911+","V",27.65,35.519,25.3,36.303,0,0.74,".3",1,6.5,33
"2014005HB","HB1405","2014","201404085100010059","Representative",6005,"10",34.546727,-75.887795,58,58,58,14-SEP-14,"15:02:52",34.535,75.9,59,14-SEP-14,"14:43","0042","SBE-911+","V",27.81,35.423,25.49,36.241,1,0.93,".33",1,6.1,55
"2014005HB","HB1405","2014","201404085300010060","Representative",5950,"10",34.414833,-75.811167,229,228,229,14-SEP-14,"18:20:06",34.39,75.835,225,14-SEP-14,"16:52","0043","SBE-911+","V",29.76,35.766,16.59,36.187,4,1.9,"1.47",1,4.4,221
"2014005HB","HB1405","2014","201404085300030061","Representative",6119,"10",34.43919,-75.744175,337,339,338,14-SEP-14,"20:52:00",34.4583,75.735,308,14-SEP-14,"19:55","0044","SBE-911+","V",29.76,35.807,13.93,35.824,29,1.23,".95",1,4.4,305
"2014005HB","HB1405","2014","201404085300020062","Representative",5908,"10",34.825937,-75.401738,341,341,338,15-SEP-14,"02:37:24",34.8633,75.3633,338,15-SEP-14,"01:24","0045","SBE-911+","W",29.57,35.915,11.11,35.407,3,2.94,"1.22",1,4.2,337
"2014005HB","HB1405","2014","201404085100030063","Representative",5995,"10",34.948365,-75.395653,94,94,94,15-SEP-14,"04:56:05",34.96,75.3783,92,15-SEP-14,"04:22","0046","SBE-911+","V",28.03,35.237,22.76,36.39,2,1.1,".57",1,5.9,91
"2014005HB","HB1405","2014","201404085100040065","Representative",5782,"10",35.032833,-75.346333,66,64,64,15-SEP-14,"08:00:17",35.0317,75.3417,65,15-SEP-14,"06:25","0047","SBE-911+","V",28.16,35.645,25.26,36.278,1,0.24,"1.59",1,6.3,62
"2014005HB","HB1405","2014","201404085100020064","Non-Representative",5782,"10",35.02264,-75.353778,66,64,65,15-SEP-14,"06:44:50",35.0317,75.3417,65,15-SEP-14,"06:25","0047","SBE-911+","V",28.16,35.645,25.26,36.278,1,0.81,".33",1,6.3,62
"2014005HB","HB1405","2014","201404085200010066","Representative",6030,"10",35.19062,-75.078097,160,158,158,15-SEP-14,"11:05:27",35.2017,75.0767,138,15-SEP-14,"10:30","0048","SBE-911+","V",29.36,35.845,20.81,36.383,22,0.67,".59",1,5.3,134
"2014005HB","HB1405","2014","201404085200020067","Representative",6063,"10",35.29931,-74.976653,139,139,138,15-SEP-14,"13:21:09",35.3133,74.965,149,15-SEP-14,"12:44","0049","SBE-911+","V",28.99,35.745,18.26,36.252,10,1.02,".62",1,4.8,148
"2014005HB","HB1405","2014","201404085200030068","Representative",5856,"10",35.309675,-74.979978,115,115,115,15-SEP-14,"14:53:22",35.3267,74.97,108,15-SEP-14,"14:18","0050","SBE-911+","V",28.73,35.62,22.78,36.315,7,1.13,".59",1,5.7,104
"2014005HB","HB1405","2014","201404034400020069","Representative",5779,"10",35.557605,-75.229522,34,34,34,15-SEP-14,"17:39:04",35.545,75.23,33,15-SEP-14,"17:22","0051","SBE-911+","V",24.57,31.351,24.49,31.516,1,0.76,".28",1,6.6,28
"2014005HB","HB1405","2014","201404034400030070","Representative",6088,"10",35.658487,-75.244025,33,34,33,15-SEP-14,"19:08:17",35.6433,75.2417,34,15-SEP-14,"18:50","0052","SBE-911+","V",24.57,31.095,24.5,31.275,1,0.92,".3",1,6.6,30
"2014005HB","HB1405","2014","201404034100050073","Representative",5815,"10",35.876688,-75.339313,28,29,29,16-SEP-14,"01:14:45",35.865,75.34,30,16-SEP-14,"00:57","0055","SBE-911+","V",24.34,30.102,23.45,32.478,2,0.7,".3",1,6.6,27
"2014005HB","HB1405","2014","201404016100040074","Representative",6142,"10",35.97195,-75.275283,29,28,28,16-SEP-14,"02:42:51",35.9517,75.2867,28,16-SEP-14,"02:20","0056","SBE-911+","W",23.46,32.695,23.49,32.764,1,1.34,".38",1,6.8,25
"2014005HB","HB1405","2014","201404034100020075","Representative",6128,"10",36.058085,-75.606612,24,25,25,16-SEP-14,"06:02:11",36.07,75.6083,25,16-SEP-14,"05:47","0057","SBE-911+","V",24.16,30.062,23.71,32.12,1,0.72,".25",1,6.4,20
"2014005HB","HB1405","2014","201404034100040077","Representative",6034,"10",36.33235,-75.626697,23,22,23,16-SEP-14,"10:21:54",36.3167,75.625,24,16-SEP-14,"10:01","0059","SBE-911+","V",23.54,31.951,23.61,32.036,1,0.94,".35",1,6.8,18
"2014005HB","HB1405","2014","201404034100010078","Representative",6056,"10",36.361743,-75.625915,24,23,23,16-SEP-14,"11:49:55",36.3483,75.6233,22,16-SEP-14,"11:33","0060","SBE-911+","V",23.72,31.823,23.68,31.852,2,0.82,".28",1,6.7,17
"2014005HB","HB1405","2014","201404016100020079","Representative",5840,"10",36.411358,-75.417907,25,23,24,16-SEP-14,"13:57:46",36.415,75.405,31,16-SEP-14,"13:43","0061","SBE-911+","V",23.97,31.606,23.03,33.883,6,0.66,".25",1,6.9,26
"2014005HB","HB1405","2014","201404033800010080","Representative",5909,"10",36.758242,-75.702437,20,18,19,16-SEP-14,"17:09:30",36.7517,75.6833,23,16-SEP-14,"16:51","0062","SBE-911+","V",24.17,31.514,23.6,32.053,3,1,".31",1,6.9,18
"2014005HB","HB1405","2014","201404033800020081","Representative",6006,"10",37.075042,-75.607253,22,22,22,16-SEP-14,"20:11:31",37.0633,75.6133,21,16-SEP-14,"19:55","0063","SBE-911+","V",24.34,31.611,23.38,32.275,1,0.76,".28",1,6.9,16
"2014005HB","HB1405","2014","201404016500030083","Representative",6147,"10",37.088448,-75.379915,29,28,28,17-SEP-14,"00:18:56",37.0667,75.4667,29,16-SEP-14,"23:39","0065","SBE-911+","V",23.02,32.213,22.95,32.424,0,4.36,".67",0,7,26
"2014005HB","HB1405","2014","201404033500030084","Representative",5999,"10",37.267465,-75.49578,24,23,24,17-SEP-14,"02:14:30",37.2567,75.505,23,17-SEP-14,"01:56","0066","SBE-911+","W",23.76,31.975,23.5,32.003,1,0.78,".31",1,7,19
"2014005HB","HB1405","2014","201404033500020085","Representative",6071,"10",37.271527,-75.53301,20,20,20,17-SEP-14,"03:23:10",37.2733,75.515,19,17-SEP-14,"03:06","0067","SBE-911+","V",23.74,31.897,23.58,31.993,1,0.87,".29",1,7.1,16
"2014005HB","HB1405","2014","201404033200010087","Representative",5869,"10",37.57446,-75.353898,26,24,24,17-SEP-14,"07:38:55",37.56,75.3567,24,17-SEP-14,"07:19","0069","SBE-911+","V",23.36,31.613,23.36,31.616,2,0.88,".33",1,7.2,20
"2014005HB","HB1405","2014","201404033200020088","Representative",5812,"10",37.668485,-75.309158,24,22,23,17-SEP-14,"09:38:51",37.6583,75.315,22,17-SEP-14,"09:20","0070","SBE-911+","V",23.21,31.461,23.22,31.477,2,0.67,".31",1,7,18
"2014005HB","HB1405","2014","201404033200030089","Representative",5898,"10",37.909627,-75.071483,25,25,26,17-SEP-14,"12:12:27",37.9017,75.0833,24,17-SEP-14,"11:54","0071","SBE-911+","V",22.57,31.194,22.58,31.2,1,0.74,".31",1,7.4,19
"2014005HB","HB1405","2014","201404032900010090","Representative",6120,"10",38.015152,-74.967022,22,23,23,17-SEP-14,"13:44:23",38.005,74.97,23,17-SEP-14,"13:26","0072","SBE-911+","V",22.35,31.701,22.48,32.28,1,0.63,".31",1,6.9,21
"2014005HB","HB1405","2014","201404032900030092","Representative",5817,"10",38.199138,-74.984113,23,24,23,17-SEP-14,"16:25:37",38.19,74.99,22,17-SEP-14,"16:10","0074","SBE-911+","V",22.34,31.357,22.3,31.447,1,0.62,".26",1,6.8,18
"2014005HB","HB1405","2014","201404016900050093","Representative",6036,"10",38.29679,-74.534672,45,43,43,17-SEP-14,"19:31:50",38.285,74.5467,44,17-SEP-14,"19:12","0075","SBE-911+","V",22.27,32.939,16.29,32.95,1,0.91,".33",1,6.8,39
"2014005HB","HB1405","2014","201404016900020097","Representative",6068,"10",38.487765,-74.721743,35,30,33,18-SEP-14,"04:33:57",38.4783,74.7133,35,18-SEP-14,"04:18","0079","SBE-911+","V",22.61,32.087,22.57,32.393,0,0.69,".27",1,6.6,30
"2014005HB","HB1405","2014","201404032600030098","Representative",5786,"10",38.574802,-74.817642,26,25,27,18-SEP-14,"06:10:53",38.585,74.8183,29,18-SEP-14,"05:53","0080","SBE-911+","W",22.54,32.217,22.6,32.387,3,0.61,".3",1,6.5,25
"2014005HB","HB1405","2014","201404032600010100","Representative",6109,"10",38.821175,-74.774142,19,18,18,18-SEP-14,"10:42:17",38.83,74.765,20,18-SEP-14,"10:13","0082","SBE-911+","V",22.46,31.981,22.48,31.984,1,0.68,".49",1,7,16
"2014005HB","HB1405","2014","201404016900060101","Representative",5820,"10",38.859593,-74.305965,36,36,36,18-SEP-14,"13:52:37",38.85,74.3133,36,18-SEP-14,"13:35","0083","SBE-911+","V",21.91,31.904,21.13,33.393,0,0.67,".29",1,6.9,31
"2014005HB","HB1405","2014","201404032300020103","Representative",5818,"10",39.07723,-74.363878,29,28,29,18-SEP-14,"18:25:00",39.0617,74.385,29,18-SEP-14,"18:01","0085","SBE-911+","V",22.72,31.532,21.87,32.175,0,1.36,".4",1,6.7,25
"2014005HB","HB1405","2014","201404032300030104","Representative",6145,"10",39.137088,-74.360172,29,28,29,18-SEP-14,"19:52:38",39.135,74.375,25,18-SEP-14,"19:37","0086","SBE-911+","V",22.97,31.527,22.26,31.663,4,0.7,".26",1,6.5,21
"2014005HB","HB1405","2014","201404032300010106","Representative",6101,"10",39.129418,-74.247752,25,24,24,18-SEP-14,"22:58:26",39.12,74.2583,27,18-SEP-14,"22:44","0088","SBE-911+","V",22.28,31.85,22.24,32.418,2,0.75,".24",1,6.9,22
"2014005HB","HB1405","2014","201404032000030107","Representative",5951,"10",39.204523,-74.231818,24,23,23,19-SEP-14,"00:27:09",39.2,74.2467,23,19-SEP-14,"00:11","0089","SBE-911+","W",22.32,31.665,22.14,31.92,1,0.74,".27",1,6.6,20
"2014005HB","HB1405","2014","201404010500080112","Representative",6973,"10",41.10213,-71.078165,36,36,37,24-SEP-14,"01:15:36",41.1083,71.0933,37,24-SEP-14,"01:00","0091","SBE-911+","V",19.05,32.956,15.95,33.249,1,0.78,".26",1,5.7,34
"2014005HB","HB1405","2014","201404010500050113","Representative",5959,"10",40.94842,-71.05502,51,49,50,24-SEP-14,"03:21:56",40.93,71.045,51,24-SEP-14,"02:55","0092","SBE-911+","W",19.65,33.792,14.26,33.621,0,1.2,".45",1,4.8,46
"2014005HB","HB1405","2014","201404010600050116","Representative",5805,"10",40.53971,-71.656708,74,74,74,24-SEP-14,"12:03:18",40.535,71.6617,75,24-SEP-14,"10:55","0095","SBE-911+","V",21.58,35.053,12.82,34.292,1,0.36,"1.14",1,5.2,72
"2014005HB","HB1405","2014","201404010500030119","Representative",5916,"10",40.662262,-72.099972,51,52,51,24-SEP-14,"22:07:23",40.665,72.1183,50,24-SEP-14,"21:48","0098","SBE-911+","V",20.53,33.992,13.85,33.38,1,0.85,".32",1,5.2,49
"2014005HB","HB1405","2014","201404030500030120","Representative",5835,"10",40.925252,-72.049205,28,28,28,25-SEP-14,"00:43:49",40.925,72.0583,30,25-SEP-14,"00:27","0099","SBE-911+","W",19.57,32.805,20.3,33.903,2,0.41,".28",1,6.6,24
"2014005HB","HB1405","2014","201404030500020121","Representative",5834,"10",40.883223,-72.218278,27,29,27,25-SEP-14,"02:29:29",40.88,72.2283,27,25-SEP-14,"02:17","0100","SBE-911+","V",19.09,32.311,19.63,33.471,0,0.49,".21",1,6.4,22
"2014005HB","HB1405","2014","201404030500010122","Representative",5917,"10",40.848955,-72.307613,26,27,25,25-SEP-14,"04:02:23",40.845,72.325,25,25-SEP-14,"03:44","0101","SBE-911+","V",19.25,32.325,18.77,32.822,1,0.83,".31",1,6.6,21
"2014005HB","HB1405","2014","201404010100050124","Representative",5866,"10",40.635295,-72.540028,36,37,37,25-SEP-14,"08:12:00",40.6317,72.5567,36,25-SEP-14,"07:52","0103","SBE-911+","V",19.4,32.458,15.44,33.188,0,0.79,".33",1,5.1,34
"2014005HB","HB1405","2014","201404030800010125","Representative",6046,"10",40.733222,-72.716865,26,24,25,25-SEP-14,"10:32:20",40.7283,72.7317,25,25-SEP-14,"10:16","0104","SBE-911+","V",19.61,32.133,19.6,32.156,1,0.74,".27",1,7.1,21
"2014005HB","HB1405","2014","201404030800020127","Representative",5923,"10",40.631843,-72.876558,31,31,31,25-SEP-14,"14:01:27",40.6233,72.8867,31,25-SEP-14,"13:46","0106","SBE-911+","V",19.64,32.361,19.75,32.545,0,0.69,".26",1,7.6,26
"2014005HB","HB1405","2014","201404030800030129","Representative",5970,"10",40.557838,-73.026472,27,29,28,25-SEP-14,"17:48:43",40.5583,73.0417,27,25-SEP-14,"17:30","0108","SBE-911+","W",19.75,32.921,19.76,32.923,0,0.7,".31",1,7.5,23
"2014005HB","HB1405","2014","201404031100010130","Representative",5988,"10",40.485835,-73.582577,25,23,24,25-SEP-14,"22:02:23",40.4867,73.5967,21,25-SEP-14,"21:44","0109","SBE-911+","V",20.25,31.317,20.22,31.335,4,0.65,".31",1,6.9,16
"2014005HB","HB1405","2014","201404031400030131","Representative",6106,"10",40.48893,-73.742998,26,25,26,25-SEP-14,"23:52:47",40.4883,73.7517,27,25-SEP-14,"23:36","0110","SBE-911+","V",19.72,31.395,19.65,31.423,1,0.4,".28",1,6.9,22
"2014005HB","HB1405","2014","201404031400020132","Non-Representative",5801,"10",40.383083,-73.82446,32,34,32,26-SEP-14,"01:51:58",40.3717,73.8283,29,26-SEP-14,"01:31","0111","SBE-911+","V",20.13,31.214,19.97,31.675,3,0.71,".35",1,7,24
"2014005HB","HB1405","2014","201404031400050133","Non-Representative",5801,"10",40.379667,-73.825167,32,34,31,26-SEP-14,"02:52:14",40.3717,73.8283,29,26-SEP-14,"01:31","0111","SBE-911+","V",20.13,31.214,19.97,31.675,3,0.5,"1.35",1,7,24
"2014005HB","HB1405","2014","201404031100030135","Representative",5997,"10",40.352998,-73.606757,24,24,24,26-SEP-14,"07:14:01",40.3533,73.62,24,26-SEP-14,"06:57","0113","SBE-911+","V",19.64,31.914,19.44,31.952,0,0.61,".28",1,6.4,21
"2014005HB","HB1405","2014","201404031100020136","Representative",5784,"10",40.354243,-73.513865,27,29,28,26-SEP-14,"08:25:17",40.3533,73.5283,27,26-SEP-14,"08:07","0114","SBE-911+","V",19.73,32.119,19.58,32.177,0,0.66,".3",1,6.7,23
"2014005HB","HB1405","2014","201404010100060138","Representative",6021,"10",40.10236,-73.627533,44,46,45,26-SEP-14,"15:41:20",40.11,73.64,44,26-SEP-14,"15:20","0116","SBE-911+","V",20.28,31.86,15.37,32.684,0,0.73,".36",1,4.3,39
"2014005HB","HB1405","2014","201404031400040140","Representative",6965,"10",40.188368,-73.886772,23,23,22,26-SEP-14,"20:06:12",40.1883,73.9067,20,26-SEP-14,"19:47","0118","SBE-911+","W",20.15,31.022,19.95,31.33,3,0.91,".32",1,6.8,15
"2014005HB","HB1405","2014","201404031700020142","Representative",5793,"10",40.034905,-73.957482,24,23,24,27-SEP-14,"00:32:47",40.0267,73.975,24,27-SEP-14,"00:09","0120","SBE-911+","V",20.58,31.107,20.57,31.184,0,0.94,".4",1,7,20
"2014005HB","HB1405","2014","201404031700030143","Representative",5921,"10",39.813798,-73.93852,23,22,23,27-SEP-14,"03:01:34",39.8067,73.9417,24,27-SEP-14,"02:45","0121","SBE-911+","V",20.4,31.343,20.28,31.5,1,0.45,".28",1,7,20
"2014005HB","HB1405","2014","201404032000010144","Representative",6073,"10",39.543703,-74.011327,25,25,25,27-SEP-14,"05:54:59",39.5433,74.0267,25,27-SEP-14,"05:39","0122","SBE-911+","V",20.91,31.691,20.94,31.688,0,0.71,".27",1,7.1,20
"2014005HB","HB1405","2014","201404017300040146","Representative",5894,"10",39.287577,-73.8894,35,36,36,27-SEP-14,"09:37:54",39.29,73.905,35,27-SEP-14,"09:19","0124","SBE-911+","V",20.49,31.751,20.01,32.333,0,0.74,".32",1,6.9,31
"2014005HB","HB1405","2014","201404017300010148","Representative",6013,"10",38.866292,-73.972675,43,43,42,27-SEP-14,"17:59:42",38.8617,73.9883,42,27-SEP-14,"17:37","0126","SBE-911+","W",20.98,33.132,17.63,33.53,1,0.78,".38",1,6.3,39
"2014005HB","HB1405","2014","201404017400020152","Representative",5925,"10",38.682942,-73.661943,61,64,62,28-SEP-14,"02:59:01",38.695,73.6517,63,28-SEP-14,"02:39","0129","SBE-911+","V",21.1,34.285,12.82,34.083,2,0.87,".33",1,5.4,62
"2014005HB","HB1405","2014","201404017000040153","Representative",6067,"10",38.381373,-73.908517,67,67,67,28-SEP-14,"06:02:25",38.38,73.9283,64,28-SEP-14,"05:42","0130","SBE-911+","V",20.96,34.081,12.88,34.191,3,0.94,".34",1,5.5,60
"2014005HB","HB1405","2014","201404017100020154","Representative",5983,"10",38.174083,-73.888297,137,143,141,28-SEP-14,"08:36:52",38.1533,73.8867,118,28-SEP-14,"08:11","0131","SBE-911+","V",22.78,35.46,13.46,35.303,19,1.25,".43",1,5.3,113
"2014005HB","HB1405","2014","201404017200030155","Representative",5891,"10",38.268125,-73.624398,262,263,261,28-SEP-14,"12:40:25",38.265,73.6233,262,28-SEP-14,"11:38","0132","SBE-911+","V",23.11,35.42,10.75,35.366,0,0.2,"1.04",1,4.4,258
"2014005HB","HB1405","2014","201404017200020156","Representative",5954,"10",38.468087,-73.49813,288,298,286,28-SEP-14,"16:07:38",38.435,73.5017,119,28-SEP-14,"15:20","0133","SBE-911+","V",22.96,35.519,12.94,35.54,169,1.99,".79",0,5.1,112
"2014005HB","HB1405","2014","201404017500030157","Representative",5783,"10",38.575442,-73.243648,155,155,155,28-SEP-14,"18:36:51",38.555,73.26,157,28-SEP-14,"18:03","0134","SBE-911+","W",22.67,35.54,12.33,35.557,2,1.45,".56",1,4.9,153
"2014005HB","HB1405","2014","201404017500020159","Representative",6009,"10",38.858825,-72.977153,114,114,115,28-SEP-14,"23:02:31",38.8783,72.9683,108,28-SEP-14,"22:37","0136","SBE-911+","V",22.78,35.485,13.66,35.499,6,1.24,".43",1,5.2,104
"2014005HB","HB1405","2014","201404017400010160","Representative",6038,"10",38.93197,-72.98971,88,88,87,29-SEP-14,"00:37:32",38.9167,72.9983,86,29-SEP-14,"00:14","0137","SBE-911+","V",22.59,35.616,13.69,35.25,2,1,".39",1,5.3,84
"2014005HB","HB1405","2014","201404017600020161","Representative",6016,"10",38.995167,-72.818833,192,189,188,29-SEP-14,"03:01:21",39.025,72.8083,123,29-SEP-14,"02:26","0138","SBE-911+","V",21.9,35.256,12.71,35.605,69,1.86,".59",0,5,121
"2014005HB","HB1405","2014","201404010300030165","Representative",5785,"10",39.249595,-72.589085,145,143,144,29-SEP-14,"10:36:15",39.2317,72.5967,146,29-SEP-14,"10:09","0142","SBE-911+","V",22.33,35.551,13.16,35.624,1,1.13,".45",1,5,139
"2014005HB","HB1405","2014","201404017400050166","Representative",5778,"10",39.151157,-73.404015,58,58,57,29-SEP-14,"14:57:39",39.1467,73.42,57,29-SEP-14,"14:39","0143","SBE-911+","V",22.09,35.43,13.1,33.79,1,0.79,".31",1,5.7,52
"2014005HB","HB1405","2014","201404017400030168","Representative",6105,"10",39.337617,-73.038722,70,69,69,29-SEP-14,"18:15:37",39.33,73.0567,68,29-SEP-14,"17:57","0145","SBE-911+","V",21.19,34.425,12.67,33.944,2,0.95,".31",1,5.8,64
"2014005HB","HB1405","2014","201404010200080169","Representative",6110,"10",39.462582,-72.999767,66,64,65,29-SEP-14,"20:08:03",39.4383,73.0267,67,29-SEP-14,"19:23","0146","SBE-911+","W",20.63,32.956,12.26,33.666,1,1.92,".75",1,5.4,63
"2014005HB","HB1405","2014","201404010100010170","Representative",6135,"10",39.651288,-73.08692,44,42,43,29-SEP-14,"22:09:23",39.6417,73.0783,44,29-SEP-14,"21:50","0147","SBE-911+","V",20.51,32.752,14.5,33.515,0,0.7,".32",1,5.9,39
"2014005HB","HB1405","2014","201404010200040171","Representative",6127,"10",39.9112,-73.079332,67,68,68,30-SEP-14,"00:22:38",39.9017,73.0667,69,30-SEP-14,"00:00","0148","SBE-911+","V",20.26,32.574,12.15,33.652,2,0.82,".38",1,5.5,66
"2014005HB","HB1405","2014","201404010200060173","Representative",5862,"10",39.75475,-72.626533,75,71,73,30-SEP-14,"04:36:30",39.7667,72.615,61,30-SEP-14,"04:15","0150","SBE-911+","V",20.72,34.553,12.28,33.876,14,0.89,".36",1,5.4,56
"2014005HB","HB1405","2014","201404010200050175","Representative",5886,"10",39.495952,-72.621175,87,87,87,30-SEP-14,"08:33:43",39.485,72.635,89,30-SEP-14,"08:10","0152","SBE-911+","V",21.78,35.287,13.36,34.839,2,0.92,".4",1,5.4,84
"2014005HB","HB1405","2014","201404010300040176","Representative",6083,"10",39.488022,-72.465755,117,118,117,30-SEP-14,"10:09:42",39.4767,72.48,118,30-SEP-14,"09:45","0153","SBE-911+","V",21.36,35.067,13.77,35.603,1,0.95,".41",1,5,112
"2014005HB","HB1405","2014","201404010400020177","Representative",5934,"10",39.5285,-72.424667,229,189,224,30-SEP-14,"12:34:58",39.5167,72.4033,275,30-SEP-14,"11:38","0154","SBE-911+","V",21.68,35.202,11.12,35.413,46,1.22,".95",0,4.5,274
"2014005HB","HB1405","2014","201404010400030178","Representative",6031,"10",39.619702,-72.43449,306,310,305,30-SEP-14,"15:14:16",39.6417,72.44,298,30-SEP-14,"14:27","0155","SBE-911+","V",21.18,34.955,10.73,35.382,8,1.35,".79",1,4.7,295
"2014005HB","HB1405","2014","201404010300010179","Representative",5841,"10",39.574762,-72.25256,127,126,126,30-SEP-14,"17:51:00",39.5733,72.2567,128,30-SEP-14,"17:08","0156","SBE-911+","W",22.54,35.627,12.99,35.592,1,0.21,".72",1,4.9,125
"2014005HB","HB1405","2014","201404010400040181","Representative",5800,"10",39.794453,-71.855095,205,206,205,30-SEP-14,"23:57:45",39.815,71.8233,209,30-SEP-14,"20:40","0157","SBE-911+","V",23.17,35.698,12.34,35.568,4,1.92,"3.3",1,4.9,205
"2014005HB","HB1405","2014","201404010700020183","Representative",6061,"10",40.15726,-71.237982,115,111,112,01-OCT-14,"06:47:53",40.1417,71.2367,123,01-OCT-14,"06:13","0159","SBE-911+","V",23.12,35.702,12.89,35.633,8,0.94,".58",1,4.9,119
"2014005HB","HB1405","2014","201404010600080184","Representative",5860,"10",40.291025,-71.040538,104,103,103,01-OCT-14,"08:54:14",40.28,71.055,105,01-OCT-14,"08:31","0160","SBE-911+","V",22.63,35.64,12.84,35.587,1,0.94,".39",1,4.7,101
"2014005HB","HB1405","2014","201404010700030185","Representative",5944,"10",40.098708,-70.896808,151,147,149,01-OCT-14,"12:35:21",40.0867,70.93,165,01-OCT-14,"11:53","0161","SBE-911+","V",23.18,35.582,13.54,35.699,14,1.69,".71",1,4.9,161
"2014005HB","HB1405","2014","201404010600060188","Representative",6076,"10",40.569667,-70.770283,71,70,70,01-OCT-14,"20:48:23",40.5567,70.78,72,01-OCT-14,"20:28","0164","SBE-911+","W",19.33,34.037,14.41,34.389,1,0.9,".34",1,5.5,70
"2014005HB","HB1405","2014","201404030200030189","Representative",5974,"10",41.076327,-71.689867,36,35,36,02-OCT-14,"03:11:07",41.0617,71.705,41,02-OCT-14,"02:44","0165","SBE-911+","V",18.63,32.367,18.64,32.841,5,1.11,".45",1,7.2,38
"2014005HB","HB1405","2014","201404030200020190","Representative",6001,"10",41.088697,-71.695785,32,31,31,02-OCT-14,"04:30:23",41.0867,71.7067,36,02-OCT-14,"04:08","0166","SBE-911+","V",18.62,32.354,18.63,32.358,4,0.51,".37",1,7.1,32
"2014005HB","HB1405","2014","201404030200010191","Representative",5780,"10",41.090403,-71.659045,36,36,36,02-OCT-14,"05:50:42",41.09,71.6833,32,02-OCT-14,"05:26","0167","SBE-911+","V",18.68,32.561,18.68,32.733,4,1.1,".41",1,7.3,28
"2014005HB","HB1405","2014","201404034500010194","Representative",5803,"10",41.365258,-71.42089,33,33,33,02-OCT-14,"11:58:26",41.3517,71.42,33,02-OCT-14,"11:40","0169","SBE-911+","V",18.63,32.489,18.65,32.52,0,0.82,".31",1,7.4,30
"2014005HB","HB1405","2014","201404034500040197","Representative",5776,"10",41.38191,-71.128638,25,26,26,02-OCT-14,"17:30:20",41.3767,71.1433,28,02-OCT-14,"17:10","0171","SBE-911+","W",18.33,32.558,18.32,32.588,3,0.73,".34",1,7,23
"2014005HB","HB1405","2014","201404034600060200","Non-Representative",6080,"10",41.214473,-70.94991,36,35,36,03-OCT-14,"02:13:57",41.2033,70.9017,30,02-OCT-14,"20:45","0172","SBE-911+","V",17.96,32.401,17.97,32.4,6,2.28,"5.48",1,7.4,25
"2014005HB","HB1405","2014","201404034600050199","Non-Representative",6080,"10",41.209,-70.897,28,28,29,03-OCT-14,"00:03:42",41.2033,70.9017,30,02-OCT-14,"20:45","0172","SBE-911+","V",17.96,32.401,17.97,32.4,2,0.4,"3.31",1,7.4,25
"2014005HB","HB1405","2014","201404034600010198","Non-Representative",6080,"10",41.209667,-70.902667,31,31,31,02-OCT-14,"21:40:32",41.2033,70.9017,30,02-OCT-14,"20:45","0172","SBE-911+","V",17.96,32.401,17.97,32.4,1,0.39,".93",1,7.4,25
"2014005HB","HB1405","2014","201404034600040203","Representative",5888,"10",41.259588,-70.336113,20,21,21,08-OCT-14,"02:30:05",41.2567,70.3217,21,08-OCT-14,"02:09","0174","SBE-911+","W",17.46,32.365,17.46,32.365,1,0.67,".35",1,7.3,18
"2014005HB","HB1405","2014","201404034600030204","Representative",5900,"10",41.045763,-70.179995,26,26,26,08-OCT-14,"04:44:11",41.06,70.1817,26,08-OCT-14,"04:25","0175","SBE-911+","V",16.83,32.303,16.79,32.304,0,0.86,".32",1,7.3,23
"2014005HB","HB1405","2014","201404010900040205","Representative",5946,"10",41.001878,-70.463945,43,43,43,08-OCT-14,"06:56:49",41.0167,70.465,42,08-OCT-14,"06:35","0176","SBE-911+","V",16.9,32.165,17.02,33.342,1,0.89,".36",1,6.4,38
"2014005HB","HB1405","2014","201404010900050208","Representative",5845,"10",40.769577,-69.729627,39,39,40,08-OCT-14,"15:49:35",40.7833,69.745,37,08-OCT-14,"15:28","0179","SBE-911+","V",15.93,32.817,15.91,32.819,2,1.08,".36",1,8,34
"2014005HB","HB1405","2014","201404011000080212","Representative",5850,"10",40.409253,-69.873413,77,78,77,09-OCT-14,"02:17:57",40.4117,69.855,77,09-OCT-14,"01:54","0182","SBE-911+","W",17.16,33.225,14.65,33.976,0,0.85,".4",1,6.3,73
"2014005HB","HB1405","2014","201404011000030213","Representative",6054,"10",40.467985,-69.930602,72,72,72,09-OCT-14,"03:48:23",40.4583,69.9133,74,09-OCT-14,"03:18","0183","SBE-911+","V",17.25,33.293,15.12,34.04,2,0.98,".51",1,6,70
"2014005HB","HB1405","2014","201404011000020215","Representative",5919,"10",40.329707,-70.20105,85,86,86,09-OCT-14,"08:00:37",40.3267,70.18,86,09-OCT-14,"07:36","0185","SBE-911+","V",21.72,35.39,14.01,34.029,1,0.98,".41",1,6.4,82
"2014005HB","HB1405","2014","201404011000010216","Representative",5833,"10",40.360747,-70.287353,84,84,84,09-OCT-14,"09:17:49",40.355,70.2667,84,09-OCT-14,"08:55","0186","SBE-911+","V",21.25,35.238,14.34,34.174,0,1.01,".38",1,6,80
"2014005HB","HB1405","2014","201404010700040217","Representative",6004,"10",40.15179,-70.611487,124,124,124,09-OCT-14,"12:08:53",40.17,70.5983,121,09-OCT-14,"11:38","0187","SBE-911+","V",22.54,35.718,13.34,35.579,3,1.25,".51",1,4.7,118
"2014005HB","HB1405","2014","201404010800030219","Representative",6124,"10",40.02505,-70.996,275,274,276,09-OCT-14,"18:11:08",40.0167,70.9583,276,09-OCT-14,"17:25","0189","SBE-911+","V",22.44,35.68,11.43,35.457,1,1.8,".77",1,4.5,269
"2014005HB","HB1405","2014","201404010800010220","Representative",6023,"10",40.005133,-70.835877,286,285,286,09-OCT-14,"20:39:28",40.005,70.8033,284,09-OCT-14,"19:59","0190","SBE-911+","V",22.49,35.789,11.52,35.466,2,1.5,".67",1,4.5,281
"2014005HB","HB1405","2014","201404010800020221","Representative",5889,"10",40.003753,-70.771152,276,277,277,09-OCT-14,"22:52:13",40.0017,70.7333,275,09-OCT-14,"22:09","0191","SBE-911+","V",22.54,35.687,11.89,35.512,1,1.75,".72",1,4.7,272
"2014005HB","HB1405","2014","201404011100030222","Representative",6050,"10",40.005105,-70.07652,169,172,171,10-OCT-14,"03:06:26",39.995,70.06,170,10-OCT-14,"02:32","0192","SBE-911+","W",22.5,35.774,14.3,35.828,1,0.97,".57",1,5,167
"2014005HB","HB1405","2014","201404011200010223","Representative",5976,"10",39.944522,-69.583785,267,274,272,10-OCT-14,"08:56:37",39.9233,69.5667,309,10-OCT-14,"08:11","0193","SBE-911+","V",22.36,35.843,11.1,35.411,42,1.5,".76",0,4.4,304
"2014005HB","HB1405","2014","201404011200020224","Representative",5875,"10",39.982908,-69.225985,295,296,295,10-OCT-14,"12:49:37",39.995,69.185,483,10-OCT-14,"11:56","0194","SBE-911+","V",22.4,35.862,6.2,35.063,188,2.02,".89",0,6.5,476
"2014005HB","HB1405","2014","201404011100040225","Representative",5781,"10",40.051097,-69.223823,138,135,136,10-OCT-14,"14:47:38",40.0617,69.205,141,10-OCT-14,"14:19","0195","SBE-911+","V",22.06,35.667,12.28,35.562,3,1.07,".48",1,4.9,138
"2014005HB","HB1405","2014","201404011100010227","Representative",5931,"10",40.228587,-68.982225,119,119,119,10-OCT-14,"19:43:43",40.2283,68.96,119,10-OCT-14,"19:17","0197","SBE-911+","V",21.14,35.19,13.16,35.645,0,1.02,".45",1,5.1,115
"2014005HB","HB1405","2014","201404011200030228","Representative",5872,"10",40.077045,-68.894418,215,215,215,10-OCT-14,"23:01:12",40.0617,68.9217,208,10-OCT-14,"22:27","0198","SBE-911+","V",23.76,35.411,13.51,35.715,7,1.56,".57",1,5.2,205
"2014005HB","HB1405","2014","201404011500020230","Representative",6085,"10",40.239167,-68.52,196,196,196,11-OCT-14,"04:42:46",40.2167,68.4933,230,11-OCT-14,"04:02","0200","SBE-911+","W",21.31,35.408,9.88,35.304,34,1.82,".68",0,4.8,229
"2014005HB","HB1405","2014","201404011400010231","Representative",5953,"10",40.292568,-68.502257,132,133,133,11-OCT-14,"06:29:19",40.305,68.48,129,11-OCT-14,"05:59","0201","SBE-911+","V",20.58,35.056,14.12,35.581,3,1.26,".51",1,5.1,127
"2014005HB","HB1405","2014","201404011400040232","Representative",6015,"10",40.270388,-68.430162,149,148,149,11-OCT-14,"08:06:17",40.265,68.46,150,11-OCT-14,"07:35","0202","SBE-911+","V",21.08,35.203,13.34,35.574,1,1.41,".52",1,5,147
"2014005HB","HB1405","2014","201404011400030233","Representative",6045,"10",40.379625,-68.30139,122,123,122,11-OCT-14,"09:53:32",40.3667,68.3167,123,11-OCT-14,"09:26","0203","SBE-911+","V",18.06,33.593,14.23,35.45,1,1.05,".46",1,5.4,122
"2014005HB","HB1405","2014","201404011900030236","Representative",6018,"10",40.854035,-68.220523,52,52,52,11-OCT-14,"18:35:40",40.8383,68.21,52,11-OCT-14,"18:12","0206","SBE-911+","V",16.69,32.797,15.27,32.986,0,1.06,".39",1,7.4,48
"2014005HB","HB1405","2014","201404011900040238","Representative",6136,"10",40.789353,-68.40887,58,57,57,11-OCT-14,"22:55:05",40.7817,68.4233,47,11-OCT-14,"22:33","0208","SBE-911+","V",16.3,32.645,16.28,32.657,11,0.8,".37",1,7.7,42
"2014005HB","HB1405","2014","201404011000090240","Representative",5904,"10",40.816993,-69.015838,76,76,76,12-OCT-14,"04:49:57",40.8267,69.0167,76,12-OCT-14,"04:20","0210","SBE-911+","W",16.02,32.963,16.01,33.256,0,0.58,".5",1,7.1,75
"2014005HB","HB1405","2014","201404011000050242","Representative",6002,"10",40.847373,-68.933348,70,73,72,12-OCT-14,"11:45:30",40.84,68.9183,70,12-OCT-14,"10:38","0212","SBE-911+","V",16.09,32.988,16.07,33.013,0,0.81,"1.13",1,7.4,67
"2014005HB","HB1405","2014","201404011300020243","Non-Representative",5985,"10",40.867833,-68.789333,66,67,66,12-OCT-14,"13:52:06",40.8483,68.7883,65,12-OCT-14,"13:28","0213","SBE-911+","V",16.26,32.827,16.21,32.838,1,1.17,".4",1,7.5,62
"2014005HB","HB1405","2014","201404011300110244","Representative",5985,"10",40.863333,-68.791333,66,66,67,12-OCT-14,"14:47:59",40.8483,68.7883,65,12-OCT-14,"13:28","0213","SBE-911+","V",16.26,32.827,16.21,32.838,1,0.91,"1.33",1,7.5,62
"2014005HB","HB1405","2014","201404012300040245","Non-Representative",5819,"10",41.015053,-68.89495,69,71,71,12-OCT-14,"17:06:53",41.0367,68.8917,70,12-OCT-14,"16:31","0214","SBE-911+","V",16.35,32.817,16.3,32.857,1,1.31,".6",1,7.4,67
"2014005HB","HB1405","2014","201404012300070246","Representative",5819,"10",41.023667,-68.881833,70,66,69,12-OCT-14,"18:53:30",41.0367,68.8917,70,12-OCT-14,"16:31","0214","SBE-911+","V",16.35,32.817,16.3,32.857,0,0.9,"2.38",1,7.4,67
"2014005HB","HB1405","2014","201404012300060247","Representative",5948,"10",41.019853,-68.75343,62,65,64,12-OCT-14,"20:48:56",41.0133,68.7317,58,12-OCT-14,"20:26","0215","SBE-911+","V",16.56,32.643,16.54,32.656,4,1.06,".38",1,7.6,57
"2014005HB","HB1405","2014","201404011900050249","Representative",6125,"10",40.973378,-68.057555,53,50,52,13-OCT-14,"02:46:45",40.975,68.0733,51,13-OCT-14,"02:20","0217","SBE-911+","W",16.37,32.701,16.38,32.7,2,0.72,".45",1,7.9,48
"2014005HB","HB1405","2014","201404011300090250","Representative",5998,"10",40.75267,-67.634798,77,76,77,13-OCT-14,"06:05:53",40.7367,67.6167,80,13-OCT-14,"05:41","0218","SBE-911+","V",16.36,33.312,11.92,33.246,3,1.26,".41",1,7.1,77
"2014005HB","HB1405","2014","201404011300070252","Representative",5855,"10",40.602667,-67.594667,96,96,96,13-OCT-14,"08:13:21",40.605,67.5633,101,13-OCT-14,"07:42","0219","SBE-911+","V",16.58,33.436,11.25,33.73,5,1.44,".52",1,6.7,98
"2014005HB","HB1405","2014","201404011300100253","Representative",5839,"10",40.93487,-67.439898,75,75,75,13-OCT-14,"11:44:39",40.91,67.4617,77,13-OCT-14,"10:49","0220","SBE-911+","V",15.54,32.968,13.93,33.189,2,1.79,".93",1,7.3,74
"2014005HB","HB1405","2014","201404011300030254","Representative",6017,"10",40.939083,-67.365978,78,78,78,13-OCT-14,"13:10:29",40.93,67.3817,78,13-OCT-14,"12:44","0221","SBE-911+","V",15.36,32.876,14.18,33.195,0,0.9,".44",1,7.3,76
"2014005HB","HB1405","2014","201404011300040255","Representative",6064,"10",40.906978,-67.13502,86,85,86,13-OCT-14,"15:12:37",40.9033,67.155,86,13-OCT-14,"14:48","0222","SBE-911+","V",14.8,32.911,12.19,33.337,0,0.93,".41",1,7.1,84
"2014005HB","HB1405","2014","201404011300080256","Representative",5861,"10",40.94616,-67.114648,82,82,82,13-OCT-14,"16:42:46",40.95,67.14,82,13-OCT-14,"16:12","0223","SBE-911+","V",15.18,32.906,13.11,33.101,0,1.17,".51",1,7.2,80
"2014005HB","HB1405","2014","201404011500030259","Representative",6000,"10",40.695363,-66.869055,201,202,202,13-OCT-14,"23:28:14",40.68,66.8967,197,13-OCT-14,"22:52","0226","SBE-911+","V",18.39,34.224,12.44,35.491,4,1.56,".6",1,5.2,195
"2014005HB","HB1405","2014","201404011800040260","Representative",6089,"10",40.815902,-66.704315,195,196,195,14-OCT-14,"01:37:59",40.8333,66.6833,193,14-OCT-14,"01:07","0227","SBE-911+","W",15.86,33.124,11.71,35.47,2,1.42,".52",1,4.9,188
"2014005HB","HB1405","2014","201404011700040261","Representative",6003,"10",40.849883,-66.711335,123,122,123,14-OCT-14,"03:03:05",40.8417,66.7283,123,14-OCT-14,"02:36","0228","SBE-911+","V",15.74,33.022,12.3,35.085,0,0.91,".45",1,5.8,117
"2014005HB","HB1405","2014","201404011600090262","Representative",6047,"10",40.871738,-66.724488,109,108,108,14-OCT-14,"04:31:12",40.86,66.7433,110,14-OCT-14,"04:02","0229","SBE-911+","V",16.27,33.179,11.6,34.671,1,1.11,".49",1,6.2,105
"2014005HB","HB1405","2014","201404011800020263","Representative",5989,"10",41.046032,-66.41669,321,322,322,14-OCT-14,"08:47:48",41.035,66.4117,342,14-OCT-14,"07:09","0230","SBE-911+","V",16.7,33.508,7.54,35.11,21,0.7,"1.65",1,5.6,334
"2014005HB","HB1405","2014","201404011700030264","Representative",6035,"10",41.123485,-66.378197,142,139,140,14-OCT-14,"10:55:42",41.1367,66.3617,149,14-OCT-14,"10:24","0232","SBE-911+","V",17.08,33.868,10.88,34.754,7,1.09,".53",1,5.9,145
"2014005HB","HB1405","2014","201404011800050266","Representative",5960,"10",41.2255,-66.257333,214,211,213,14-OCT-14,"15:08:11",41.21,66.265,230,14-OCT-14,"12:54","0233","SBE-911+","V",19.94,34.797,10.93,35.228,16,0.99,"2.24",1,4.2,224
"2014005HB","HB1405","2014","201404011800010265","Non-Representative",5960,"10",41.231355,-66.256725,203,201,203,14-OCT-14,"13:36:06",41.21,66.265,230,14-OCT-14,"12:54","0233","SBE-911+","V",19.94,34.797,10.93,35.228,27,1.34,".7",1,4.2,224
"2014005HB","HB1405","2014","201404011800030267","Representative",5794,"10",41.371307,-66.056733,223,234,223,14-OCT-14,"17:41:31",41.395,66.0367,214,14-OCT-14,"17:03","0234","SBE-911+","V",14.99,33.091,9.48,35.225,9,1.69,".64",1,5.2,210
"2014005HB","HB1405","2014","201404011700020269","Representative",5787,"10",41.441777,-66.019918,163,162,163,14-OCT-14,"21:52:26",41.42,66.04,160,14-OCT-14,"20:44","0236","SBE-911+","V",15.38,33.332,10.88,35.17,3,1.59,"1.14",1,5.5,157
"2014005HB","HB1405","2014","201404011600070270","Representative",5826,"10",41.53,-66.262,90,91,91,15-OCT-14,"00:23:32",41.53,66.2883,90,14-OCT-14,"23:58","0237","SBE-911+","V",14.61,32.838,10.86,33.341,0,1.18,".43",1,7.3,85
"2014005HB","HB1405","2014","201404011600140271","Representative",6090,"10",41.544715,-66.175867,95,96,95,15-OCT-14,"01:43:07",41.5433,66.195,93,15-OCT-14,"01:15","0238","SBE-911+","W",14.45,33.007,10.45,33.671,2,0.86,".47",1,7.1,88
"2014005HB","HB1405","2014","201404011600080272","Representative",5942,"10",41.578013,-66.091372,100,97,99,15-OCT-14,"03:04:33",41.57,66.0967,102,15-OCT-14,"02:38","0239","SBE-911+","V",14.32,32.896,10.55,33.78,2,0.54,".44",1,7,97
"2014005HB","HB1405","2014","201404012900010276","Representative",6011,"10",42.372593,-66.041817,257,257,257,15-OCT-14,"14:40:21",42.4,66.0517,255,15-OCT-14,"14:01","0243","SBE-911+","V",15.52,33.155,9.61,35.236,2,1.7,".66",1,5.8,254
"2014005HB","HB1405","2014","201404012200020277","Representative",6114,"10",42.164765,-66.237805,201,202,202,15-OCT-14,"17:43:32",42.1717,66.2767,198,15-OCT-14,"16:52","0244","SBE-911+","V",15.62,32.843,8.99,35.139,3,1.78,".86",1,5.8,192
"2014005HB","HB1405","2014","201404012900100278","Representative",5853,"10",42.241285,-66.411563,237,238,237,15-OCT-14,"19:56:17",42.2417,66.3783,233,15-OCT-14,"19:19","0245","SBE-911+","V",15.75,32.957,9.65,35.06,4,1.48,".62",1,5.8,229
"2014005HB","HB1405","2014","201404012100010279","Representative",5807,"10",42.154802,-66.72442,119,120,119,15-OCT-14,"22:22:41",42.1567,66.6933,116,15-OCT-14,"21:50","0246","SBE-911+","V",15.92,32.527,7.94,33.261,3,1.39,".54",1,7.6,113
"2014005HB","HB1405","2014","201404011600030282","Representative",6148,"10",41.850983,-66.64962,71,72,72,16-OCT-14,"04:25:33",41.845,66.6667,70,16-OCT-14,"04:01","0249","SBE-911+","W",15.01,32.832,14.89,32.848,1,0.84,".41",1,7.8,67
"2014005HB","HB1405","2014","201404011900080284","Representative",6037,"10",41.651407,-67.450142,63,59,61,16-OCT-14,"12:06:57",41.635,67.4333,61,16-OCT-14,"11:36","0251","SBE-911+","V",16.94,32.797,16.95,32.794,2,1.24,".52",1,7.7,59
"2014005HB","HB1405","2014","201404012000030285","Representative",5893,"10",41.649262,-67.70399,31,32,32,16-OCT-14,"14:27:50",41.6417,67.6917,32,16-OCT-14,"14:05","0252","SBE-911+","V",17.14,32.705,16.75,32.746,1,0.71,".38",1,5.4,31
"2014005HB","HB1405","2014","201404011900020289","Representative",6093,"10",41.323362,-68.010568,43,40,42,17-OCT-14,"01:46:44",41.3133,67.995,40,17-OCT-14,"00:59","0255","SBE-911+","V",17.59,32.642,17.56,32.645,3,0.93,".8",1,7.9,38
"2014005HB","HB1405","2014","201404012000010290","Non-Representative",5911,"10",41.437667,-68.203333,45,46,46,17-OCT-14,"04:36:33",41.425,68.1683,48,17-OCT-14,"03:24","0256","SBE-911+","W",17.35,32.513,17.34,32.64,3,1.75,"1.21",1,7.7,45
"2014005HB","HB1405","2014","201404012000040291","Representative",6095,"10",41.216167,-68.482833,59,62,63,17-OCT-14,"09:17:43",41.23,68.4683,57,17-OCT-14,"08:49","0257","SBE-911+","V",16.96,32.593,16.97,32.609,2,1.06,".48",1,7.6,52
"2014005HB","HB1405","2014","201404011600050299","Representative",5846,"10",41.551333,-66.8945,67,68,67,18-OCT-14,"04:04:19",41.5667,66.895,67,18-OCT-14,"03:41","0258","SBE-911+","W",16.03,32.79,15.39,32.886,0,0.92,".39",1,7.6,66
"2014005HB","HB1405","2014","201404011600060303","Representative",5843,"10",41.562667,-66.8215,71,70,71,18-OCT-14,"10:07:23",41.575,66.8233,71,18-OCT-14,"09:45","0259","SBE-911+","V",15.93,32.823,14.74,32.873,0,0.75,".37",1,7.7,70
"2014005HB","HB1405","2014","201404011600010335","Representative",6048,"10",41.293158,-66.74302,79,74,76,20-OCT-14,"06:06:52",41.2817,66.7233,76,20-OCT-14,"05:12","0260","SBE-911+","V",14.98,32.71,12.24,33.171,3,1.13,".91",1,7.3,74
"2014005HB","HB1405","2014","201404011600130343","Representative",6102,"10",41.153508,-66.781955,72,74,72,20-OCT-14,"17:43:50",41.1767,66.8067,74,20-OCT-14,"17:06","0261","SBE-911+","W",14.77,32.805,11.98,33.287,2,1.79,".63",1,7.2,71
"2014005HB","HB1405","2014","201404011600100345","Representative",6057,"10",41.11913,-66.926472,73,71,72,20-OCT-14,"20:47:40",41.1133,66.9033,74,20-OCT-14,"20:22","0262","SBE-911+","V",14.73,32.812,12.39,33.315,1,1.11,".43",1,7.2,67
"2014005HB","HB1405","2014","201404012000060346","Representative",6078,"10",41.451115,-68.02896,39,41,41,21-OCT-14,"02:54:07",41.4417,68.0233,39,21-OCT-14,"02:31","0263","SBE-911+","W",17.33,32.611,17.34,32.611,0,0.62,".39",1,7.8,32
"2014005HB","HB1405","2014","201404012300020347","Representative",6108,"10",41.361948,-68.542528,77,78,77,21-OCT-14,"06:57:22",41.3617,68.52,72,21-OCT-14,"06:31","0264","SBE-911+","V",16.21,32.686,13.67,32.917,5,1.02,".44",1,7.1,68
"2014005HB","HB1405","2014","201404012400050348","Representative",6072,"10",41.361117,-68.77276,118,116,116,21-OCT-14,"09:10:03",41.3733,68.7617,118,21-OCT-14,"08:42","0265","SBE-911+","V",14.8,32.308,6.68,33.021,0,0.89,".47",1,7.7,114
"2014005HB","HB1405","2014","201404012400060350","Representative",5987,"10",41.55491,-69.178327,168,170,169,21-OCT-14,"14:31:33",41.5733,69.18,169,21-OCT-14,"13:59","0267","SBE-911+","V",14.05,32.118,5.97,33.206,1,1.11,".54",1,7.8,166
"2014005HB","HB1405","2014","201404012400080351","Representative",6098,"10",41.698208,-69.129908,181,181,180,21-OCT-14,"17:06:02",41.72,69.1017,179,21-OCT-14,"16:26","0268","SBE-911+","V",14.15,32.159,5.75,33.406,2,1.82,".67",1,7.5,170
"2014005HB","HB1405","2014","201404012300030353","Representative",5873,"10",41.534272,-69.371745,85,84,85,21-OCT-14,"22:05:39",41.55,69.3817,87,21-OCT-14,"21:40","0270","SBE-911+","V",14.42,32.206,8.24,33.041,2,1.05,".43",1,7.1,83
"2014005HB","HB1405","2014","201404012500050355","Non-Representative",6137,"10",41.448167,-69.609167,30,30,30,22-OCT-14,"01:52:17",41.4783,69.6267,30,22-OCT-14,"00:19","0271","SBE-911+","W",13.56,32.243,13.56,32.243,0,1.97,"1.55",1,8.1,27
"2014005HB","HB1405","2014","201404012500040354","Non-Representative",6137,"10",41.466667,-69.625167,30,29,30,22-OCT-14,"00:40:08",41.4783,69.6267,30,22-OCT-14,"00:19","0271","SBE-911+","W",13.56,32.243,13.56,32.243,0,0.7,".35",1,8.1,27
"2014005HB","HB1405","2014","201404012500010356","Representative",6074,"10",41.549027,-69.713587,28,29,29,22-OCT-14,"05:27:38",41.5367,69.705,29,22-OCT-14,"05:07","0272","SBE-911+","V",12.86,32.235,12.36,32.361,1,0.84,".34",1,7.7,23
"2014005HB","HB1405","2014","201404012500020357","Representative",6131,"10",41.596333,-69.729,33,35,34,22-OCT-14,"06:55:24",41.5833,69.72,32,22-OCT-14,"06:38","0273","SBE-911+","V",13.04,32.225,11.3,32.544,1,0.88,".29",1,7.1,27
"2014005HB","HB1405","2014","201404012300050358","Non-Representative",6039,"10",41.720167,-69.742833,82,80,81,22-OCT-14,"09:57:51",41.7083,69.7217,84,22-OCT-14,"09:34","0274","SBE-911+","V",13.76,32.243,8.01,33.014,2,1.19,".4",1,7,82
"2014005HB","HB1405","2014","201404012300080359","Representative",6039,"10",41.726167,-69.752833,81,83,82,22-OCT-14,"10:57:15",41.7083,69.7217,84,22-OCT-14,"09:34","0274","SBE-911+","V",13.76,32.243,8.01,33.014,3,1.76,"1.39",1,7,82
"2014005HB","HB1405","2014","201404036100030360","Representative",5914,"10",42.006665,-70.256033,48,49,48,22-OCT-14,"20:24:51",41.9983,70.2733,47,22-OCT-14,"20:05","0275","SBE-911+","V",14.28,31.95,10.25,32.324,1,0.92,".33",1,6.3,39
"2014005HB","HB1405","2014","201404036000030361","Representative",6027,"10",41.880758,-70.281203,32,33,33,22-OCT-14,"22:22:32",41.8767,70.2933,32,22-OCT-14,"22:05","0276","SBE-911+","V",14.51,31.809,10.67,32.136,0,0.59,".29",1,5,26
"2014005HB","HB1405","2014","201404035900030362","Representative",5977,"10",41.835618,-70.381777,27,28,28,23-OCT-14,"07:11:48",41.8267,70.3933,25,23-OCT-14,"06:52","0277","SBE-911+","W",14.43,31.743,14.05,31.806,2,0.74,".33",1,7.4,23
"2014005HB","HB1405","2014","201404035900020363","Representative",5965,"10",41.82655,-70.437988,26,26,26,23-OCT-14,"08:51:27",41.8233,70.4533,23,23-OCT-14,"08:32","0278","SBE-911+","V",14.47,31.737,14.48,31.736,3,0.71,".32",1,7.9,19
"2014005HB","HB1405","2014","201404035900010364","Representative",5906,"10",41.789875,-70.42081,23,23,23,23-OCT-14,"10:23:43",41.7833,70.4333,21,23-OCT-14,"10:05","0279","SBE-911+","V",14.64,31.584,14.58,31.644,2,0.68,".31",1,7.8,16
"2014005HB","HB1405","2014","201404036000020365","Representative",5903,"10",41.959827,-70.346088,45,43,44,23-OCT-14,"13:18:02",41.9733,70.335,46,23-OCT-14,"12:58","0280","SBE-911+","V",14.08,31.855,9.81,32.226,1,0.95,".33",1,5.3,42
"2014005HB","HB1405","2014","201404012800050366","Representative",6122,"10",42.343262,-69.682567,251,252,251,29-OCT-14,"06:15:06",42.365,69.7117,250,29-OCT-14,"05:36","0281","SBE-911+","W",13.68,32.295,7.54,34.177,1,1.84,".65",1,6.1,245
"2014005HB","HB1405","2014","201404012800040367","Representative",5892,"10",42.501167,-69.4775,272,268,270,29-OCT-14,"09:16:50",42.5233,69.4417,263,29-OCT-14,"08:28","0282","SBE-911+","V",13.35,32.372,7.61,34.205,9,2.07,".81",1,6.1,257
"2014005HB","HB1405","2014","201404012800070368","Representative",5930,"10",42.476333,-69.321167,226,226,227,29-OCT-14,"12:18:05",42.5017,69.3483,230,29-OCT-14,"11:35","0283","SBE-911+","V",13.66,32.295,7.26,34.038,4,1.94,".72",1,6.5,224
"2014005HB","HB1405","2014","201404012800030369","Representative",5932,"10",42.00832,-69.375802,212,211,212,29-OCT-14,"16:41:34",42.0267,69.3533,211,29-OCT-14,"15:57","0284","SBE-911+","V",13.9,32.349,7.03,33.97,1,1.49,".74",1,6.5,206
"2014005HB","HB1405","2014","201404012800060371","Representative",6079,"10",42.41067,-68.67045,200,202,201,29-OCT-14,"23:34:54",42.43,68.6467,198,29-OCT-14,"22:55","0286","SBE-911+","V",13.52,32.673,8.02,34.353,2,1.57,".66",1,6,196
"2014005HB","HB1405","2014","201404012400070372","Representative",5832,"10",42.143392,-68.724378,193,193,193,30-OCT-14,"02:58:54",42.15,68.76,186,30-OCT-14,"02:16","0287","SBE-911+","W",13.73,32.402,6.04,33.521,7,1.64,".72",1,7.5,183
"2014005HB","HB1405","2014","201404012400030374","Representative",5811,"10",42.019333,-68.596,174,173,174,30-OCT-14,"07:18:26",42.0033,68.5683,173,30-OCT-14,"06:43","0289","SBE-911+","V",13.99,32.407,5.69,33.351,1,1.57,".59",1,7.8,168
"2014005HB","HB1405","2014","201404012100020376","Representative",5922,"10",41.87117,-67.925727,59,58,58,30-OCT-14,"13:57:11",41.885,67.9117,58,30-OCT-14,"13:21","0291","SBE-911+","V",15.27,32.923,10.56,33.081,1,1.04,".6",1,7.3,55
"2014005HB","HB1405","2014","201404012100030377","Representative",5876,"10",41.899093,-67.888348,59,57,59,30-OCT-14,"15:40:01",41.9117,67.8717,60,30-OCT-14,"15:18","0292","SBE-911+","V",15.25,32.944,11.64,33.052,1,1.06,".37",1,7.3,56
"2014005HB","HB1405","2014","201404012200010378","Representative",6138,"10",42.082673,-67.915015,208,208,208,30-OCT-14,"18:15:10",42.08,67.8783,204,30-OCT-14,"17:40","0293","SBE-911+","V",14.3,32.38,9.32,35.1,4,1.64,".59",1,5.2,201
"2014005HB","HB1405","2014","201404012900030379","Representative",6082,"10",42.418658,-68.058433,184,180,184,30-OCT-14,"21:52:21",42.4133,68.0633,186,30-OCT-14,"20:47","0294","SBE-911+","V",13.77,32.49,9.01,34.799,2,0.39,"1.09",1,5.6,182
"2014005HB","HB1405","2014","201404013700070380","Representative",5804,"10",42.747683,-68.619038,175,174,174,31-OCT-14,"02:20:48",42.7483,68.6517,188,31-OCT-14,"01:44","0295","SBE-911+","V",12.79,32.916,8,34.352,13,1.44,".61",1,6,184
"2014005HB","HB1405","2014","201404013600010381","Representative",5957,"10",42.925333,-68.2615,171,174,170,31-OCT-14,"05:49:21",42.9267,68.2983,163,31-OCT-14,"05:11","0296","SBE-911+","W",13.35,32.859,7.39,34.062,8,1.62,".64",1,6.5,162
"2014005HB","HB1405","2014","201404013800010383","Representative",6130,"10",43.53739,-68.560932,138,133,136,31-OCT-14,"12:54:33",43.5167,68.5733,141,31-OCT-14,"12:21","0298","SBE-911+","V",12.81,33.238,9.32,34.163,3,1.35,".56",1,5.8,137
"2014005HB","HB1405","2014","201404013800060384","Representative",6086,"10",43.645662,-68.491,174,178,175,31-OCT-14,"15:08:05",43.6667,68.5067,179,31-OCT-14,"14:29","0299","SBE-911+","V",12.69,33.27,9.06,34.212,5,1.44,".65",1,5.7,173
"2014005HB","HB1405","2014","201404013800020385","Representative",5981,"10",43.659788,-68.223085,190,198,192,31-OCT-14,"17:44:12",43.6783,68.1933,183,31-OCT-14,"17:09","0300","SBE-911+","V",12.94,33.161,8.57,34.384,7,1.71,".59",1,5.6,181
"2014005HB","HB1405","2014","201404013800030386","Representative",6115,"10",44.048882,-67.756332,155,152,154,31-OCT-14,"22:47:15",44.07,67.7483,149,31-OCT-14,"22:18","0301","SBE-911+","V",12.63,33.26,10.37,34.256,6,1.31,".49",1,5.9,147
"2014005HB","HB1405","2014","201404013510020387","Representative",5857,"10",44.347158,-67.290625,147,146,145,01-NOV-14,"08:49:35",44.35,67.32,115,01-NOV-14,"08:16","0302","SBE-911+","W",12.63,33.409,11.32,33.933,32,1.27,".56",0,6.5,110
"2014005HB","HB1405","2014","201404013510050389","Representative",5831,"10",44.34898,-67.134647,162,151,156,04-NOV-14,"04:17:16",44.39,67.1167,138,04-NOV-14,"00:25","0303","SBE-911+","W",11.7,33.321,10.82,34.085,24,2.58,"3.87",1,6.2,137
"2014005HB","HB1405","2014","201404013510030390","Representative",6043,"10",44.35496,-67.033048,139,137,137,04-NOV-14,"06:43:27",44.3433,67.0533,133,04-NOV-14,"06:07","0304","SBE-911+","V",12,33.445,10.83,34.156,6,1.12,".61",1,6.1,129
"2014005HB","HB1405","2014","201404013400020392","Representative",5844,"10",44.01206,-66.823293,119,124,122,04-NOV-14,"12:51:42",44.0267,66.8283,109,04-NOV-14,"11:58","0306","SBE-911+","V",12.72,33.111,10.59,34.36,10,0.91,".9",1,6.1,107
"2014005HB","HB1405","2014","201404013400030393","Representative",5830,"10",43.956667,-66.791,108,112,109,04-NOV-14,"14:53:37",43.9317,66.785,114,04-NOV-14,"14:17","0307","SBE-911+","V",12.76,32.926,10.95,34.373,6,1.52,".61",1,6.1,112
"2014005HB","HB1405","2014","201404013400040394","Representative",6091,"10",43.78166,-66.79724,127,129,126,04-NOV-14,"17:17:57",43.7633,66.8017,129,04-NOV-14,"16:42","0308","SBE-911+","V",12.59,32.746,11.34,34.476,2,1.12,".6",1,6.1,128
"2014005HB","HB1405","2014","201404013400010395","Representative",5899,"10",43.659047,-66.655833,132,140,133,04-NOV-14,"19:44:56",43.635,66.655,118,04-NOV-14,"19:10","0309","SBE-911+","V",12.62,32.688,11.97,34.266,14,1.44,".58",1,6.4,116
"2014005HB","HB1405","2014","201404013400050397","Representative",6144,"10",43.610557,-66.878963,135,130,133,04-NOV-14,"23:37:48",43.6033,66.8533,131,04-NOV-14,"23:08","0311","SBE-911+","V",12.54,32.888,11.7,34.93,4,1.2,".5",1,5.7,129
"2014005HB","HB1405","2014","201404013600090398","Representative",6020,"10",43.312168,-67.004123,200,198,200,05-NOV-14,"02:28:42",43.3383,67.0083,182,05-NOV-14,"01:53","0312","SBE-911+","V",11.59,33.544,9.88,34.92,18,1.58,".6",1,5.4,180
"2014005HB","HB1405","2014","201404013600120399","Representative",5964,"10",43.211282,-67.26118,218,221,219,05-NOV-14,"05:20:01",43.1917,67.29,209,05-NOV-14,"04:36","0313","SBE-911+","W",11.65,33.156,9.67,34.881,9,1.72,".73",1,5.4,206
"2014005HB","HB1405","2014","201404013600100400","Representative",5867,"10",43.408138,-67.425878,189,187,188,05-NOV-14,"08:14:13",43.4283,67.45,194,05-NOV-14,"07:37","0314","SBE-911+","V",12.83,33.431,9.06,34.491,5,1.6,".62",1,5.6,190
"2014005HB","HB1405","2014","201404013600080401","Non-Representative",5887,"10",43.392833,-67.5205,212,213,212,05-NOV-14,"10:39:53",43.4167,67.5117,199,05-NOV-14,"09:54","0315","SBE-911+","V",12.75,33.429,9.02,34.52,13,1.48,".76",1,5.6,198
"2014005HB","HB1405","2014","201404013600060403","Representative",5978,"10",43.045477,-67.179212,229,226,228,05-NOV-14,"15:43:28",43.0583,67.1483,225,05-NOV-14,"15:06","0317","SBE-911+","V",13.91,33.845,9.84,35.121,4,1.56,".62",1,5.2,217
"2014005HB","HB1405","2014","201404013600110404","Representative",5870,"10",42.838707,-67.086998,202,203,203,05-NOV-14,"18:26:54",42.8617,67.07,218,05-NOV-14,"17:46","0318","SBE-911+","V",13.22,33.541,9.81,35.222,16,1.57,".68",1,5.1,217
"2014005HB","HB1405","2014","201404013600020405","Representative",6070,"10",42.841388,-67.13335,230,226,229,05-NOV-14,"20:14:50",42.865,67.1167,244,05-NOV-14,"19:31","0319","SBE-911+","V",13.57,33.644,9.72,35.193,14,1.6,".73",1,5.2,240
"2014005HB","HB1405","2014","201404012900050406","Representative",6107,"10",42.627713,-66.830835,224,222,222,05-NOV-14,"23:21:45",42.6467,66.85,214,05-NOV-14,"22:40","0320","SBE-911+","V",13.44,33.554,10.32,35.345,10,1.42,".7",1,5.1,211
"2014005HB","HB1405","2014","201404012900070407","Representative",5863,"10",42.563752,-66.727673,238,239,238,06-NOV-14,"01:23:33",42.5617,66.69,233,06-NOV-14,"00:46","0321","SBE-911+","V",13.9,33.597,7.64,35.07,5,1.67,".63",1,5.9,230
"2014005HB","HB1405","2014","201404013000010408","Representative",6084,"10",42.53538,-66.945925,305,308,306,06-NOV-14,"04:00:06",42.5233,66.9917,323,06-NOV-14,"03:10","0322","SBE-911+","W",13.29,33.363,8.78,35.198,18,2.15,".84",1,5.4,320
"2014005HB","HB1405","2014","201404013000030409","Representative",5969,"10",42.463602,-66.954683,327,329,327,06-NOV-14,"06:05:34",42.49,66.91,282,06-NOV-14,"05:09","0323","SBE-911+","V",13.46,33.46,7.86,35.125,45,2.54,".94",1,5.9,280
"2014005HB","HB1405","2014","201404012200030413","Representative",5937,"10",42.111995,-67.735395,190,191,191,06-NOV-14,"16:28:17",42.095,67.77,193,06-NOV-14,"15:54","0326","SBE-911+","V",11.77,32.664,6.16,33.382,3,1.85,".57",1,7.5,189
"2014005HB","HB1405","2014","201404012900060414","Representative",6026,"10",42.25809,-67.707817,228,229,228,06-NOV-14,"18:21:03",42.23,67.7117,217,06-NOV-14,"17:42","0327","SBE-911+","V",12.37,32.854,9.28,35.071,11,1.7,".65",1,5.1,214
"2014005HB","HB1405","2014","201404012900020415","Representative",6132,"10",42.471323,-67.707955,189,189,188,06-NOV-14,"20:53:29",42.4767,67.6767,205,06-NOV-14,"20:18","0328","SBE-911+","V",11.34,32.702,9.55,35.122,16,1.42,".59",1,5.2,202
"2014005HB","HB1405","2014","201404012900040416","Representative",5859,"10",42.555033,-67.904575,225,224,225,06-NOV-14,"22:53:00",42.5333,67.8817,232,06-NOV-14,"22:16","0329","SBE-911+","V",11.56,32.745,9.48,35.145,7,1.65,".62",1,5.1,228
"2014005HB","HB1405","2014","201404013600040417","Representative",5890,"10",42.802175,-67.953572,210,212,210,07-NOV-14,"01:52:17",42.8033,67.9733,204,07-NOV-14,"01:05","0330","SBE-911+","V",11.35,33.171,9.19,34.978,6,0.87,".79",1,5.2,199
"2014005HB","HB1405","2014","201404013700010418","Representative",5854,"10",42.809847,-69.078188,176,171,175,07-NOV-14,"07:45:08",42.8317,69.08,178,07-NOV-14,"07:15","0331","SBE-911+","W",11.76,33.053,6.98,33.595,2,1.31,".5",1,6.9,173
"2014005HB","HB1405","2014","201404013700030419","Representative",5918,"10",42.773883,-69.344983,83,89,83,07-NOV-14,"09:58:17",42.79,69.3333,69,07-NOV-14,"09:34","0332","SBE-911+","V",11.65,33.202,9.02,33.531,14,1.1,".4",1,6.9,66
"2014005HB","HB1405","2014","201404013700040420","Representative",6059,"10",42.874333,-69.425833,152,154,153,07-NOV-14,"12:25:07",42.86,69.4067,157,07-NOV-14,"11:56","0333","SBE-911+","V",11.31,33.117,7.41,33.686,5,1.2,".49",1,6.8,152
"2014005HB","HB1405","2014","201404013700050421","Representative",5868,"10",43.166812,-68.970513,170,170,170,07-NOV-14,"16:21:28",43.18,68.9417,171,07-NOV-14,"15:51","0334","SBE-911+","V",11.79,33.004,8.1,34.183,1,1.49,".51",1,6,167
"2014005HB","HB1405","2014","201404013800070422","Representative",6033,"10",43.38587,-68.91509,128,126,127,07-NOV-14,"19:12:22",43.3883,68.885,101,07-NOV-14,"18:47","0335","SBE-911+","V",11.89,33.398,11.24,33.904,27,1.32,".42",0,6.5,98
"2014005HB","HB1405","2014","201404013900030423","Representative",7053,"10",43.923447,-68.774172,93,89,89,08-NOV-14,"04:01:11",43.9267,68.7617,92,08-NOV-14,"03:30","0336","SBE-911+","V",11.89,33.26,11.93,33.26,1,0.57,".52",1,8,87
"2014005HB","HB1405","2014","201404013900070425","Representative",6947,"10",43.65825,-69.02737,117,96,114,08-NOV-14,"14:28:09",43.68,69.0067,103,08-NOV-14,"12:55","0337","SBE-911+","W",11.48,33.01,12.26,33.406,14,1.59,"1.55",1,7.5,97
"2014005HB","HB1405","2014","201404013800080426","Representative",6139,"10",43.559318,-69.618132,142,144,142,08-NOV-14,"19:05:56",43.5333,69.6233,160,08-NOV-14,"18:30","0338","SBE-911+","V",11.74,33.225,11.04,33.723,18,1.58,".6",1,6.2,158
"2014005HB","HB1405","2014","201404013700060429","Representative",5842,"10",43.056665,-69.77427,163,162,163,09-NOV-14,"03:35:32",43.07,69.78,161,09-NOV-14,"02:51","0341","SBE-911+","W",11.86,33.412,6.56,33.399,2,0.84,".74",1,7,158
"2014005HB","HB1405","2014","201404012700040431","Representative",5799,"10",42.67396,-69.954495,184,181,181,09-NOV-14,"08:41:19",42.6533,69.9467,172,09-NOV-14,"08:05","0343","SBE-911+","V",11.87,33.399,6.52,33.44,12,1.29,".61",1,7.2,169
"2014005HB","HB1405","2014","201404012700050432","Representative",5809,"10",42.737108,-69.984687,183,181,183,09-NOV-14,"10:18:36",42.7183,69.9733,191,09-NOV-14,"09:45","0344","SBE-911+","V",11.87,33.38,6.9,33.853,8,1.24,".56",1,6.5,185
"2014005HB","HB1405","2014","201404012700010434","Representative",5947,"10",42.948,-70.1435,135,135,135,09-NOV-14,"14:07:10",42.95,70.1167,123,09-NOV-14,"13:40","0346","SBE-911+","V",11.45,33.065,10.94,33.295,12,1.18,".45",1,7.2,120
"2014005HB","HB1405","2014","201404012600060435","Representative",5940,"10",42.7965,-70.227833,63,64,64,09-NOV-14,"16:00:29",42.81,70.225,60,09-NOV-14,"15:43","0347","SBE-911+","V",11.36,33.02,11.93,33.381,3,0.82,".29",1,7.8,54
"2014005HB","HB1405","2014","201404012600030436","Representative",5990,"10",42.778717,-70.20353,115,114,114,09-NOV-14,"17:17:34",42.79,70.1817,78,09-NOV-14,"16:53","0348","SBE-911+","V",11.96,33.351,11.95,33.402,37,1.18,".41",0,7.7,73
"2014005HB","HB1405","2014","201404036600010437","Representative",5992,"10",42.7175,-70.436667,82,83,82,09-NOV-14,"19:48:23",42.71,70.4117,58,09-NOV-14,"19:22","0349","SBE-911+","V",11.34,32.942,11.33,33.133,24,1.19,".44",0,7.6,53
"2014005HB","HB1405","2014","201404012600080438","Representative",5788,"10",42.773077,-70.455198,102,94,99,09-NOV-14,"21:20:01",42.7933,70.4567,109,09-NOV-14,"20:56","0350","SBE-911+","V",11.07,32.527,11.27,33.255,7,1.22,".4",1,7.1,107
"2014005HB","HB1405","2014","201404014000010439","Representative",5836,"10",42.820795,-70.414598,125,120,122,09-NOV-14,"23:20:05",42.815,70.39,127,09-NOV-14,"22:52","0351","SBE-911+","V",11.12,32.833,10.77,33.203,2,1.14,".47",1,7,125
"2014005HB","HB1405","2014","201404014000040440","Representative",7305,"10",42.926578,-70.497065,106,102,104,10-NOV-14,"01:13:49",42.94,70.4833,86,10-NOV-14,"00:49","0352","SBE-911+","V",10.83,32.683,11.78,33.279,20,1.01,".41",0,7.5,80
"2014005HB","HB1405","2014","201404014000030441","Representative",6097,"10",42.865373,-70.531407,94,94,93,10-NOV-14,"03:17:46",42.8467,70.5383,105,10-NOV-14,"02:24","0353","SBE-911+","W",11.03,32.52,11.72,33.278,11,1.16,".9",1,7.5,102
"2014005HB","HB1405","2014","201404036400020442","Representative",5821,"10",42.78011,-70.731778,35,33,34,10-NOV-14,"05:41:17",42.7683,70.725,34,10-NOV-14,"05:23","0355","SBE-911+","V",10.21,31.263,11.22,32.594,1,0.77,".3",1,8.1,30
"2014005HB","HB1405","2014","201404036600020443","Representative",6022,"10",42.71437,-70.49633,86,86,86,10-NOV-14,"08:00:29",42.7033,70.475,57,10-NOV-14,"07:38","0356","SBE-911+","V",11.05,32.817,11.43,33.128,29,1.15,".37",0,7.7,53
"2014005HB","HB1405","2014","201404036500040445","Non-Representative",7102,"10",42.556767,-70.637183,52,46,48,10-NOV-14,"14:49:39",42.5683,70.6133,51,10-NOV-14,"14:21","0358","SBE-911+","V",10.82,32.408,11.46,32.905,1,1.26,".48",1,7.7,48
"2014005HB","HB1405","2014","201404036600030447","Representative",6051,"10",42.5123,-70.667455,61,65,64,10-NOV-14,"19:59:06",42.5267,70.665,53,10-NOV-14,"19:38","0359","SBE-911+","V",11.06,32.461,11.47,32.914,8,0.87,".35",1,7.7,49
"2014005HB","HB1405","2014","201404036500030448","Representative",7223,"10",42.446333,-70.7985,45,43,43,10-NOV-14,"22:09:04",42.4583,70.7867,44,10-NOV-14,"21:47","0360","SBE-911+","V",11.08,32.375,11.05,32.521,1,0.89,".37",1,7.9,38
"2014005HB","HB1405","2014","201404036400030449","Representative",6041,"10",42.393128,-70.787747,31,34,32,11-NOV-14,"02:40:53",42.3833,70.775,28,11-NOV-14,"01:45","0361","SBE-911+","V",10.91,32.2,10.93,32.33,3,0.82,".93",1,8.2,22
"2014005HB","HB1405","2014","201404036500020451","Non-Representative",5935,"10",42.319167,-70.686333,47,46,47,11-NOV-14,"06:54:48",42.3083,70.67,47,11-NOV-14,"06:36","0362","SBE-911+","W",10.85,32.472,10.9,32.641,0,0.98,".31",1,7.4,44
"2014005HB","HB1405","2014","201404012600090452","Representative",7128,"10",42.2505,-70.367833,76,75,76,11-NOV-14,"11:35:56",42.25,70.39,78,11-NOV-14,"11:14","0363","SBE-911+","V",10.99,32.09,11.07,32.589,2,0.99,".37",1,8,76
"2014005HB","HB1405","2014","201404036100010453","Representative",5851,"10",42.090457,-70.450603,54,58,56,11-NOV-14,"16:12:54",42.0833,70.4567,53,11-NOV-14,"15:49","0364","SBE-911+","V",11.57,32.137,11.16,32.391,1,0.51,".4",1,8,48
"2014005HB","HB1405","2014","201404036000040454","Representative",7204,"10",41.972283,-70.458092,42,44,43,11-NOV-14,"19:00:41",41.9683,70.4783,39,11-NOV-14,"18:43","0365","SBE-911+","V",11.51,31.863,11.58,32.123,3,0.93,".29",1,8.2,33
"2014005HB","HB1405","2014","201404036100020455","Representative",5823,"10",42.12233,-70.073637,50,48,48,11-NOV-14,"23:46:16",42.1317,70.0867,49,11-NOV-14,"23:28","0366","SBE-911+","V",11.23,32.427,11.04,32.983,1,0.81,".3",1,8,44
"2014005HB","HB1405","2014","201404012700020456","Representative",5913,"10",42.155892,-69.957657,139,137,140,12-NOV-14,"01:33:44",42.175,69.9783,136,12-NOV-14,"00:59","0367","SBE-911+","V",11.23,32.639,8.43,33.436,3,1.47,".58",1,7.1,133
"2014005HB","HB1405","2014","201404012600020457","Representative",5816,"10",42.054218,-69.907115,81,84,82,12-NOV-14,"03:25:26",42.0433,69.8917,84,12-NOV-14,"03:03","0368","SBE-911+","W",11.22,32.729,9.62,33.394,3,0.95,".37",1,7.4,80
"2014005HB","HB1405","2014","201404012500030458","Non-Representative",5874,"10",41.995167,-69.9015,62,62,62,12-NOV-14,"05:16:24",41.98,69.89,62,12-NOV-14,"04:57","0369","SBE-911+","V",11.3,32.366,11.14,33.222,0,1.05,".32",1,7.9,57
"2014005HB","HB1405","2014","201404035600020459","Non-Representative",6042,"10",41.880145,-69.907517,32,32,31,12-NOV-14,"08:05:23",41.8717,69.8933,38,12-NOV-14,"07:45","0370","SBE-911+","V",11.26,32.388,11.18,32.597,6,0.81,".34",1,8.1,35
"2014005HB","HB1405","2014","201404035600030460","Representative",5864,"10",41.803667,-69.901667,23,25,24,12-NOV-14,"13:03:43",41.795,69.9033,22,12-NOV-14,"12:50","0371","SBE-911+","V",10.94,32.38,10.89,32.386,1,0.53,".23",1,8.5,19
"2014005HB","HB1405","2014","201404035600010461","Representative",5963,"10",41.781388,-69.888845,25,25,25,12-NOV-14,"14:24:40",41.77,69.8867,24,12-NOV-14,"14:10","0372","SBE-911+","V",11.2,32.431,11.19,32.822,1,0.69,".24",1,7.9,21
"2014005HB","HB1405","2014","201404036500050462","Representative",7124,"10",42.723653,-70.645825,38,39,39,13-NOV-14,"00:20:24",42.71,70.6333,40,13-NOV-14,"00:00","0373","SBE-911+","V",10.55,31.559,11.36,32.993,2,0.99,".34",1,7.9,33
"2014005HB","HB1405","2014","201404036500010463","Representative",7046,"10",42.73406,-70.656778,38,39,39,13-NOV-14,"02:04:37",42.7233,70.6467,38,13-NOV-14,"01:42","0374","SBE-911+","W",10.62,31.819,11.33,32.99,0,0.78,".38",1,8,31
"2015001HB","HB1501","2015","201502017600030013","Representative",7646,"10",39.082178,-72.714255,240,239,238,14-MAR-15,"09:23:03",39.1033,72.7017,273,14-MAR-15,"08:40","0002","SBE-911+","W",13.49,35.865,11.3,35.475,33,1.4,".72",1,5.2,268
"2015001HB","HB1501","2015","201502017600020015","Representative",7645,"10",38.965017,-72.821048,253,252,254,14-MAR-15,"11:58:52",38.985,72.8133,257,14-MAR-15,"10:48","0003","SBE-911+","V",13.89,35.917,12.4,35.665,4,1.25,"1.18",1,6.6,255
"2015001HB","HB1501","2015","201502017400020016","Representative",7573,"10",39.02233,-73.18917,73,75,74,14-MAR-15,"14:33:48",39.035,73.175,72,14-MAR-15,"14:09","0004","SBE-911+","V",9.8,34.93,9.24,34.909,1,1.01,".41",1,8.4,68
"2015001HB","HB1501","2015","201502017400010017","Non-Representative",7572,"10",38.960032,-73.487987,58,58,58,14-MAR-15,"16:48:58",38.9683,73.5017,51,14-MAR-15,"16:30","0005","SBE-911+","V",7.65,34.363,7.23,34.465,7,0.81,".32",1,9.4,48
"2015001HB","HB1501","2015","201502017400060018","Representative",7572,"10",38.942897,-73.485518,58,58,58,14-MAR-15,"19:50:25",38.9683,73.5017,51,14-MAR-15,"16:30","0005","SBE-911+","V",7.65,34.363,7.23,34.465,7,1.7,"3.34",1,9.4,48
"2015001HB","HB1501","2015","201502017400040019","Representative",7571,"10",38.859525,-73.173068,78,78,78,14-MAR-15,"23:12:48",38.87,73.155,80,14-MAR-15,"22:46","0006","SBE-911+","V",9.92,35.061,10.49,35.354,2,1.05,".45",1,8.1,77
"2015001HB","HB1501","2015","201502017000040020","Representative",7631,"10",38.551472,-73.725528,61,62,62,15-MAR-15,"03:18:41",38.565,73.7133,61,15-MAR-15,"02:59","0007","SBE-911+","W",9.62,35.032,8.75,34.888,0,1,".33",1,8.9,60
"2015001HB","HB1501","2015","201502017000030021","Representative",7634,"10",38.459372,-73.914272,58,60,59,15-MAR-15,"05:15:44",38.47,73.9017,58,15-MAR-15,"04:55","0008","SBE-911+","V",7.21,34.418,8.9,34.97,0,0.87,".35",1,8.5,56
"2015001HB","HB1501","2015","201502017000010022","Representative",7632,"10",38.314197,-74.031648,67,66,67,15-MAR-15,"07:26:34",38.3067,74.0133,69,15-MAR-15,"07:06","0009","SBE-911+","V",8.51,34.734,11.15,35.482,2,0.98,".34",1,7.8,67
"2015001HB","HB1501","2015","201502016900050023","Representative",7560,"10",38.25386,-74.514878,43,41,43,15-MAR-15,"10:42:40",38.2433,74.5233,43,15-MAR-15,"10:22","0010","SBE-911+","V",6.16,34.45,5.28,34.459,0,0.75,".34",1,10.6,40
"2015001HB","HB1501","2015","201502032900030024","Representative",7653,"10",38.436447,-74.867263,17,15,16,15-MAR-15,"13:31:18",38.4467,74.8617,17,15-MAR-15,"13:16","0011","SBE-911+","V",1.92,31.781,2.65,33.324,0,0.67,".26",1,11.5,14
"2015001HB","HB1501","2015","201502032900020026","Representative",7652,"10",38.331468,-74.944725,23,22,22,15-MAR-15,"15:45:05",38.345,74.9383,21,15-MAR-15,"15:30","0013","SBE-911+","V",1.94,31.675,2.1,33.028,2,0.87,".25",1,11.3,17
"2015001HB","HB1501","2015","201502033200020029","Representative",7656,"10",37.948945,-75.051772,23,24,24,15-MAR-15,"23:46:51",37.9633,75.035,22,15-MAR-15,"23:26","0014","SBE-911+","V",2.77,32.007,2.41,33.335,1,1.17,".35",1,11.3,19
"2015001HB","HB1501","2015","201502033200030030","Representative",7654,"10",37.73914,-75.255295,25,24,25,16-MAR-15,"01:51:29",37.7467,75.24,24,16-MAR-15,"01:36","0015","SBE-911+","V",2.59,31.861,2.33,33.212,1,0.86,".26",1,11.1,20
"2015001HB","HB1501","2015","201502016500010032","Representative",7622,"10",37.49905,-75.266332,28,30,28,16-MAR-15,"04:55:09",37.5117,75.26,25,16-MAR-15,"04:40","0016","SBE-911+","V",3.68,32.749,3.27,33.788,3,0.82,".25",1,11.3,19
"2015001HB","HB1501","2015","201502033500020033","Representative",7657,"10",37.486515,-75.422497,26,23,24,16-MAR-15,"06:27:52",37.4983,75.4217,23,16-MAR-15,"06:14","0017","SBE-911+","W",3.26,32.327,2,32.902,3,0.71,".23",1,11.5,18
"2015001HB","HB1501","2015","201502033500030035","Representative",7658,"10",37.183733,-75.55675,25,24,25,16-MAR-15,"09:53:25",37.1733,75.565,25,16-MAR-15,"09:38","0018","SBE-911+","V",3.14,32.601,1.91,32.937,0,0.74,".26",1,11.4,20
"2015001HB","HB1501","2015","201502033800020037","Representative",7391,"10",37.078108,-75.60247,21,21,21,16-MAR-15,"13:27:32",37.0833,75.5967,21,16-MAR-15,"13:14","0019","SBE-911+","V",3.25,32.71,2.18,32.958,0,0.42,".23",1,11.2,18
"2015001HB","HB1501","2015","201502033800010038","Representative",7392,"10",36.8999,-75.68356,20,21,21,16-MAR-15,"15:46:11",36.905,75.6767,19,16-MAR-15,"15:29","0020","SBE-911+","V",3.76,33.128,2.75,33.324,1,0.45,".29",1,11,16
"2015001HB","HB1501","2015","201502034100010040","Representative",7661,"10",36.208618,-75.660883,19,21,21,17-MAR-15,"20:50:41",36.22,75.665,22,17-MAR-15,"20:37","0021","SBE-911+","W",5.71,30.426,3.1,33.586,3,0.71,".23",1,11.1,18
"2015001HB","HB1501","2015","201502034100050041","Representative",7663,"10",36.197815,-75.560477,27,27,27,17-MAR-15,"22:18:02",36.19,75.57,27,17-MAR-15,"22:04","0022","SBE-911+","V",6.25,31.744,3.51,33.81,0,0.66,".23",1,11,24
"2015001HB","HB1501","2015","201502034100040042","Representative",7662,"10",36.229558,-75.498845,30,29,29,17-MAR-15,"23:28:49",36.2417,75.5033,28,17-MAR-15,"23:11","0023","SBE-911+","V",5.29,33.287,3.47,33.867,2,0.76,".3",1,10.7,24
"2015001HB","HB1501","2015","201502034100020043","Representative",7660,"10",36.040165,-75.606965,24,24,24,18-MAR-15,"01:20:13",36.0533,75.61,24,18-MAR-15,"01:05","0024","SBE-911+","W",5.62,31.161,3.25,33.633,0,0.8,".25",1,10.7,21
"2015001HB","HB1501","2015","201502034100030044","Representative",7664,"10",35.867003,-75.38301,25,25,26,18-MAR-15,"03:35:37",35.8783,75.3917,24,18-MAR-15,"03:19","0025","SBE-911+","V",7.22,31.444,4.83,33.95,1,0.8,".28",1,10.7,22
"2015001HB","HB1501","2015","201502034400040046","Representative",7667,"10",35.772875,-75.30604,33,32,32,18-MAR-15,"06:23:01",35.765,75.3017,33,18-MAR-15,"06:05","0026","SBE-911+","V",6.13,33.866,5.73,34.29,0,0.52,".3",1,10.6,30
"2015001HB","HB1501","2015","201502034400030047","Representative",7665,"10",35.644448,-75.295932,25,26,26,18-MAR-15,"08:28:32",35.6367,75.2933,27,18-MAR-15,"08:11","0027","SBE-911+","V",7.02,34.321,6.72,34.304,2,0.48,".29",1,10.5,22
"2015001HB","HB1501","2015","201502085000020048","Representative",7737,"10",34.971342,-75.62089,31,32,32,18-MAR-15,"15:02:19",34.9833,75.5983,33,18-MAR-15,"14:39","0028","SBE-911+","V",18.91,36.43,18.91,36.431,2,1.32,".39",1,7.3,27
"2015001HB","HB1501","2015","201502075200050049","Representative",8517,"10",34.900688,-75.813128,26,25,25,18-MAR-15,"16:40:00",34.8917,75.8117,26,18-MAR-15,"16:27","0029","SBE-911+","V",16.98,35.975,17,35.976,0,0.54,".22",1,7.5,22
"2015001HB","HB1501","2015","201502075200030050","Representative",7733,"10",34.924267,-75.81946,26,24,25,18-MAR-15,"17:55:07",34.9367,75.8083,25,18-MAR-15,"17:37","0030","SBE-911+","V",17.1,36.071,17.08,36.064,1,0.93,".3",1,7.5,21
"2015001HB","HB1501","2015","201502085000030051","Representative",7735,"10",34.5946,-75.905512,49,48,49,18-MAR-15,"20:22:22",34.6117,75.9,43,18-MAR-15,"20:04","0031","SBE-911+","V",20.57,36.424,19.22,36.432,6,1.06,".31",1,6.9,39
"2015001HB","HB1501","2015","201502085100010052","Representative",7738,"10",34.535465,-75.893978,60,58,59,18-MAR-15,"21:57:08",34.5233,75.905,60,18-MAR-15,"21:37","0032","SBE-911+","V",19.5,36.409,18.74,36.401,0,0.91,".34",1,6.6,58
"2015001HB","HB1501","2015","201502085200010053","Representative",7677,"10",34.458247,-75.819175,154,149,152,19-MAR-15,"01:11:22",34.5017,75.7833,147,19-MAR-15,"00:03","0033","SBE-911+","W",23.84,36.386,17.9,36.382,7,3.16,"1.14",0,7,142
"2015001HB","HB1501","2015","201502085300020054","Non-Representative",7681,"10",34.519068,-75.697732,287,287,287,19-MAR-15,"03:33:36",34.4783,75.7483,240,19-MAR-15,"02:25","0034","SBE-911+","V",23.51,36.418,16.69,36.344,47,3.5,"1.14",0,7,235
"2015001HB","HB1501","2015","201502085300040056","Representative",7681,"10",34.511238,-75.706632,278,275,277,19-MAR-15,"04:54:23",34.4783,75.7483,240,19-MAR-15,"02:25","0034","SBE-911+","V",23.51,36.418,16.69,36.344,38,2.86,"2.49",1,7,235
"2015001HB","HB1501","2015","201502085200030057","Representative",7678,"10",34.63016,-75.68306,127,128,127,19-MAR-15,"07:02:52",34.635,75.6783,123,19-MAR-15,"06:29","0035","SBE-911+","V",23.76,36.395,18.62,36.395,4,0.37,".56",1,6.7,122
"2015001HB","HB1501","2015","201502085100030058","Representative",7739,"10",34.738362,-75.599897,95,97,96,19-MAR-15,"09:06:09",34.7417,75.5983,95,19-MAR-15,"08:35","0036","SBE-911+","V",23.71,36.389,19.44,36.402,0,0.22,".52",1,6.6,92
"2015001HB","HB1501","2015","201502085200020059","Representative",7676,"10",34.732812,-75.555425,174,168,171,19-MAR-15,"10:58:42",34.7417,75.545,175,19-MAR-15,"10:12","0037","SBE-911+","V",23.46,36.415,18.18,36.37,1,0.74,".78",1,6.6,174
"2015001HB","HB1501","2015","201502085100020060","Representative",7740,"10",34.941403,-75.43819,77,76,76,19-MAR-15,"13:25:26",34.9317,75.4483,73,19-MAR-15,"12:58","0038","SBE-911+","V",21.46,36.422,19.07,36.413,4,0.77,".46",1,7,70
"2015001HB","HB1501","2015","201502085300030061","Representative",7679,"10",34.910193,-75.334115,270,270,270,19-MAR-15,"15:54:11",34.9267,75.325,228,19-MAR-15,"14:49","0039","SBE-911+","V",23.23,36.443,16.25,36.183,42,1.09,"1.09",0,5.6,227
"2015001HB","HB1501","2015","201502085300010062","Representative",7680,"10",35.117822,-75.108653,301,302,302,19-MAR-15,"19:12:33",35.1183,75.1067,296,19-MAR-15,"18:15","0040","SBE-911+","V",23.37,36.431,10.01,35.258,5,0.1,".96",1,4.3,291
"2015001HB","HB1501","2015","201502085000040063","Representative",8901,"10",35.326595,-75.065918,35,34,34,19-MAR-15,"21:49:40",35.275,75.09,30,19-MAR-15,"20:53","0041","SBE-911+","V",19.91,36.289,18.48,36.086,5,3.32,".94",0,7,27
"2015001HB","HB1501","2015","201502016300010064","Representative",7550,"10",35.57678,-74.79891,125,123,127,20-MAR-15,"00:58:24",35.5533,74.8333,72,20-MAR-15,"00:20","0042","SBE-911+","W",16.23,35.781,11.78,35.419,53,2.19,".64",0,8.2,69
"2015001HB","HB1501","2015","201502016400030065","Representative",7551,"10",35.692578,-74.809568,276,280,285,20-MAR-15,"03:39:27",35.6983,74.82,272,20-MAR-15,"02:36","0043","SBE-911+","V",17.95,36.066,,,4,0.61,"1.06",0,7.4,257
"2015001HB","HB1501","2015","201502016300030066","Representative",7548,"10",35.704442,-74.839187,119,116,120,20-MAR-15,"05:09:18",35.685,74.84,107,20-MAR-15,"04:46","0044","SBE-911+","V",17.47,35.903,10.71,35.347,12,1.17,".39",1,8.9,104
"2015001HB","HB1501","2015","201502016200010067","Representative",7615,"10",35.736472,-74.944215,59,58,58,20-MAR-15,"07:32:00",35.72,74.9417,58,20-MAR-15,"07:12","0045","SBE-911+","V",15.64,35.623,11.96,35.518,1,1,".33",1,8.2,56
"2015001HB","HB1501","2015","201502016200020068","Representative",7616,"10",35.876372,-74.916392,84,86,85,20-MAR-15,"09:17:29",35.8567,74.925,75,20-MAR-15,"08:54","0046","SBE-911+","V",17.02,35.902,11.74,35.495,9,1.25,".39",1,8.3,73
"2015001HB","HB1501","2015","201502016200030069","Representative",7617,"10",36.102268,-74.902575,81,83,81,20-MAR-15,"11:56:30",36.105,74.9217,71,20-MAR-15,"11:33","0047","SBE-911+","V",11.7,34.825,10.39,35.232,10,0.94,".39",1,9.1,69
"2015001HB","HB1501","2015","201502016400020070","Representative",7552,"10",36.232108,-74.759078,305,322,313,20-MAR-15,"14:44:40",36.2517,74.765,410,20-MAR-15,"13:50","0048","SBE-911+","V",13.12,35.078,,,105,1.21,".91",0,5.8,391
"2015001HB","HB1501","2015","201502016300020072","Representative",7549,"10",36.421892,-74.781148,157,152,156,20-MAR-15,"20:09:37",36.4417,74.7817,118,20-MAR-15,"19:41","0049","SBE-911+","V",12.85,35.165,11.16,35.429,39,1.19,".48",0,8.2,112
"2015001HB","HB1501","2015","201502016100010073","Representative",7614,"10",36.323407,-74.969815,42,42,42,20-MAR-15,"22:28:12",36.3367,74.9667,41,20-MAR-15,"22:12","0050","SBE-911+","V",11.27,35.325,10.56,35.344,1,0.81,".27",1,9,39
"2015001HB","HB1501","2015","201502016100030074","Representative",7612,"10",36.29158,-75.199443,38,31,34,21-MAR-15,"00:38:14",36.29,75.1783,38,21-MAR-15,"00:17","0051","SBE-911+","W",8.73,34.961,8.78,34.995,0,1.03,".35",1,9.7,35
"2015001HB","HB1501","2015","201502016100020075","Representative",7613,"10",36.267728,-75.305125,33,31,32,21-MAR-15,"01:59:58",36.2833,75.2967,29,21-MAR-15,"01:44","0052","SBE-911+","V",6.19,34.415,6.85,34.657,4,1.02,".27",1,10.3,25
"2015001HB","HB1501","2015","201502016100050076","Representative",7611,"10",36.141453,-75.332357,34,35,34,21-MAR-15,"03:35:47",36.14,75.3183,33,21-MAR-15,"03:20","0053","SBE-911+","V",4.54,33.8,5.61,34.294,1,0.69,".26",1,10.3,29
"2015001HB","HB1501","2015","201502016100040077","Representative",7610,"10",36.205367,-75.39117,33,31,31,21-MAR-15,"04:57:30",36.1933,75.3833,32,21-MAR-15,"04:36","0054","SBE-911+","V",4.54,33.855,4.68,33.99,1,0.82,".36",1,10.5,28
"2015001HB","HB1501","2015","201502016600030080","Representative",7627,"10",36.680435,-74.771765,70,69,69,24-MAR-15,"05:19:12",36.6617,74.7767,65,24-MAR-15,"04:56","0055","SBE-911+","V",14.28,35.873,10.14,35.234,5,1.15,".39",1,8.5,64
"2015001HB","HB1501","2015","201502016500070082","Representative",7620,"10",37.05888,-75.070338,38,35,36,24-MAR-15,"09:49:35",37.0483,75.0817,39,24-MAR-15,"09:33","0056","SBE-911+","V",6.68,34.517,6.69,34.518,1,0.84,".28",1,10.6,37
"2015001HB","HB1501","2015","201502016800020083","Representative",7556,"10",37.08334,-74.691477,254,273,263,24-MAR-15,"13:24:58",37.0883,74.71,282,24-MAR-15,"12:15","0057","SBE-911+","V",15.81,36.116,9.5,35.289,28,0.94,"1.17",1,6.6,281
"2015001HB","HB1501","2015","201502016700030085","Representative",7628,"10",37.19901,-74.5473,138,139,139,24-MAR-15,"17:29:38",37.18,74.5517,139,24-MAR-15,"17:02","0058","SBE-911+","V",18.33,36.379,12.51,35.7,1,1.16,".46",1,7.3,131
"2015001HB","HB1501","2015","201502016700020086","Representative",7630,"10",37.243442,-74.536515,137,135,137,24-MAR-15,"18:41:25",37.2267,74.54,138,24-MAR-15,"18:16","0059","SBE-911+","V",18.51,36.42,12.13,35.637,1,1.02,".42",1,7.2,135
"2015001HB","HB1501","2015","201502016800010087","Representative",7555,"10",37.40384,-74.48315,224,243,235,24-MAR-15,"21:15:19",37.4267,74.5,173,24-MAR-15,"20:34","0060","SBE-911+","V",17.55,36.334,10.9,35.387,51,1.59,".69",0,8.1,167
"2015001HB","HB1501","2015","201502016600010090","Representative",7625,"10",37.644088,-74.594635,55,58,57,25-MAR-15,"05:01:10",37.635,74.6083,55,25-MAR-15,"04:41","0061","SBE-911+","V",13.36,35.833,11.17,35.464,0,0.85,".34",1,8.1,53
"2015001HB","HB1501","2015","201502016600020091","Representative",7626,"10",37.57036,-74.569127,63,63,64,25-MAR-15,"06:46:02",37.5667,74.585,60,25-MAR-15,"06:25","0062","SBE-911+","W",14.75,36.031,10.11,35.215,3,0.79,".35",1,8.7,59
"2015001HB","HB1501","2015","201502016800030092","Representative",7554,"10",37.517708,-74.32569,254,258,258,25-MAR-15,"09:14:24",37.4983,74.345,236,25-MAR-15,"08:30","0063","SBE-911+","V",17.79,36.355,11.52,35.505,18,1.48,".74",1,7.7,234
"2015001HB","HB1501","2015","201502017200030093","Representative",7641,"10",37.707157,-74.199908,201,202,202,25-MAR-15,"12:19:10",37.6933,74.205,204,25-MAR-15,"11:35","0064","SBE-911+","V",18.06,36.361,11.93,35.601,3,0.87,".74",1,7,201
"2015001HB","HB1501","2015","201502017000020094","Representative",7635,"10",37.862212,-74.292157,72,71,72,25-MAR-15,"14:10:55",37.845,74.295,73,25-MAR-15,"13:51","0065","SBE-911+","V",15.37,36.111,11.31,35.489,1,1.04,".33",1,8.1,69
"2015001HB","HB1501","2015","201502017100010096","Representative",7636,"10",38.119935,-73.933545,117,116,117,25-MAR-15,"17:07:53",38.1,73.94,118,25-MAR-15,"16:42","0066","SBE-911+","V",12.93,35.754,10.76,35.354,1,1.24,".43",1,8.4,115
"2015001HB","HB1501","2015","201502017000050097","Representative",7633,"10",38.218077,-73.946837,76,77,77,25-MAR-15,"18:31:55",38.2017,73.955,79,25-MAR-15,"18:11","0067","SBE-911+","V",12.84,35.773,11.76,35.558,3,1.06,".35",1,7.7,77
"2015001HB","HB1501","2015","201502017100030098","Representative",7638,"10",38.222228,-73.792882,116,117,116,25-MAR-15,"20:17:25",38.215,73.8183,116,25-MAR-15,"19:45","0068","SBE-911+","V",20.12,36.43,11.98,35.601,0,1.28,".54",1,6.7,113
"2015001HB","HB1501","2015","201502017200010100","Non-Representative",7639,"10",38.345447,-73.566163,312,307,296,26-MAR-15,"00:06:28",38.3767,73.5733,370,25-MAR-15,"23:03","0069","SBE-911+","V",21.1,36.442,,,58,1.91,"1.06",0,5.3,312
"2015001HB","HB1501","2015","201502017300060102","Representative",7569,"10",38.845628,-73.91492,43,43,43,26-MAR-15,"07:49:02",38.8533,73.9033,43,26-MAR-15,"07:33","0070","SBE-911+","W",5.36,34.014,5.24,34.024,0,0.71,".27",1,10.5,40
"2015001HB","HB1501","2015","201502016900070105","Representative",7557,"10",38.730277,-74.28893,39,38,38,26-MAR-15,"12:55:16",38.74,74.2817,39,26-MAR-15,"12:39","0071","SBE-911+","V",5.47,34.085,5.39,34.129,0,0.68,".27",1,10.7,35
"2015001HB","HB1501","2015","201502016900060106","Representative",7562,"10",38.812113,-74.400798,39,38,38,26-MAR-15,"14:42:30",38.8233,74.3967,35,26-MAR-15,"14:27","0072","SBE-911+","V",4.22,33.66,4.34,33.762,4,0.7,".26",1,10.7,31
"2015001HB","HB1501","2015","201502032600010107","Representative",7649,"10",38.68083,-74.816667,18,16,18,26-MAR-15,"17:57:51",38.69,74.8117,17,26-MAR-15,"17:37","0073","SBE-911+","V",4.07,32.186,3.58,32.83,1,0.6,".35",1,10.8,13
"2015001HB","HB1501","2015","201502032600030108","Representative",7650,"10",38.689597,-74.91261,24,23,23,26-MAR-15,"19:23:43",38.6967,74.91,26,26-MAR-15,"19:09","0074","SBE-911+","V",4.11,31.133,3.48,32.901,2,0.44,".25",1,11,20
"2015001HB","HB1501","2015","201502032300020110","Representative",7389,"10",38.88745,-74.601092,24,24,23,26-MAR-15,"23:27:36",38.88,74.6083,24,26-MAR-15,"23:14","0075","SBE-911+","V",3.73,32.782,3.71,32.807,0,0.56,".23",1,10.9,17
"2015001HB","HB1501","2015","201502032300030111","Representative",7387,"10",39.068735,-74.594805,21,20,21,27-MAR-15,"02:08:46",39.0783,74.5883,20,27-MAR-15,"01:50","0076","SBE-911+","W",3.42,32.562,3.42,32.572,1,0.65,".31",1,10.9,18
"2015001HB","HB1501","2015","201502032300010112","Representative",7388,"10",39.077928,-74.586443,19,19,18,27-MAR-15,"03:17:07",39.0533,74.6133,20,27-MAR-15,"02:52","0077","SBE-911+","V",3.4,32.485,3.3,32.657,1,1.94,".42",1,11.1,18
"2015001HB","HB1501","2015","201502032000040113","Non-Representative",7385,"10",39.181172,-74.266018,20,20,22,27-MAR-15,"06:04:21",39.1933,74.2617,23,27-MAR-15,"05:46","0078","SBE-911+","V",3.73,33.142,3.73,33.167,3,0.76,".31",1,10.8,19
"2015001HB","HB1501","2015","201502032000050114","Representative",7385,"10",39.195642,-74.26237,22,21,22,27-MAR-15,"07:18:15",39.1933,74.2617,23,27-MAR-15,"05:46","0078","SBE-911+","V",3.73,33.142,3.73,33.167,1,0.14,"1.54",1,10.8,19
"2015001HB","HB1501","2015","201502032000020115","Representative",7383,"10",39.336103,-74.069787,25,26,25,27-MAR-15,"09:32:39",39.3267,74.0767,25,27-MAR-15,"09:16","0079","SBE-911+","V",4.15,33.216,4.32,33.453,0,0.65,".28",1,10.4,23
"2015001HB","HB1501","2015","201502032000010116","Representative",7384,"10",39.456213,-74.018457,26,25,26,27-MAR-15,"11:42:02",39.4483,74.0233,27,27-MAR-15,"10:51","0080","SBE-911+","V",4.4,32.771,4.17,33.219,1,0.53,".85",1,10.5,23
"2015001HB","HB1501","2015","201502031700020119","Representative",7382,"10",39.859042,-73.967703,22,23,22,27-MAR-15,"17:00:40",39.8683,73.97,21,27-MAR-15,"16:45","0081","SBE-911+","V",3.85,31.812,3.55,32.897,1,0.57,".26",1,11.2,18
"2015001HB","HB1501","2015","201502017300050120","Representative",7567,"10",39.521158,-73.495968,36,37,37,27-MAR-15,"20:16:28",39.5333,73.4883,36,27-MAR-15,"20:01","0082","SBE-911+","V",5.45,33.895,5.35,33.944,0,0.81,".26",1,10.6,33
"2015001HB","HB1501","2015","201502017200040125","Representative",7640,"10",38.44075,-73.370715,229,223,227,28-MAR-15,"08:29:49",38.4267,73.3867,260,28-MAR-15,"07:45","0083","SBE-911+","W",20.15,36.363,12.17,35.655,31,1.13,".75",1,7.1,258
"2015001HB","HB1501","2015","201502017500040127","Representative",7642,"10",38.477682,-73.337187,156,149,152,28-MAR-15,"12:58:27",38.4583,73.3467,253,28-MAR-15,"09:26","0084","SBE-911+","V",19.93,36.405,12.59,35.7,97,1.25,"3.54",0,7.1,252
"2015001HB","HB1501","2015","201502017500010128","Representative",7643,"10",38.573473,-73.247068,152,154,153,28-MAR-15,"15:02:18",38.555,73.2633,142,28-MAR-15,"14:24","0085","SBE-911+","V",18.95,36.406,11.65,35.51,10,1.35,".64",1,7.9,139
"2015001HB","HB1501","2015","201502017500030129","Representative",7644,"10",38.64941,-73.199168,136,129,133,28-MAR-15,"16:54:28",38.6417,73.2017,145,28-MAR-15,"16:18","0086","SBE-911+","V",16.53,36.107,12.16,35.642,9,0.48,".61",1,7.2,142
"2015001HB","HB1501","2015","201502010400030132","Representative",7701,"10",39.156392,-72.59168,280,269,275,29-MAR-15,"01:46:55",39.1483,72.5967,273,29-MAR-15,"01:01","0087","SBE-911+","W",11.35,35.325,12.29,35.674,7,0.54,".77",1,6.5,272
"2015001HB","HB1501","2015","201502010400020133","Representative",7702,"10",39.179528,-72.541022,281,268,276,29-MAR-15,"03:20:18",39.17,72.565,266,29-MAR-15,"02:40","0088","SBE-911+","W",11.71,35.437,12.07,35.63,15,1.25,".67",1,6.2,263
"2015001HB","HB1501","2015","201502010300030134","Representative",7700,"10",39.289005,-72.493643,144,141,143,29-MAR-15,"05:30:45",39.27,72.485,145,29-MAR-15,"04:52","0089","SBE-911+","V",9.52,34.78,11.42,35.353,1,1.21,".65",1,7.6,141
"2015001HB","HB1501","2015","201502010300020135","Representative",7697,"10",39.29226,-72.447358,148,147,147,29-MAR-15,"07:18:19",39.2817,72.4333,153,29-MAR-15,"06:44","0090","SBE-911+","V",9.88,34.887,11.57,35.387,5,0.91,".57",1,7.5,149
"2015001HB","HB1501","2015","201502010400010136","Representative",7703,"10",39.39471,-72.270447,201,200,199,29-MAR-15,"09:52:07",39.3783,72.2767,202,29-MAR-15,"09:14","0091","SBE-911+","V",10.12,34.953,12.39,35.673,1,1.03,".64",1,6.9,201
"2015001HB","HB1501","2015","201502010300040137","Representative",7698,"10",39.43611,-72.477555,123,121,123,29-MAR-15,"12:13:35",39.425,72.49,123,29-MAR-15,"11:48","0092","SBE-911+","V",8.92,34.595,11.37,35.291,0,0.88,".43",1,7.4,120
"2015001HB","HB1501","2015","201502010200070138","Representative",7696,"10",39.768623,-72.170242,99,98,99,29-MAR-15,"16:11:41",39.76,72.1867,98,29-MAR-15,"15:24","0093","SBE-911+","V",7.02,33.987,10.64,34.979,1,0.92,".79",1,6.9,94
"2015001HB","HB1501","2015","201502010200050142","Representative",7692,"10",40.218357,-72.342317,61,62,61,30-MAR-15,"00:30:08",40.2167,72.3283,62,30-MAR-15,"00:10","0094","SBE-911+","V",4.92,33.367,5.03,33.457,1,0.65,".34",1,9.8,58
"2015001HB","HB1501","2015","201502010200080143","Representative",7690,"10",40.174862,-72.521252,62,61,62,30-MAR-15,"02:01:57",40.1733,72.5033,62,30-MAR-15,"01:43","0095","SBE-911+","V",5.28,33.471,5.35,33.516,0,0.83,".32",1,9.7,58
"2015001HB","HB1501","2015","201502010100030146","Representative",7683,"10",40.054165,-73.204175,42,44,42,30-MAR-15,"07:57:51",40.0633,73.1967,43,30-MAR-15,"07:38","0096","SBE-911+","W",4.65,33.567,4.66,33.566,1,0.65,".33",1,10.5,40
"2015001HB","HB1501","2015","201502010200010147","Representative",7691,"10",39.95593,-73.261895,66,67,66,30-MAR-15,"09:23:35",39.965,73.2783,68,30-MAR-15,"09:05","0097","SBE-911+","V",4.54,33.572,4.54,33.575,2,0.93,".31",1,10.4,64
"2015001HB","HB1501","2015","201502010100040150","Representative",7685,"10",39.97539,-73.48884,41,41,41,30-MAR-15,"14:55:49",39.9733,73.4767,41,30-MAR-15,"14:40","0098","SBE-911+","V",4.19,33.509,5.27,33.808,0,0.57,".26",1,9.8,37
"2015001HB","HB1501","2015","201502031700030153","Representative",7380,"10",40.147793,-73.940985,20,23,21,30-MAR-15,"19:04:39",40.1333,73.9467,22,30-MAR-15,"18:47","0099","SBE-911+","V",3.85,30.476,3.39,33.068,2,0.91,".29",1,10.7,18
"2015001HB","HB1501","2015","201502031400020154","Representative",7379,"10",40.219968,-73.912405,22,19,22,30-MAR-15,"20:15:19",40.21,73.91,23,30-MAR-15,"20:01","0100","SBE-911+","V",3.87,30.41,3.49,33.051,1,0.61,".24",1,10.8,19
"2015001HB","HB1501","2015","201502031400010155","Representative",7378,"10",40.308507,-73.87184,26,24,25,30-MAR-15,"21:58:12",40.3017,73.875,26,30-MAR-15,"21:42","0101","SBE-911+","V",3.72,31.368,3.43,33.219,0,0.43,".27",1,10.5,21
"2015001HB","HB1501","2015","201502031400030156","Representative",7377,"10",40.487628,-73.829475,22,23,23,31-MAR-15,"00:12:28",40.4883,73.845,20,30-MAR-15,"23:57","0102","SBE-911+","V",3.36,32.808,3.18,33.212,2,0.71,".26",1,10.4,16
"2015001HB","HB1501","2015","201502031100010157","Representative",7375,"10",40.466235,-73.637978,23,23,22,31-MAR-15,"01:48:45",40.475,73.645,23,31-MAR-15,"01:36","0103","SBE-911+","V",3.61,32.755,3.56,32.848,0,0.62,".21",1,11.1,20
"2015001HB","HB1501","2015","201502031100020158","Representative",7376,"10",40.406622,-73.606917,22,22,22,31-MAR-15,"02:53:52",40.4067,73.62,23,31-MAR-15,"02:39","0104","SBE-911+","W",3.68,32.33,3.39,33.029,1,0.6,".25",1,10.8,19
"2015001HB","HB1501","2015","201502030800020160","Representative",7373,"10",40.525715,-73.147523,27,29,28,31-MAR-15,"06:39:08",40.5317,73.1633,27,31-MAR-15,"06:21","0105","SBE-911+","V",2.55,32.827,2.58,32.897,0,0.81,".3",1,10.6,24
"2015001HB","HB1501","2015","201502030800030161","Representative",7372,"10",40.552465,-73.050113,28,28,28,31-MAR-15,"07:52:05",40.555,73.065,28,31-MAR-15,"07:34","0106","SBE-911+","V",2.86,32.91,2.93,32.977,0,0.7,".3",1,10.8,26
"2015001HB","HB1501","2015","201502030800050164","Representative",7371,"10",40.655012,-72.849837,30,30,30,31-MAR-15,"12:18:26",40.65,72.8683,29,31-MAR-15,"10:47","0107","SBE-911+","V",2.7,32.796,2.72,32.944,1,0.89,"1.52",1,10.2,27
"2015001HB","HB1501","2015","201502030800040163","Non-Representative",7371,"10",40.649235,-72.852948,29,31,30,31-MAR-15,"11:01:09",40.65,72.8683,29,31-MAR-15,"10:47","0107","SBE-911+","V",2.7,32.796,2.72,32.944,0,0.7,".24",1,10.2,27
"2015001HB","HB1501","2015","201502010100050165","Representative",7686,"10",40.639182,-72.7252,34,36,35,31-MAR-15,"13:37:32",40.65,72.7317,34,31-MAR-15,"13:24","0108","SBE-911+","V",2.75,32.811,2.89,32.973,0,0.71,".23",1,10.4,30
"2015001HB","HB1501","2015","201502010600020167","Representative",7710,"10",40.446565,-72.045685,63,63,62,31-MAR-15,"18:34:35",40.435,72.0533,64,31-MAR-15,"18:16","0109","SBE-911+","V",3.69,32.777,4.79,33.38,1,0.78,".31",1,9.7,60
"2015001HB","HB1501","2015","201502010600060168","Representative",7709,"10",40.568472,-71.956615,58,57,58,31-MAR-15,"20:10:04",40.5583,71.955,59,31-MAR-15,"19:54","0110","SBE-911+","V",3.55,32.744,4.12,33.265,1,0.62,".27",1,10,56
"2015001HB","HB1501","2015","201502030500020170","Representative",7370,"10",40.839197,-72.295698,29,29,29,01-APR-15,"00:15:23",40.8333,72.3067,29,01-APR-15,"00:02","0111","SBE-911+","V",2.85,32.026,2.74,32.705,0,0.61,".22",1,10.6,25
"2015001HB","HB1501","2015","201502030500030171","Representative",7369,"10",40.86521,-72.256158,28,29,28,01-APR-15,"01:15:52",40.8667,72.2683,26,01-APR-15,"01:01","0112","SBE-911+","W",2.83,32.063,2.68,32.562,2,0.56,".25",1,10.6,23
"2015001HB","HB1501","2015","201502010500020172","Representative",7706,"10",40.852505,-72.210257,33,34,33,01-APR-15,"02:15:03",40.8483,72.225,34,01-APR-15,"02:01","0113","SBE-911+","V",2.86,32.004,2.91,32.857,1,0.72,".23",1,10.3,30
"2015001HB","HB1501","2015","201502030500010173","Representative",7368,"10",40.903078,-72.079318,31,31,31,01-APR-15,"03:34:12",40.8983,72.0917,30,01-APR-15,"03:21","0114","SBE-911+","V",2.9,32.046,2.87,32.73,1,0.63,".22",1,10.1,25
"2015001HB","HB1501","2015","201502030200020174","Representative",7575,"10",40.959527,-71.996187,26,26,26,01-APR-15,"04:46:19",40.9533,72.0083,26,01-APR-15,"04:31","0115","SBE-911+","V",2.98,32.022,3.03,32.639,0,0.66,".26",1,10.2,23
"2015001HB","HB1501","2015","201502030200010175","Representative",7577,"10",41.032697,-71.751413,27,27,27,01-APR-15,"07:00:15",41.0483,71.74,25,01-APR-15,"06:38","0116","SBE-911+","V",2.61,31.57,3.27,32.492,2,1.07,".37",1,10.2,22
"2015001HB","HB1501","2015","201502010600010177","Representative",7716,"10",40.595718,-71.402663,66,67,66,01-APR-15,"12:46:42",40.5717,71.39,67,01-APR-15,"13:35","0117","SBE-911+","V",2.86,32.912,3.44,33.18,1,1.55,".81",1,9.3,66
"2015001HB","HB1501","2015","201502010600070178","Representative",7713,"10",40.417053,-71.418168,73,74,74,01-APR-15,"15:00:16",40.4283,71.405,73,01-APR-15,"14:41","0118","SBE-911+","V",4.12,33.242,5.65,33.643,0,0.91,".32",1,9.3,69
"2015001HB","HB1501","2015","201502010600030179","Representative",7711,"10",40.247888,-71.689405,83,84,83,01-APR-15,"17:37:32",40.245,71.7017,82,01-APR-15,"17:15","0119","SBE-911+","V",4.34,33.235,8.21,34.276,1,0.59,".38",1,7.4,80
"2015001HB","HB1501","2015","201502010600050180","Representative",7715,"10",40.168993,-71.612573,85,84,85,01-APR-15,"19:07:46",40.1833,71.6217,85,01-APR-15,"18:47","0120","SBE-911+","V",5.18,33.452,9.3,34.577,0,0.96,".35",1,7.9,84
"2015001HB","HB1501","2015","201502010300010181","Representative",7699,"10",39.906007,-71.816665,135,134,135,01-APR-15,"22:07:24",39.9,71.8433,137,01-APR-15,"21:37","0121","SBE-911+","V",6.92,33.853,11.41,35.274,2,1.28,".51",1,7.2,136
"2015001HB","HB1501","2015","201502010700010182","Representative",7720,"10",39.924692,-71.677763,132,130,131,01-APR-15,"23:39:26",39.9217,71.695,136,01-APR-15,"23:14","0122","SBE-911+","V",6.65,33.774,12.44,35.669,4,0.81,".42",1,7,134
"2015001HB","HB1501","2015","201502010800010183","Representative",7722,"10",39.901843,-71.575093,240,239,238,02-APR-15,"01:32:30",39.9067,71.5483,258,02-APR-15,"00:59","0123","SBE-911+","V",11.08,35.265,10.68,35.409,18,1.27,".56",1,5.2,257
"2015001HB","HB1501","2015","201502010800040185","Representative",7723,"10",40.04218,-71.203148,209,209,209,02-APR-15,"04:59:15",40.035,71.23,207,02-APR-15,"04:20","0124","SBE-911+","W",6.59,33.83,11.74,35.568,2,1.31,".65",1,6.5,202
"2015001HB","HB1501","2015","201502010700030186","Representative",7719,"10",40.13966,-71.26141,111,111,111,02-APR-15,"07:11:00",40.1283,71.2733,111,02-APR-15,"06:46","0125","SBE-911+","V",5.98,33.602,9.22,34.512,0,0.87,".42",1,7.5,109
"2015001HB","HB1501","2015","201502010700040187","Representative",7718,"10",40.183315,-71.193555,122,122,122,02-APR-15,"08:35:34",40.175,71.21,121,02-APR-15,"08:05","0126","SBE-911+","V",5.41,33.477,10.34,34.853,1,0.91,".51",1,7.1,118
"2015001HB","HB1501","2015","201502010500050190","Representative",7707,"10",40.911218,-70.77147,52,52,52,02-APR-15,"17:16:19",40.9067,70.7583,52,02-APR-15,"16:56","0127","SBE-911+","V",3.1,32.857,2.44,32.894,0,0.66,".34",1,10.3,49
"2015001HB","HB1501","2015","201502034500010193","Representative",7670,"10",41.233935,-71.53023,38,38,38,03-APR-15,"01:21:31",41.22,71.4967,37,03-APR-15,"02:08","0128","SBE-911+","V",3.01,32.165,2.98,32.756,1,1.73,".77",1,10.2,32
"2015001HB","HB1501","2015","201502034500020194","Representative",7671,"10",41.37814,-71.207638,26,25,26,03-APR-15,"04:01:17",41.3783,71.18,25,03-APR-15,"05:01","0129","SBE-911+","W",2.5,32.21,1.84,32.527,1,1.25,"1",1,10.5,23
"2015001HB","HB1501","2015","201502034500030195","Representative",7669,"10",41.336277,-71.04177,29,28,29,08-APR-15,"00:01:25",41.34,71.0217,26,07-APR-15,"23:43","0130","SBE-911+","W",2.89,32.453,2.68,32.502,3,0.93,".31",1,10.7,23
"2015001HB","HB1501","2015","201502034600030196","Representative",7674,"10",41.34488,-70.969347,28,30,29,08-APR-15,"01:29:58",41.3483,70.98,28,08-APR-15,"01:14","0131","SBE-911+","V",2.84,32.486,2.77,32.487,0,0.52,".27",1,10.7,26
"2015001HB","HB1501","2015","201502034600040200","Representative",7675,"10",41.131425,-70.117475,21,22,22,08-APR-15,"11:49:59",41.12,70.1483,23,08-APR-15,"12:33","0132","SBE-911+","W",4.59,32.86,4.59,32.857,2,1.55,".72",1,11.2,19
"2015001HB","HB1501","2015","201502034600020201","Representative",7672,"10",40.927198,-70.021972,24,24,24,08-APR-15,"14:53:58",40.9267,70.0233,26,08-APR-15,"14:32","0133","SBE-911+","V",4.28,32.996,4.27,33.004,2,0.07,".37",1,11.1,22
"2015001HB","HB1501","2015","201502010900040202","Representative",7724,"10",40.801965,-70.10009,34,35,34,08-APR-15,"17:53:25",40.8117,70.1033,33,08-APR-15,"16:22","0134","SBE-911+","V",4.49,33.08,4.47,33.077,1,0.6,"1.52",1,11.1,30
"2015001HB","HB1501","2015","201502010900020204","Representative",7726,"10",40.703717,-69.33241,48,47,47,09-APR-15,"01:59:35",40.7117,69.3467,40,09-APR-15,"01:33","0135","SBE-911+","W",4.89,33.356,4.89,33.356,8,0.81,".44",1,10.7,38
"2015001HB","HB1501","2015","201502011000020205","Representative",7403,"10",40.536275,-69.527,63,61,62,09-APR-15,"04:54:55",40.535,69.55,64,09-APR-15,"04:33","0136","SBE-911+","V",4.24,33.251,4.22,33.244,1,1.05,".37",1,10.9,62
"2015001HB","HB1501","2015","201502011000100207","Representative",7404,"10",40.430925,-70.059877,74,74,74,09-APR-15,"08:43:42",40.4283,70.0733,74,09-APR-15,"08:20","0137","SBE-911+","V",5.01,33.281,4.67,33.407,0,0.63,".39",1,9.9,72
"2015001HB","HB1501","2015","201502011000040209","Non-Representative",7407,"10",40.20453,-70.182727,102,102,102,09-APR-15,"13:59:42",40.2117,70.195,103,09-APR-15,"13:32","0138","SBE-911+","V",5.57,33.345,5.85,33.701,1,0.71,".46",1,9,99
"2015001HB","HB1501","2015","201502010700020210","Representative",8761,"10",40.103178,-70.600963,126,128,128,09-APR-15,"17:09:19",40.0917,70.615,127,09-APR-15,"16:43","0139","SBE-911+","V",7.59,33.842,10.75,35.023,1,0.94,".44",1,6.9,124
"2015001HB","HB1501","2015","201502010800030211","Representative",7721,"10",39.995317,-70.567568,265,263,265,09-APR-15,"19:36:02",39.985,70.59,276,09-APR-15,"18:57","0140","SBE-911+","V",9.23,34.442,9.46,35.29,11,1.2,".65",1,5.2,275
"2015001HB","HB1501","2015","201502011200010212","Representative",7412,"10",40.024125,-70.327383,223,223,223,09-APR-15,"22:44:25",40.0317,70.2917,213,09-APR-15,"22:04","0141","SBE-911+","V",7.47,33.773,12.22,35.621,10,1.7,".67",1,6.9,212
"2015001HB","HB1501","2015","201502011200030213","Representative",7414,"10",40.023567,-70.283783,240,239,240,10-APR-15,"01:09:09",40.02,70.2433,227,10-APR-15,"00:30","0142","SBE-911+","W",7.21,33.718,12.07,35.537,13,1.87,".65",1,7,226
"2015001HB","HB1501","2015","201502011200020214","Representative",7413,"10",39.94631,-69.974452,246,255,248,10-APR-15,"04:50:33",39.955,69.9967,210,10-APR-15,"04:11","0143","SBE-911+","V",7.49,33.803,12.46,35.677,36,1.15,".66",1,6.9,209
"2015001HB","HB1501","2015","201502011100030215","Representative",7408,"10",39.973885,-69.873807,147,147,146,10-APR-15,"06:34:07",39.9833,69.8933,151,10-APR-15,"06:07","0144","SBE-911+","V",7.55,33.809,11.75,35.432,4,1.06,".45",1,6.8,148
"2015001HB","HB1501","2015","201502011100040216","Representative",7411,"10",40.045022,-69.6163,114,112,113,10-APR-15,"08:55:54",40.0467,69.635,114,10-APR-15,"08:30","0145","SBE-911+","V",7.29,33.707,9.43,34.613,0,0.87,".43",1,7.8,111
"2015001HB","HB1501","2015","201502011000060217","Representative",7402,"10",40.158498,-69.443332,89,88,89,10-APR-15,"11:00:36",40.1617,69.4233,90,10-APR-15,"10:43","0146","SBE-911+","V",6.96,33.564,9.03,34.475,1,0.94,".29",1,7.9,88
"2015001HB","HB1501","2015","201502011000080218","Representative",7405,"10",40.23824,-69.56259,81,79,80,10-APR-15,"12:36:01",40.2283,69.5467,82,10-APR-15,"12:15","0147","SBE-911+","V",6.44,33.411,4.43,33.368,1,0.94,".35",1,9.8,81
"2015001HB","HB1501","2015","201502011000070219","Representative",7399,"10",40.323875,-69.596918,74,72,73,10-APR-15,"14:00:28",40.3133,69.5933,74,10-APR-15,"13:40","0148","SBE-911+","V",5.69,33.35,4.56,33.332,0,0.66,".34",1,10.1,72
"2015001HB","HB1501","2015","201502011000030220","Representative",7400,"10",40.371282,-69.279825,80,82,81,10-APR-15,"16:32:43",40.3783,69.295,79,10-APR-15,"16:12","0149","SBE-911+","V",5.55,33.366,5,33.372,1,0.81,".35",1,10.6,75
"2015001HB","HB1501","2015","201502011100020221","Representative",7409,"10",40.14493,-69.01281,150,151,149,10-APR-15,"19:41:11",40.1583,69.02,140,10-APR-15,"19:15","0150","SBE-911+","V",6.41,33.342,11.14,35.22,10,0.87,".44",1,7.1,138
"2015001HB","HB1501","2015","201502011100010222","Representative",7410,"10",40.240973,-68.963213,113,114,114,10-APR-15,"22:08:03",40.2417,68.9733,114,10-APR-15,"21:38","0151","SBE-911+","V",6.51,33.354,6.54,33.747,1,0.46,".5",1,9,112
"2015001HB","HB1501","2015","201502011000050224","Representative",7401,"10",40.477338,-69.021905,77,78,77,11-APR-15,"02:44:23",40.475,69.0033,77,11-APR-15,"02:24","0152","SBE-911+","W",5.44,33.391,5.21,33.395,0,0.86,".34",1,10.3,74
"2015001HB","HB1501","2015","201502011900110226","Representative",8590,"10",40.913825,-68.438452,51,51,51,11-APR-15,"10:46:16",40.905,68.4383,53,11-APR-15,"10:28","0153","SBE-911+","V",5.13,33.333,5.16,33.333,2,0.53,".3",1,10.4,49
"2015001HB","HB1501","2015","201502012000020227","Representative",7463,"10",41.090347,-68.571615,53,55,52,11-APR-15,"12:57:49",41.0867,68.5833,56,11-APR-15,"12:40","0154","SBE-911+","V",4.79,33.294,4.78,33.294,3,0.57,".3",1,10.7,52
"2015001HB","HB1501","2015","201502012300060228","Representative",7476,"10",41.254982,-68.858938,99,100,99,11-APR-15,"15:56:40",41.26,68.8833,101,11-APR-15,"15:30","0155","SBE-911+","V",5.12,33.423,4.81,33.432,2,1.14,".44",1,9.8,97
"2015001HB","HB1501","2015","201502012500030229","Representative",7490,"10",41.170527,-69.272522,52,54,53,11-APR-15,"20:04:23",41.1817,69.2767,56,11-APR-15,"19:38","0156","SBE-911+","V",5.03,33.379,5,33.377,4,0.7,".44",1,10,52
"2015001HB","HB1501","2015","201502012300030230","Non-Representative",7477,"10",41.229422,-69.243823,75,75,76,11-APR-15,"22:13:35",41.2183,69.23,76,11-APR-15,"21:54","0157","SBE-911+","V",4.98,33.366,4.95,33.367,1,0.91,".33",1,10.1,73
"2015001HB","HB1501","2015","201502012300010231","Representative",7475,"10",41.287107,-69.224245,95,96,96,12-APR-15,"00:15:29",41.2833,69.2467,88,11-APR-15,"23:50","0158","SBE-911+","V",5.2,33.331,4.93,33.386,7,1.04,".42",1,10.3,86
"2015001HB","HB1501","2015","201502012300020232","Representative",7473,"10",41.292178,-69.167425,101,99,100,12-APR-15,"01:44:45",41.29,69.1433,105,12-APR-15,"01:19","0159","SBE-911+","W",5.31,33.382,5.1,33.453,4,1.1,".43",1,10.2,102
"2015001HB","HB1501","2015","201502012300040233","Representative",8833,"10",41.464228,-69.28185,95,93,94,12-APR-15,"04:29:11",41.4833,69.29,96,12-APR-15,"04:02","0160","SBE-911+","V",4.97,33.285,4.62,33.312,1,1.2,".45",1,10.5,93
"2015001HB","HB1501","2015","201502012500020234","Representative",7488,"10",41.471792,-69.401407,55,55,55,12-APR-15,"06:16:57",41.48,69.4083,54,12-APR-15,"06:00","0161","SBE-911+","V",4.3,33.054,4.15,33.157,1,0.58,".28",1,10.8,51
"2015001HB","HB1501","2015","201502012500040237","Representative",7487,"10",41.586407,-69.7164,32,31,31,12-APR-15,"13:42:39",41.595,69.7283,32,12-APR-15,"13:28","0162","SBE-911+","V",3.6,32.781,3.57,32.918,0,0.74,".24",1,11.1,27
"2015001HB","HB1501","2015","201502035600030238","Representative",7580,"10",41.78664,-69.890798,24,25,25,12-APR-15,"16:15:28",41.775,69.8867,23,12-APR-15,"16:00","0163","SBE-911+","V",3.57,32.66,3.55,32.665,1,0.72,".26",1,11.9,21
"2015001HB","HB1501","2015","201502035600020240","Representative",7578,"10",41.818267,-69.900572,25,31,27,12-APR-15,"17:22:23",41.8083,69.8983,25,12-APR-15,"16:57","0164","SBE-911+","W",3.84,32.681,3.45,32.679,0,0.61,".42",1,11.6,23
"2015001HB","HB1501","2015","201502012400050243","Representative",7480,"10",41.558953,-68.836198,153,156,154,13-APR-15,"02:51:26",41.5533,68.8667,152,13-APR-15,"02:23","0165","SBE-911+","V",5.79,33.496,5.26,33.525,1,1.41,".47",1,9.5,150
"2015001HB","HB1501","2015","201502012300070244","Representative",7478,"10",41.409215,-68.551542,86,89,87,13-APR-15,"05:31:48",41.3967,68.55,83,13-APR-15,"05:11","0166","SBE-911+","V",5.06,33.342,4.9,33.334,3,0.76,".35",1,10.9,80
"2015001HB","HB1501","2015","201502012300050245","Representative",7474,"10",41.585305,-68.483017,92,93,92,13-APR-15,"07:25:31",41.57,68.4867,91,13-APR-15,"07:05","0167","SBE-911+","V",4.98,33.329,4.82,33.314,1,0.93,".34",1,11,87
"2015001HB","HB1501","2015","201502012000060246","Representative",7460,"10",41.611505,-68.423008,54,52,53,13-APR-15,"09:21:30",41.6,68.4183,51,13-APR-15,"09:01","0168","SBE-911+","V",5.11,33.261,5.08,33.265,3,0.72,".34",1,11.2,49
"2015001HB","HB1501","2015","201502012400030247","Representative",7486,"10",41.882755,-68.402567,200,201,202,13-APR-15,"12:20:20",41.9067,68.4083,206,13-APR-15,"11:49","0169","SBE-911+","V",5.34,33.21,6.81,33.986,6,1.46,".52",1,7.4,205
"2015001HB","HB1501","2015","201502012900110249","Representative",7512,"10",41.8739,-68.280932,217,217,217,13-APR-15,"14:05:21",41.8567,68.3017,216,13-APR-15,"13:29","0170","SBE-911+","V",5.51,33.22,6.75,33.957,1,1.39,".61",1,7.6,215
"2015001HB","HB1501","2015","201502012200010250","Representative",7469,"10",41.872898,-68.191585,187,185,186,13-APR-15,"15:35:53",41.8633,68.225,190,13-APR-15,"15:05","0171","SBE-911+","V",5.61,33.203,6.25,33.775,3,1.6,".51",1,8.2,189
"2015001HB","HB1501","2015","201502012100020251","Representative",7465,"10",41.91333,-67.95382,94,95,93,13-APR-15,"17:32:18",41.9067,67.9733,96,13-APR-15,"17:10","0172","SBE-911+","V",5.74,33.25,5.1,33.451,2,0.96,".37",1,9.6,93
"2015001HB","HB1501","2015","201502012100030252","Representative",7466,"10",41.934703,-67.84568,67,67,67,13-APR-15,"18:45:59",41.9233,67.8633,69,13-APR-15,"18:27","0173","SBE-911+","V",5.72,33.248,5,33.327,2,1.04,".32",1,10.4,62
"2015001HB","HB1501","2015","201502012000050261","Representative",8763,"10",41.535773,-67.959945,39,40,40,14-APR-15,"18:38:30",41.5383,67.965,37,14-APR-15,"18:23","0174","SBE-911+","W",5.5,33.214,5.48,33.22,2,0.27,".26",1,11.4,31
"2015001HB","HB1501","2015","201502011900090262","Representative",7453,"10",41.222055,-68.067825,45,46,45,14-APR-15,"23:14:14",41.2133,68.0833,47,14-APR-15,"22:56","0175","SBE-911+","V",5.36,33.205,5.37,33.205,2,0.87,".3",1,11.2,44
"2015001HB","HB1501","2015","201502011400010268","Representative",7428,"10",40.483885,-67.854492,113,115,114,15-APR-15,"14:47:06",40.4883,67.8317,111,15-APR-15,"14:22","0176","SBE-911+","V",7.75,33.223,10.48,34.799,2,1.07,".42",1,7.4,108
"2015001HB","HB1501","2015","201502011500030269","Representative",7430,"10",40.39206,-67.8846,240,240,242,15-APR-15,"17:45:13",40.3817,67.9167,201,15-APR-15,"16:56","0177","SBE-911+","W",7.63,33.127,11.77,35.521,39,1.59,".82",0,6.3,199
"2015001HB","HB1501","2015","201502011400040272","Representative",7427,"10",40.523658,-67.538602,125,121,123,16-APR-15,"01:00:26",40.515,67.565,131,16-APR-15,"00:31","0178","SBE-911+","V",6.8,32.948,11.09,35.202,6,1.31,".49",1,6.7,129
"2015001HB","HB1501","2015","201502011500020273","Representative",7429,"10",40.461948,-67.251325,325,341,332,16-APR-15,"03:44:47",40.455,67.2817,311,16-APR-15,"02:55","0179","SBE-911+","W",7.73,33.553,7.9,35.151,14,1.45,".83",1,5.4,310
"2015001HB","HB1501","2015","201502011300100276","Representative",7424,"10",40.770212,-67.66007,75,71,72,16-APR-15,"09:58:22",40.7617,67.6417,78,16-APR-15,"09:41","0180","SBE-911+","V",6.59,32.769,6.15,33.439,3,0.98,".29",1,9.3,75
"2015001HB","HB1501","2015","201502011300070277","Representative",7423,"10",40.801138,-67.702188,72,72,72,16-APR-15,"11:38:51",40.7883,67.6967,71,16-APR-15,"10:44","0181","SBE-911+","V",6.34,32.962,5.86,33.361,1,0.81,".91",1,9.5,68
"2015001HB","HB1501","2015","201502011300010278","Representative",7417,"10",40.872488,-67.77581,65,65,65,16-APR-15,"13:01:41",40.8633,67.7617,66,16-APR-15,"12:45","0182","SBE-911+","V",5.88,33.135,5.48,33.145,1,0.85,".28",1,9.9,63
"2015001HB","HB1501","2015","201502011300030279","Representative",7418,"10",41.051265,-67.564773,61,62,62,16-APR-15,"15:22:47",41.0483,67.5817,62,16-APR-15,"15:06","0183","SBE-911+","V",6.54,32.869,5.36,33.021,1,0.79,".28",1,10,59
"2015001HB","HB1501","2015","201502011600050281","Representative",7443,"10",41.020208,-66.93551,72,74,73,16-APR-15,"20:07:51",41.0233,66.9483,71,16-APR-15,"19:47","0184","SBE-911+","V",6.58,32.642,5.57,33.108,1,0.61,".35",1,9.6,69
"2015001HB","HB1501","2015","201502011400020282","Representative",7425,"10",40.73527,-66.889752,144,144,144,16-APR-15,"22:53:55",40.7183,66.9133,156,16-APR-15,"22:19","0185","SBE-911+","V",7.6,33.196,13.25,35.772,12,1.48,".58",1,6.4,155
"2015001HB","HB1501","2015","201502011700040283","Representative",7743,"10",40.971318,-66.538825,115,118,117,17-APR-15,"01:45:06",40.96,66.5567,113,17-APR-15,"01:17","0186","SBE-911+","W",8.4,33.638,13.23,35.673,2,1.06,".47",1,7,110
"2015001HB","HB1501","2015","201502011800040284","Non-Representative",7446,"10",40.978483,-66.469715,243,249,246,17-APR-15,"04:18:22",40.955,66.4983,235,17-APR-15,"03:38","0187","SBE-911+","V",13.44,35.468,13.08,35.739,8,1.92,".67",1,6.3,234
"2015001HB","HB1501","2015","201502011700030286","Representative",7741,"10",41.131787,-66.404505,120,120,120,17-APR-15,"09:32:04",41.14,66.3833,121,17-APR-15,"09:08","0188","SBE-911+","V",4.05,31.901,8.85,34.408,1,1.08,".4",1,7.5,118
"2015001HB","HB1501","2015","201502011600090287","Representative",7439,"10",41.150533,-66.551278,91,92,92,17-APR-15,"10:55:23",41.14,66.53,94,17-APR-15,"10:34","0189","SBE-911+","V",5.26,32.423,5.69,33.327,3,1.15,".36",1,9,91
"2015001HB","HB1501","2015","201502011600060291","Representative",7444,"10",41.542395,-66.246947,92,92,92,17-APR-15,"19:03:35",41.535,66.2633,90,17-APR-15,"18:42","0190","SBE-911+","V",5.28,33,5.21,33.12,2,0.86,".36",1,9.7,87
"2015001HB","HB1501","2015","201502011600020292","Representative",7436,"10",41.657152,-66.194653,91,91,93,17-APR-15,"20:42:34",41.645,66.1983,96,17-APR-15,"20:20","0191","SBE-911+","V",5.54,32.879,5.22,33.15,5,0.75,".38",1,9.8,92
"2015001HB","HB1501","2015","201502011700020297","Representative",7744,"10",41.782625,-65.82516,128,128,128,18-APR-15,"04:58:02",41.7983,65.8217,128,18-APR-15,"04:34","0192","SBE-911+","W",2.68,31.709,7.03,33.858,0,0.95,".4",1,8,125
"2015001HB","HB1501","2015","201502011800030298","Non-Representative",7449,"10",41.900203,-65.75895,189,186,187,18-APR-15,"07:42:35",41.9133,65.7683,188,18-APR-15,"06:52","0193","SBE-911+","V",1.68,31.373,9.7,34.937,1,0.89,".84",1,6.6,187
"2015001HB","HB1501","2015","201502011800050299","Representative",7449,"10",41.901355,-65.75825,191,191,190,18-APR-15,"08:57:49",41.9133,65.7683,188,18-APR-15,"06:52","0193","SBE-911+","V",1.68,31.373,9.7,34.937,3,0.85,"2.1",1,6.6,187
"2015001HB","HB1501","2015","201502011800010300","Representative",7448,"10",41.942603,-65.772262,211,203,208,18-APR-15,"10:41:57",41.925,65.755,213,18-APR-15,"10:10","0194","SBE-911+","V",2.13,31.486,7.57,35.053,2,1.31,".53",1,6.4,210
"2015001HB","HB1501","2015","201502012900030303","Representative",7511,"10",42.462042,-65.962337,183,175,180,18-APR-15,"17:56:16",42.4533,65.9367,173,18-APR-15,"17:23","0195","SBE-911+","V",2.53,31.425,8.31,34.696,10,1.25,".55",1,6.7,172
"2015001HB","HB1501","2015","201502012900080304","Representative",7518,"10",42.621335,-66.704285,178,177,177,18-APR-15,"22:39:29",42.61,66.6733,182,18-APR-15,"22:07","0196","SBE-911+","V",5.4,32.474,8.52,34.66,4,1.53,".54",1,6.3,181
"2015001HB","HB1501","2015","201502013400040305","Non-Representative",7524,"10",42.989132,-66.818375,164,166,165,19-APR-15,"02:14:12",43.0117,66.8167,154,19-APR-15,"01:41","0197","SBE-911+","W",3.56,31.904,7.8,34.223,10,1.36,".55",1,7.1,153
"2015001HB","HB1501","2015","201502013600120307","Representative",7537,"10",42.901828,-67.01253,216,215,215,19-APR-15,"07:36:05",42.8817,67.0183,216,19-APR-15,"06:54","0198","SBE-911+","V",3.76,32.034,8.71,34.753,0,1.24,".7",1,6.3,214
"2015001HB","HB1501","2015","201502013600060308","Representative",7536,"10",42.869955,-67.139715,240,236,237,19-APR-15,"10:31:55",42.8467,67.1533,238,19-APR-15,"09:54","0199","SBE-911+","W",3.92,32.144,8.75,34.864,2,1.52,".63",1,6,237
"2015001HB","HB1501","2015","201502012900090309","Representative",7514,"10",42.635863,-66.906083,247,247,247,19-APR-15,"14:33:04",42.6517,66.9167,239,19-APR-15,"13:54","0200","SBE-911+","V",4.76,32.503,8.69,34.798,8,1.06,".65",1,6.2,238
"2015001HB","HB1501","2015","201502013000020310","Non-Representative",7520,"10",42.431678,-66.709905,336,336,336,19-APR-15,"17:14:42",42.4433,66.7483,337,19-APR-15,"16:33","0201","SBE-911+","V",4.68,32.206,7.9,35.017,1,1.84,".69",1,6.3,336
"2015001HB","HB1501","2015","201502013000040311","Representative",7520,"10",42.430913,-66.695982,333,329,331,19-APR-15,"18:29:19",42.4433,66.7483,337,19-APR-15,"16:33","0201","SBE-911+","V",4.68,32.206,7.9,35.017,4,2.44,"1.94",1,6.3,336
"2015001HB","HB1501","2015","201502013000010312","Representative",7519,"10",42.386592,-66.734757,334,331,333,19-APR-15,"21:06:29",42.3933,66.6933,336,19-APR-15,"20:09","0202","SBE-911+","W",4.98,32.18,7.98,35.015,2,1.88,".96",1,6.3,335
"2015001HB","HB1501","2015","201502012200040314","Representative",7472,"10",42.18373,-66.869582,188,186,187,20-APR-15,"01:18:31",42.18,66.8967,180,20-APR-15,"00:46","0203","SBE-911+","W",5.23,32.538,5.63,33.508,8,1.23,".54",1,9.3,179
"2015001HB","HB1501","2015","201502012100050316","Representative",7468,"10",42.150462,-66.659097,105,106,105,20-APR-15,"04:31:18",42.15,66.7283,109,20-APR-15,"02:33","0204","SBE-911+","V",5.54,33.277,5.52,33.308,4,3.08,"1.97",0,10.2,107
"2015001HB","HB1501","2015","201502011600040317","Representative",7440,"10",41.77604,-66.556012,74,74,74,20-APR-15,"07:34:31",41.7717,66.5683,74,20-APR-15,"07:17","0205","SBE-911+","V",5.28,32.946,5.29,32.953,0,0.61,".29",1,10.8,70
"2015001HB","HB1501","2015","201502011600110318","Representative",7442,"10",41.733162,-66.543795,72,71,73,20-APR-15,"08:57:34",41.745,66.525,75,20-APR-15,"08:33","0206","SBE-911+","V",5.28,32.973,5.3,32.973,3,1.1,".41",1,10.8,72
"2015001HB","HB1501","2015","201502013000030322","Representative",7521,"10",42.453223,-67.324823,332,330,331,20-APR-15,"19:36:33",42.4367,67.3617,332,20-APR-15,"18:54","0207","SBE-911+","V",5.28,32.631,8.62,35.087,0,1.91,".71",1,5.4,331
"2015001HB","HB1501","2015","201502012900040323","Representative",7516,"10",42.477845,-67.757582,228,231,232,20-APR-15,"22:49:35",42.4817,67.7183,198,20-APR-15,"22:09","0208","SBE-911+","V",5.07,32.656,8.38,34.593,30,1.76,".68",1,6.2,192
"2015001HB","HB1501","2015","201502012900010324","Representative",7513,"10",42.310378,-67.771675,218,222,220,21-APR-15,"01:30:19",42.325,67.755,223,21-APR-15,"00:52","0209","SBE-911+","W",4.91,32.586,8.36,34.525,5,1.15,".64",1,6.3,222
"2015001HB","HB1501","2015","201502012200030325","Representative",7471,"10",42.157345,-67.694033,192,189,189,21-APR-15,"06:45:59",42.1617,67.7167,197,21-APR-15,"06:16","0210","SBE-911+","V",5.21,32.95,7.39,34.2,5,1.04,".5",1,7,195
"2015001HB","HB1501","2015","201502012900100326","Representative",7517,"10",42.202018,-67.90605,240,240,240,21-APR-15,"09:54:01",42.215,67.9367,236,21-APR-15,"09:18","0211","SBE-911+","V",4.85,32.879,8.68,34.766,4,1.57,".6",1,5.8,234
"2015001HB","HB1501","2015","201502012900070327","Representative",7515,"10",42.471833,-68.064995,178,174,177,21-APR-15,"13:32:32",42.48,68.0783,177,21-APR-15,"13:01","0212","SBE-911+","V",5.75,32.938,6.09,33.672,1,0.77,".53",1,8.5,176
"2015001HB","HB1501","2015","201502013600010329","Representative",7538,"10",42.80086,-68.334458,207,205,206,21-APR-15,"20:38:27",42.82,68.3467,217,21-APR-15,"20:09","0213","SBE-911+","V",5.51,33.009,5.96,33.664,10,1.27,".49",1,8.8,216
"2015001HB","HB1501","2015","201502012800030330","Representative",7506,"10",42.534467,-68.63161,199,197,198,21-APR-15,"23:46:04",42.555,68.6317,198,21-APR-15,"23:17","0214","SBE-911+","V",5.69,33.066,6.04,33.687,1,1.23,".48",1,8.6,194
"2015001HB","HB1501","2015","201502012400010332","Representative",7484,"10",42.247005,-68.668355,198,195,197,22-APR-15,"04:46:13",42.2583,68.685,202,22-APR-15,"04:13","0215","SBE-911+","W",6.02,33.333,5.67,33.632,4,1,".55",1,9.1,201
"2015001HB","HB1501","2015","201502012400080333","Representative",7479,"10",42.067608,-69.148058,187,187,188,22-APR-15,"09:04:27",42.0833,69.1767,179,22-APR-15,"08:33","0216","SBE-911+","V",6.08,33.382,5.59,33.616,8,1.59,".52",1,9.2,176
"2015001HB","HB1501","2015","201502012800040334","Representative",7508,"10",41.961803,-69.544368,211,211,210,22-APR-15,"12:20:04",41.9517,69.5183,211,22-APR-15,"11:48","0217","SBE-911+","V",5.5,32.932,5.49,33.606,0,1.31,".53",1,9.1,209
"2015001HB","HB1501","2015","201502012400070335","Representative",7485,"10",41.92501,-69.584737,199,200,200,22-APR-15,"13:52:25",41.9467,69.5817,197,22-APR-15,"13:17","0218","SBE-911+","V",5.15,32.972,5.55,33.608,2,1.31,".59",1,9.1,195
"2015001HB","HB1501","2015","201502012700010336","Representative",7497,"10",42.146502,-69.784145,159,161,158,22-APR-15,"17:07:05",42.125,69.78,170,22-APR-15,"16:10","0219","SBE-911+","V",5.32,32.912,5.12,33.425,11,1.3,".95",1,9.2,169
"2015001HB","HB1501","2015","201502012800010337","Representative",7504,"10",42.243652,-69.87351,206,206,207,22-APR-15,"19:43:06",42.2183,69.8283,225,22-APR-15,"18:44","0220","SBE-911+","W",5.24,32.943,5.69,33.62,19,2.52,".99",1,8.8,222
"2015001HB","HB1501","2015","201502036100010338","Non-Representative",7394,"10",42.072498,-70.03619,39,43,39,22-APR-15,"22:32:46",42.0667,70.0283,38,22-APR-15,"22:16","0221","SBE-911+","V",4.8,32.727,4.53,32.732,1,0.5,".28",1,10.7,34
"2015001HB","HB1501","2015","201502036500030343","Representative",7396,"10",42.429782,-70.746648,49,51,51,27-APR-15,"22:23:36",42.4133,70.755,48,27-APR-15,"22:00","0222","SBE-911+","W",6.13,31.818,3.49,32.779,1,1.06,".39",1,9.8,42
"2015001HB","HB1501","2015","201502036600020344","Non-Representative",7730,"10",42.422328,-70.694742,54,55,55,28-APR-15,"00:34:31",42.4133,70.6733,69,28-APR-15,"00:11","0223","SBE-911+","V",6.93,30.454,3.68,32.953,15,1.09,".39",0,10,64
"2015001HB","HB1501","2015","201502036400020346","Representative",7589,"10",42.255768,-70.636938,36,36,37,28-APR-15,"05:36:00",42.245,70.625,32,28-APR-15,"05:17","0224","SBE-911+","V",6.26,32.063,3.81,32.674,4,0.84,".32",1,9.9,29
"2015001HB","HB1501","2015","201502012600010347","Representative",7495,"10",42.29658,-70.552115,72,71,71,28-APR-15,"07:32:06",42.2833,70.5333,71,28-APR-15,"07:10","0225","SBE-911+","V",6.25,32.241,3.43,32.896,1,1.16,".37",1,9.7,66
"2015001HB","HB1501","2015","201502036600050348","Representative",8707,"10",42.218593,-70.512915,58,58,58,28-APR-15,"09:23:37",42.2083,70.495,62,28-APR-15,"09:03","0226","SBE-911+","V",5.93,32.402,3.45,32.899,4,1.01,".34",1,9.8,59
"2015001HB","HB1501","2015","201502036600030349","Representative",7729,"10",42.192733,-70.509243,58,55,57,28-APR-15,"10:58:08",42.1817,70.5083,55,28-APR-15,"10:40","0227","SBE-911+","V",5.8,32.334,3.57,32.905,3,0.66,".3",1,9.9,50
"2015001HB","HB1501","2015","201502036100030350","Representative",7393,"10",42.044235,-70.48684,47,48,47,28-APR-15,"13:38:11",42.0317,70.4833,42,28-APR-15,"13:21","0228","SBE-911+","W",6.01,32.3,3.79,32.686,5,0.77,".29",1,10.5,39
"2015001HB","HB1501","2015","201502035900030351","Representative",7581,"10",41.975462,-70.554072,29,30,30,28-APR-15,"15:27:34",41.9633,70.5483,24,28-APR-15,"15:13","0229","SBE-911+","V",6.27,32.253,6.26,32.253,5,0.77,".24",1,10.5,20
"2015001HB","HB1501","2015","201502036000030352","Representative",7584,"10",41.957535,-70.472477,36,34,35,28-APR-15,"17:13:38",41.9683,70.4767,38,28-APR-15,"17:00","0230","SBE-911+","V",5.84,32.392,4.7,32.507,2,0.67,".23",1,10.2,36
"2015001HB","HB1501","2015","201502036100020353","Representative",7395,"10",41.997052,-70.38467,49,51,50,28-APR-15,"18:39:45",41.9883,70.3917,47,28-APR-15,"18:26","0231","SBE-911+","V",5.99,32.485,3.36,32.822,2,0.61,".23",1,10.1,43
"2015001HB","HB1501","2015","201502036000010354","Representative",7586,"10",41.874855,-70.329177,31,32,31,28-APR-15,"20:34:02",41.8683,70.3383,31,28-APR-15,"20:21","0232","SBE-911+","V",6.24,32.396,5.89,32.413,0,0.57,".22",1,10.4,25
"2015001HB","HB1501","2015","201502035900010355","Representative",7583,"10",41.85871,-70.261578,29,29,29,28-APR-15,"22:03:32",41.855,70.275,28,28-APR-15,"21:50","0233","SBE-911+","V",6.19,32.403,5.88,32.437,1,0.64,".23",1,10.5,22
"2015001HB","HB1501","2015","201502035900020356","Representative",7582,"10",41.879552,-70.2049,28,28,29,28-APR-15,"23:15:00",41.87,70.2183,29,28-APR-15,"22:55","0234","SBE-911+","V",6.21,32.442,5.79,32.487,1,0.83,".33",1,10.3,22
"2015001HB","HB1501","2015","201502036000020357","Representative",7585,"10",41.9519,-70.226182,36,39,38,29-APR-15,"00:34:55",41.9433,70.2167,35,29-APR-15,"00:19","0235","SBE-911+","V",6.98,32.533,4.33,32.667,1,0.67,".27",1,9.5,30
"2015001HB","HB1501","2015","201502035600010358","Representative",7579,"10",42.08108,-70.092388,27,27,27,29-APR-15,"03:30:26",42.075,70.075,30,29-APR-15,"03:10","0236","SBE-911+","V",6.49,32.566,4.59,32.707,3,0.86,".34",1,10.1,24
"2015001HB","HB1501","2015","201502036100050359","Non-Representative",7394,"10",42.074808,-70.045843,36,36,36,29-APR-15,"04:55:30",42.0683,70.035,37,29-APR-15,"04:40","0237","SBE-911+","W",6.61,32.567,4.29,32.732,1,0.62,".26",1,10.2,35
"2015001HB","HB1501","2015","201502036100040360","Representative",8860,"10",42.151353,-70.130437,47,48,47,29-APR-15,"06:18:38",42.1467,70.1483,48,29-APR-15,"06:04","0238","SBE-911+","V",5.45,32.628,3.56,32.82,1,0.84,".24",1,10.4,42
"2015001HB","HB1501","2015","201502012600080361","Representative",7492,"10",42.328238,-70.161955,70,73,70,29-APR-15,"09:03:41",42.345,70.1633,76,29-APR-15,"08:43","0239","SBE-911+","V",5.65,32.857,3.91,33.015,6,1.01,".34",1,9.9,72
"2015001HB","HB1501","2015","201502012600030362","Non-Representative",7491,"10",42.374158,-70.290695,42,42,42,29-APR-15,"10:41:55",42.3633,70.28,41,29-APR-15,"10:27","0240","SBE-911+","V",5.78,32.426,3.68,32.833,1,0.81,".25",1,10.3,40
"2015001HB","HB1501","2015","201502012600050363","Representative",7493,"10",42.42665,-70.350097,54,54,54,29-APR-15,"13:31:41",42.4267,70.3283,57,29-APR-15,"13:10","0241","SBE-911+","V",5.84,32.634,3.61,32.845,3,0.97,".36",1,10,51
"2015001HB","HB1501","2015","201502012600040364","Non-Representative",7496,"10",42.455198,-70.267575,75,74,74,29-APR-15,"16:26:58",42.44,70.285,66,29-APR-15,"16:05","0242","SBE-911+","V",5.63,32.778,3.68,32.928,9,1.2,".37",1,9.9,62
"2015001HB","HB1501","2015","201502012600070365","Representative",8722,"10",42.486948,-70.156083,107,111,109,29-APR-15,"18:01:48",42.4717,70.16,91,29-APR-15,"17:42","0243","SBE-911+","V",5.84,32.851,3.92,33.048,16,0.93,".33",1,9.9,88
"2015001HB","HB1501","2015","201502012600090366","Representative",8613,"10",42.645503,-70.23479,84,85,85,29-APR-15,"20:44:16",42.6383,70.255,77,29-APR-15,"20:24","0244","SBE-911+","V",6.65,32.757,3.99,33.076,7,0.99,".34",1,9.9,73
"2015001HB","HB1501","2015","201502036600010367","Representative",7731,"10",42.652365,-70.482035,49,48,49,29-APR-15,"23:06:47",42.6483,70.495,48,29-APR-15,"22:51","0245","SBE-911+","V",6.53,30.903,4.85,32.785,1,0.62,".26",1,10.1,46
"2015001HB","HB1501","2015","201502036500020368","Representative",7398,"10",42.74828,-70.670118,43,43,43,30-APR-15,"01:56:39",42.7383,70.665,41,30-APR-15,"01:39","0246","SBE-911+","V",7.42,29.533,4.5,32.414,2,0.64,".29",1,10.2,35
"2015001HB","HB1501","2015","201502036500010369","Representative",7397,"10",42.763855,-70.669882,50,50,50,30-APR-15,"03:22:15",42.7533,70.665,47,30-APR-15,"03:03","0247","SBE-911+","V",7.56,27.074,4.26,32.533,3,0.67,".32",1,10.1,42
"2015001HB","HB1501","2015","201502036400010370","Representative",7587,"10",42.841562,-70.744717,35,36,35,30-APR-15,"04:45:19",42.8333,70.74,37,30-APR-15,"04:31","0248","SBE-911+","W",6.75,29.813,4.46,32.436,2,0.54,".24",1,10,35
"2015001HB","HB1501","2015","201502014000030371","Representative",7545,"10",42.875212,-70.458777,121,119,119,30-APR-15,"06:48:12",42.8583,70.4683,120,30-APR-15,"06:27","0249","SBE-911+","V",6.05,31.823,3.74,33.065,1,1.1,".35",1,9.8,116
"2015001HB","HB1501","2015","201502013800060372","Representative",7600,"10",43.378612,-69.828642,144,141,144,30-APR-15,"16:56:01",43.3667,69.8467,150,30-APR-15,"16:30","0250","SBE-911+","V",6.03,32.678,4.17,33.021,6,1.06,".43",1,9.3,149
"2015001HB","HB1501","2015","201502013800080373","Representative",7597,"10",43.399333,-69.681852,140,142,141,30-APR-15,"18:46:24",43.415,69.67,147,30-APR-15,"18:23","0251","SBE-911+","V",5.55,32.699,3.98,32.885,7,1.07,".39",1,9.5,144
"2015001HB","HB1501","2015","201502013700040374","Representative",7590,"10",43.197923,-69.65541,61,63,61,30-APR-15,"20:50:25",43.2,69.6783,55,30-APR-15,"20:32","0252","SBE-911+","V",6.21,32.707,4.06,32.888,6,1.01,".31",1,9.7,51
"2015001HB","HB1501","2015","201502013700060375","Representative",7595,"10",42.895018,-69.471602,168,170,168,01-MAY-15,"00:52:17",42.8767,69.4717,165,01-MAY-15,"00:26","0253","SBE-911+","W",6.19,32.814,5.55,33.489,3,1.1,".44",1,8.7,163
"2015001HB","HB1501","2015","201502012800050376","Representative",7502,"10",42.622105,-69.468758,236,236,233,01-MAY-15,"04:47:05",42.605,69.4433,233,01-MAY-15,"04:12","0254","SBE-911+","W",6.22,32.92,5.95,33.694,3,1.52,".58",1,8.5,231
"2015001HB","HB1501","2015","201502012800060377","Representative",7503,"10",42.547463,-69.541418,283,283,283,01-MAY-15,"06:44:22",42.55,69.5717,271,01-MAY-15,"06:09","0255","SBE-911+","V",6.75,33.063,6.25,33.759,12,1.35,".59",1,8,270
"2015001HB","HB1501","2015","201502012800020378","Representative",7505,"10",42.656563,-69.366098,220,219,220,01-MAY-15,"09:03:56",42.6533,69.4033,235,01-MAY-15,"08:23","0256","SBE-911+","V",5.82,32.779,6.02,33.709,15,1.65,".68",1,8.4,233
"2015001HB","HB1501","2015","201502013700050379","Representative",7593,"10",42.671225,-69.06752,165,167,167,01-MAY-15,"11:58:07",42.6717,69.0883,170,01-MAY-15,"11:30","0257","SBE-911+","V",5.28,32.712,5.68,33.524,5,0.92,".47",1,8.6,167
"2015001HB","HB1501","2015","201502013700070381","Representative",7596,"10",42.859517,-68.959348,133,126,133,01-MAY-15,"16:19:41",42.8583,68.9883,147,01-MAY-15,"15:51","0258","SBE-911+","V",5.43,32.71,4.51,33.012,14,1.28,".48",1,9.3,146
"2015001HB","HB1501","2015","201502013800040383","Representative",7604,"10",43.30017,-69.254843,164,168,167,02-MAY-15,"00:15:18",43.3183,69.2367,172,01-MAY-15,"23:47","0259","SBE-911+","V",5.94,32.779,4.98,33.338,8,1.35,".47",1,8.9,170
"2015001HB","HB1501","2015","201502013700030384","Representative",7592,"10",43.236133,-68.900298,154,153,151,02-MAY-15,"03:39:47",43.2167,68.915,161,02-MAY-15,"03:04","0260","SBE-911+","W",5.48,32.725,4.74,33.134,7,1.33,".6",1,8.9,159
"2015001HB","HB1501","2015","201502013800010385","Non-Representative",7598,"10",43.4824,-68.632423,113,126,118,02-MAY-15,"07:17:13",43.475,68.6683,143,02-MAY-15,"06:46","0261","SBE-911+","V",5.38,32.557,3.88,32.874,30,1.63,".52",0,9.3,138
"2015001HB","HB1501","2015","201502013800050387","Representative",7602,"10",43.456915,-68.450793,172,174,174,02-MAY-15,"12:46:14",43.4417,68.4683,179,02-MAY-15,"12:20","0262","SBE-911+","V",5.47,32.649,7.23,33.816,7,1.19,".44",1,6.9,174
"2015001HB","HB1501","2015","201502013800020388","Representative",7603,"10",43.51261,-68.26201,169,171,169,02-MAY-15,"14:59:35",43.53,68.2433,176,02-MAY-15,"14:30","0263","SBE-911+","V",5.92,32.537,7.25,33.838,7,1.32,".49",1,6.9,175
"2015001HB","HB1501","2015","201502013600020390","Representative",7534,"10",43.294603,-67.877883,220,222,222,02-MAY-15,"20:07:28",43.295,67.905,229,02-MAY-15,"19:36","0264","SBE-911+","V",6.2,32.767,8.91,34.52,9,1.19,".52",1,5.6,228
"2015001HB","HB1501","2015","201502013600050391","Representative",7544,"10",43.27556,-67.814122,247,245,245,02-MAY-15,"22:09:15",43.2967,67.8067,242,02-MAY-15,"21:34","0265","SBE-911+","V",7.12,32.694,9,34.554,5,1.31,".59",1,5.6,241
"2015001HB","HB1501","2015","201502013600070392","Representative",7533,"10",43.169473,-67.863058,209,204,206,02-MAY-15,"23:53:00",43.185,67.8533,218,02-MAY-15,"23:18","0266","SBE-911+","V",6.59,32.807,7.19,33.939,9,1.03,".58",1,7.3,217
"2015001HB","HB1501","2015","201502013600040393","Representative",7539,"10",42.88433,-67.804128,219,215,215,03-MAY-15,"02:52:48",42.8683,67.7817,214,03-MAY-15,"02:22","0267","SBE-911+","V",5.65,32.584,7.61,34.174,5,1.38,".51",1,7,212
"2015001HB","HB1501","2015","201502013600080396","Representative",7540,"10",43.361515,-67.413767,211,212,211,03-MAY-15,"11:58:00",43.34,67.42,194,03-MAY-15,"11:03","0268","SBE-911+","W",5.88,32.676,7.34,33.934,17,1.32,".92",1,7.1,191
"2015001HB","HB1501","2015","201502013600090397","Representative",7535,"10",43.185083,-67.094673,192,194,193,03-MAY-15,"15:13:19",43.205,67.13,185,03-MAY-15,"14:18","0269","SBE-911+","V",4.48,32.097,7.21,33.936,7,1.96,".92",1,7.3,183
"2015001HB","HB1501","2015","201502013400010398","Representative",8787,"10",43.08721,-67.014548,186,184,184,03-MAY-15,"17:29:12",43.075,67.0367,181,03-MAY-15,"17:01","0270","SBE-911+","V",5.21,31.735,8.12,34.433,5,1.22,".47",1,6.6,180
"2015001HB","HB1501","2015","201502013400070399","Representative",7528,"10",43.246548,-66.711765,114,118,115,03-MAY-15,"19:45:52",43.235,66.7317,117,03-MAY-15,"19:22","0271","SBE-911+","V",4.51,31.955,5.55,33.11,3,1.11,".4",1,8.7,114
"2015001HB","HB1501","2015","201502013400030401","Representative",7527,"10",43.575243,-67.049288,203,204,202,04-MAY-15,"00:48:35",43.5583,67.03,204,04-MAY-15,"00:17","0272","SBE-911+","W",5.83,32.574,7.82,34.069,1,1.32,".53",1,6.6,203
"2015001HB","HB1501","2015","201502013400090403","Representative",8768,"10",43.792232,-67.126752,176,177,176,04-MAY-15,"04:16:56",43.7933,67.1017,176,04-MAY-15,"03:49","0273","SBE-911+","V",5.86,32.649,7.34,33.899,0,1.09,".47",1,7.1,172
"2015001HB","HB1501","2015","201502013400100404","Representative",7526,"10",43.871885,-67.271583,187,186,187,04-MAY-15,"06:28:33",43.8483,67.28,187,04-MAY-15,"05:54","0274","SBE-911+","V",5.99,32.686,8.25,34.218,0,1.46,".58",1,6.3,186
"2015001HB","HB1501","2015","201502013400080405","Non-Representative",7525,"10",43.93088,-67.178105,134,133,134,04-MAY-15,"07:58:26",43.9117,67.1883,141,04-MAY-15,"07:30","0275","SBE-911+","V",5.75,25.225,7.46,33.929,7,1.23,".47",1,7.1,140
"2015001HB","HB1501","2015","201502013510020406","Representative",7531,"10",44.18995,-67.187287,135,136,136,04-MAY-15,"10:43:05",44.1933,67.1667,132,04-MAY-15,"10:17","0276","SBE-911+","V",4.38,31.996,6.4,33.509,3,0.91,".43",1,7.8,130
"2015001HB","HB1501","2015","201502013510030407","Representative",7529,"10",44.24464,-67.23997,188,190,189,04-MAY-15,"12:43:43",44.2483,67.2133,193,04-MAY-15,"12:09","0277","SBE-911+","V",4.82,31.869,7.34,33.892,5,1.17,".58",1,7,191
"2015001HB","HB1501","2015","201502013510040408","Representative",7530,"10",44.347732,-66.957715,125,128,127,04-MAY-15,"15:18:20",44.3583,66.9417,124,04-MAY-15,"14:53","0278","SBE-911+","V",4.62,31.951,4.76,32.742,1,0.94,".42",1,9.5,121
"2015001HB","HB1501","2015","201502013900070410","Representative",8533,"10",44.271335,-67.648513,98,96,97,04-MAY-15,"21:45:29",44.2667,67.6733,102,04-MAY-15,"20:54","0279","SBE-911+","V",4.52,32.082,4,32.273,4,1.1,".86",1,10,97
"2015001HB","HB1501","2015","201502013900050411","Non-Representative",7607,"10",44.332268,-67.735083,71,70,70,04-MAY-15,"23:34:11",44.3383,67.72,69,04-MAY-15,"23:17","0280","SBE-911+","V",4.08,31.379,3.98,32.245,2,0.74,".29",1,10.1,66
"2015001HB","HB1501","2015","201502013900040412","Non-Representative",7609,"10",44.167462,-68.053103,87,87,86,05-MAY-15,"03:14:28",44.155,68.0633,96,05-MAY-15,"02:48","0281","SBE-911+","V",4.76,31.108,4.03,32.456,9,0.87,".44",1,10,93
"2015001HB","HB1501","2015","201502013800090413","Representative",8720,"10",43.851967,-68.177232,175,178,176,05-MAY-15,"07:23:01",43.865,68.1633,177,05-MAY-15,"06:49","0282","SBE-911+","W",5.06,32.323,6.23,33.471,2,0.99,".57",1,7.8,176
"2015001HB","HB1501","2015","201502013900060414","Representative",8541,"10",43.998437,-68.455058,85,85,85,05-MAY-15,"12:44:03",44.0033,68.4717,84,05-MAY-15,"12:24","0283","SBE-911+","V",3.65,31.532,4.06,32.366,1,0.78,".33",1,10.2,81
"2015001HB","HB1501","2015","201502013900080415","Representative",8724,"10",43.870295,-68.706468,101,100,100,05-MAY-15,"15:25:32",43.855,68.7167,85,05-MAY-15,"15:04","0284","SBE-911+","V",4.17,31.66,3.93,32.418,16,1.02,".36",0,10.3,83
"2015001HB","HB1501","2015","201502014000010418","Representative",8899,"10",43.51614,-69.954325,108,110,108,06-MAY-15,"05:15:06",43.495,69.9683,109,06-MAY-15,"04:42","0285","SBE-911+","W",5.99,30.533,3.51,32.662,1,1.41,".55",1,10,107
"2015001HB","HB1501","2015","201502014000020419","Non-Representative",7546,"10",43.230673,-70.319515,93,92,91,06-MAY-15,"09:41:45",43.2167,70.3467,81,06-MAY-15,"09:12","0286","SBE-911+","V",7.68,29.369,3.57,32.694,12,1.46,".5",1,9.9,76
"2015001HB","HB1501","2015","201502014000040420","Representative",8848,"10",43.007855,-70.396715,115,115,115,06-MAY-15,"13:07:23",42.995,70.4083,107,06-MAY-15,"12:47","0287","SBE-911+","V",8.37,29.862,3.45,32.722,8,0.92,".34",1,9.8,103
"2015001HB","HB1501","2015","201502012700020421","Representative",7498,"10",42.972602,-70.245495,165,168,165,06-MAY-15,"15:00:21",42.9617,70.2283,164,06-MAY-15,"14:36","0288","SBE-911+","V",6.87,31.129,3.97,33.137,1,1,".41",1,9.4,160
"2015001HB","HB1501","2015","201502012700040422","Representative",7501,"10",42.903195,-70.229708,146,142,145,06-MAY-15,"16:53:25",42.89,70.2517,177,06-MAY-15,"16:29","0289","SBE-911+","V",8.12,30.923,3.83,33.032,31,1.25,".41",0,9.6,173
"2015001HB","HB1501","2015","201502012700050424","Representative",7500,"10",42.993015,-69.969592,199,196,198,06-MAY-15,"20:22:13",43.01,69.98,185,06-MAY-15,"19:54","0290","SBE-911+","V",8.72,31.772,6.38,33.764,14,1.12,".47",1,7.4,179
"2015001HB","HB1501","2015","201502012800070426","Representative",7507,"10",42.564768,-69.875898,196,197,196,07-MAY-15,"01:52:34",42.5433,69.8767,195,07-MAY-15,"01:21","0291","SBE-911+","W",7.57,32.738,5.98,33.698,1,1.29,".53",1,8.4,192
"2015006HB","HB1506","2015","201504017500010021","Representative",9177,"10",38.75772,-73.123447,117,117,118,02-SEP-15,"09:51:53",38.77,73.1133,112,02-SEP-15,"09:13","0001","SBE-911+","W",25.72,32.657,13.75,35.678,5,0.88,".65",1,5,107
"2015006HB","HB1506","2015","201504017600040023","Representative",9179,"10",38.71168,-73.062372,224,226,224,02-SEP-15,"12:30:30",38.735,73.0483,218,02-SEP-15,"11:22","0002","SBE-911+","W",25.9,33.489,10.85,35.385,6,1.55,"1.14",1,4.4,211
"2015006HB","HB1506","2015","201504017100040028","Representative",9171,"10",38.50705,-73.493768,127,124,130,02-SEP-15,"21:18:10",38.5283,73.4767,86,02-SEP-15,"20:28","0003","SBE-911+","W",27.31,33.815,12.62,35.306,41,1.51,".84",0,5.6,83
"2015006HB","HB1506","2015","201504017200030029","Representative",9175,"10",38.472403,-73.505222,349,322,344,02-SEP-15,"23:17:17",38.51,73.515,85,02-SEP-15,"22:19","0004","SBE-911+","W",26.44,34.127,12.93,35.47,264,2.3,".97",0,5.3,82
"2015006HB","HB1506","2015","201504017000030030","Representative",9168,"10",38.377288,-73.853593,72,73,72,03-SEP-15,"03:24:47",38.3833,73.8433,72,03-SEP-15,"02:35","0005","SBE-911+","W",26.09,33.071,10.66,34.577,0,0.6,".83",1,6.5,69
"2015006HB","HB1506","2015","201504017200020031","Representative",9174,"10",38.216112,-73.669947,314,320,317,03-SEP-15,"06:06:14",38.24,73.6517,350,03-SEP-15,"05:14","0006","SBE-911+","W",26.38,34.126,8.26,35.148,36,1.67,".87",1,4.9,347
"2015006HB","HB1506","2015","201504017100030032","Representative",9172,"10",38.162313,-73.77066,125,124,124,03-SEP-15,"07:47:57",38.1767,73.7567,125,03-SEP-15,"07:13","0007","SBE-911+","W",26.49,33.668,12.7,35.596,0,1.09,".58",1,5,119
"2015006HB","HB1506","2015","201504017000040033","Representative",9165,"10",38.134547,-74.054983,77,76,76,03-SEP-15,"10:12:30",38.12,74.0583,74,03-SEP-15,"09:31","0008","SBE-911+","W",26.2,32.947,12.11,34.99,3,0.89,".69",1,6.1,69
"2015006HB","HB1506","2015","201504017100010035","Representative",9170,"10",37.916173,-74.008795,184,181,182,03-SEP-15,"14:26:34",37.9317,73.9917,182,03-SEP-15,"13:32","0009","SBE-911+","W",26.31,32.687,11.67,35.497,2,1.24,".91",1,4.7,176
"2015006HB","HB1506","2015","201504017200010036","Representative",10216,"10",37.917182,-73.99567,209,207,208,03-SEP-15,"15:56:38",37.9033,74.01,204,03-SEP-15,"15:14","0010","SBE-911+","W",26.44,33.763,11.59,35.488,5,1.08,".71",1,4.7,199
"2015006HB","HB1506","2015","201504017000020037","Representative",9169,"10",37.884837,-74.42774,62,61,61,03-SEP-15,"19:12:40",37.895,74.4167,62,03-SEP-15,"18:32","0011","SBE-911+","W",27.11,31.881,6.66,33.208,0,0.8,".68",1,7.7,58
"2015006HB","HB1506","2015","201504016700020038","Representative",9164,"10",37.474865,-74.407375,127,129,129,03-SEP-15,"22:26:01",37.49,74.4,103,03-SEP-15,"22:02","0012","SBE-911+","W",26.43,33.776,13.04,35.539,24,0.97,".4",0,5.2,101
"2015006HB","HB1506","2015","201504016800010039","Non-Representative",9089,"10",37.444505,-74.479723,314,298,315,04-SEP-15,"01:13:05",37.425,74.465,324,04-SEP-15,"00:11","0013","SBE-911+","W",27.01,32.849,9.84,35.28,10,1.37,"1.03",1,4.5,322
"2015006HB","HB1506","2015","201504016800040041","Representative",9090,"10",37.293648,-74.493885,218,216,218,04-SEP-15,"06:01:54",37.335,74.4817,213,04-SEP-15,"04:05","0014","SBE-911+","W",26.72,33.645,11.5,35.479,5,2.55,"1.95",1,4.7,205
"2015006HB","HB1506","2015","201504016800020040","Non-Representative",9090,"10",37.31056,-74.489148,238,232,236,04-SEP-15,"04:43:32",37.335,74.4817,213,04-SEP-15,"04:05","0014","SBE-911+","W",26.72,33.645,11.5,35.479,25,1.51,".64",1,4.7,205
"2015006HB","HB1506","2015","201504016700030042","Representative",9162,"10",37.265738,-74.51882,159,159,159,04-SEP-15,"07:29:49",37.2833,74.5133,156,04-SEP-15,"07:01","0015","SBE-911+","W",26.53,33.9,12.43,35.593,3,1.09,".48",1,5,150
"2015006HB","HB1506","2015","201504016700010043","Representative",10069,"10",37.204982,-74.554777,129,128,129,04-SEP-15,"08:53:24",37.2233,74.55,131,04-SEP-15,"08:16","0016","SBE-911+","W",26.5,34.099,12.22,35.567,2,1.12,".62",1,5,126
"2015006HB","HB1506","2015","201504016800030045","Representative",9088,"10",36.985397,-74.61633,319,309,312,04-SEP-15,"13:26:41",36.9583,74.61,457,04-SEP-15,"11:35","0017","SBE-911+","W",26.37,33.946,,,138,1.66,"1.86",0,5.2,433
"2015006HB","HB1506","2015","201504016500060046","Representative",9153,"10",36.888385,-74.809613,57,55,58,04-SEP-15,"15:41:31",36.9033,74.8083,56,04-SEP-15,"15:13","0018","SBE-911+","W",26.68,34.096,9.23,33.874,1,0.9,".48",1,7.3,51
"2015006HB","HB1506","2015","201504016600020047","Representative",9160,"10",36.828602,-74.70932,90,90,90,04-SEP-15,"17:23:26",36.8433,74.705,90,04-SEP-15,"17:01","0019","SBE-911+","W",26.64,34.306,12.95,35.45,0,0.91,".37",1,5.2,87
"2015006HB","HB1506","2015","201504016600030049","Representative",9161,"10",36.531228,-74.786385,84,84,83,04-SEP-15,"23:16:42",36.5483,74.7817,84,04-SEP-15,"22:31","0020","SBE-911+","W",26.38,33.874,12.22,34.754,0,1.05,".76",1,6.4,82
"2015006HB","HB1506","2015","201504016400030050","Representative",9085,"10",36.445533,-74.764343,293,300,293,05-SEP-15,"00:50:22",36.475,74.76,108,05-SEP-15,"00:08","0021","SBE-911+","W",26.5,33.126,13.91,35.726,185,1.78,".71",0,4.8,105
"2015006HB","HB1506","2015","201504016300030052","Representative",9082,"10",36.250253,-74.802822,110,114,112,05-SEP-15,"04:19:26",36.2667,74.8067,103,05-SEP-15,"03:32","0022","SBE-911+","W",25.99,33.557,13.77,35.757,7,1.01,".79",1,4.8,97
"2015006HB","HB1506","2015","201504016200020054","Representative",9150,"10",36.114575,-74.870527,86,86,86,05-SEP-15,"08:37:16",36.1317,74.8667,87,05-SEP-15,"08:08","0023","SBE-911+","W",27.05,34.804,14.42,35.614,1,1.05,".49",1,5.1,79
"2015006HB","HB1506","2015","201504016300010055","Representative",9084,"10",35.765008,-74.853033,158,151,154,05-SEP-15,"11:54:29",35.7883,74.8633,215,05-SEP-15,"10:32","0024","SBE-911+","W",26.33,33.863,12.14,35.565,57,1.49,"1.37",0,4.7,212
"2015006HB","HB1506","2015","201504016200030056","Representative",9151,"10",35.761943,-74.917725,69,69,69,05-SEP-15,"13:12:34",35.775,74.92,69,05-SEP-15,"12:32","0025","SBE-911+","W",26.63,31.513,18.52,36.065,0,0.79,".68",1,5.1,64
"2015006HB","HB1506","2015","201504016300020057","Representative",9083,"10",35.750793,-74.853127,115,115,114,05-SEP-15,"14:35:51",35.765,74.8633,104,05-SEP-15,"14:08","0026","SBE-911+","W",26.67,31.814,14.22,35.726,11,0.99,".46",1,4.7,100
"2015006HB","HB1506","2015","201504016400050059","Non-Representative",9086,"10",35.732668,-74.822155,275,289,281,05-SEP-15,"17:45:56",35.75,74.8367,202,05-SEP-15,"16:32","0027","SBE-911+","W",26.83,31.847,12.75,35.641,73,1.26,"1.23",0,4.7,198
"2015006HB","HB1506","2015","201504016400020058","Non-Representative",9086,"10",35.732732,-74.822728,267,283,275,05-SEP-15,"15:53:13",35.75,74.8367,202,05-SEP-15,"16:32","0027","SBE-911+","W",26.83,31.847,12.75,35.641,65,1.24,".65",0,4.7,198
"2015006HB","HB1506","2015","201504016400040061","Representative",9087,"10",35.657827,-74.801832,197,224,209,05-SEP-15,"21:50:23",35.655,74.7967,225,05-SEP-15,"19:08","0028","SBE-911+","W",26.8,32.064,11.79,35.517,28,0.3,"2.71",1,4.6,223
"2015006HB","HB1506","2015","201504016100050063","Representative",9145,"10",35.529985,-74.922258,48,45,46,06-SEP-15,"01:08:37",35.5417,74.9183,49,06-SEP-15,"00:29","0029","SBE-911+","W",26.66,31.858,18.29,34.935,1,0.73,".66",1,6.4,47
"2015006HB","HB1506","2015","201504085000020064","Representative",9271,"10",35.283252,-75.27182,26,29,28,06-SEP-15,"04:09:17",35.2917,75.2783,25,06-SEP-15,"03:31","0030","SBE-911+","W",26.59,32.351,26.87,35.061,1,0.6,".64",1,6.2,21
"2015006HB","HB1506","2015","201504034400010065","Representative",9200,"10",35.314147,-75.337675,26,26,25,06-SEP-15,"05:28:56",35.3067,75.3233,27,06-SEP-15,"05:08","0031","SBE-911+","W",26.58,32.188,25.72,33.894,1,0.83,".35",1,6.2,22
"2015006HB","HB1506","2015","201504034400040066","Non-Representative",9201,"10",35.234638,-75.309193,27,26,27,06-SEP-15,"07:11:21",35.2533,75.3,26,06-SEP-15,"06:26","0032","SBE-911+","W",26.5,32.631,27.18,34.651,1,1.21,".76",1,6.3,22
"2015006HB","HB1506","2015","201504085100030067","Representative",9273,"10",35.060817,-75.331753,67,68,68,06-SEP-15,"09:38:50",35.09,75.3067,65,06-SEP-15,"08:31","0033","SBE-911+","W",28.5,35.643,23.26,36.335,2,2.14,"1.13",1,6,61
"2015006HB","HB1506","2015","201504075200010068","Representative",9268,"10",34.987942,-75.868085,25,23,24,06-SEP-15,"13:33:47",34.9933,75.8783,25,06-SEP-15,"13:10","0034","SBE-911+","W",28.12,34.645,27.88,35.407,0,0.6,".4",1,6.2,21
"2015006HB","HB1506","2015","201504075200030069","Representative",9267,"10",34.915883,-75.777857,27,24,25,06-SEP-15,"14:56:18",34.925,75.775,27,06-SEP-15,"14:25","0035","SBE-911+","W",28.16,34.998,27.64,35.872,0,0.57,".52",1,6.3,24
"2015006HB","HB1506","2015","201504085000030070","Representative",9269,"10",34.62538,-75.862822,46,47,47,06-SEP-15,"17:24:42",34.615,75.875,47,06-SEP-15,"17:04","0036","SBE-911+","W",28.43,35.558,23.63,36.366,1,0.87,".35",1,6.3,44
"2015006HB","HB1506","2015","201504085200010071","Representative",9211,"10",34.566053,-75.73245,139,141,140,06-SEP-15,"19:25:27",34.5467,75.7483,139,06-SEP-15,"18:34","0037","SBE-911+","W",29.09,35.256,16.7,36.206,0,1.4,".86",1,4.4,135
"2015006HB","HB1506","2015","201504085300010072","Representative",9214,"10",34.599387,-75.63283,299,302,303,06-SEP-15,"21:10:23",34.575,75.6567,281,06-SEP-15,"20:19","0038","SBE-911+","W",29.13,35.226,10.28,35.281,18,1.88,".86",1,4,279
"2015006HB","HB1506","2015","201504085200030073","Representative",9212,"10",34.625662,-75.660747,161,160,160,06-SEP-15,"22:48:14",34.61,75.67,165,06-SEP-15,"22:14","0039","SBE-911+","W",29.18,35.258,15.47,36.045,4,1.05,".57",1,4.4,163
"2015006HB","HB1506","2015","201504085000010074","Representative",9270,"10",34.781375,-75.663533,48,48,48,07-SEP-15,"00:32:21",34.7733,75.6733,47,07-SEP-15,"00:09","0040","SBE-911+","W",28.77,35.711,24.23,36.312,1,0.68,".39",1,6.3,42
"2015006HB","HB1506","2015","201504085100020075","Representative",9274,"10",34.80284,-75.576617,58,62,59,07-SEP-15,"01:49:52",34.7917,75.5833,60,07-SEP-15,"01:19","0041","SBE-911+","W",29.11,35.582,22.61,36.348,2,0.75,".51",1,5.7,59
"2015006HB","HB1506","2015","201504085200020076","Representative",9210,"10",34.790713,-75.507782,157,155,156,07-SEP-15,"03:24:39",34.775,75.5233,151,07-SEP-15,"02:35","0042","SBE-911+","W",29.4,35.19,15.97,36.104,6,1.22,".83",1,4.4,148
"2015006HB","HB1506","2015","201504085300030077","Representative",9213,"10",34.814448,-75.415963,330,327,330,07-SEP-15,"05:46:06",34.8283,75.3933,364,07-SEP-15,"04:25","0043","SBE-911+","W",29.27,35.244,8.9,35.117,34,1.39,"1.35",1,4.1,360
"2015006HB","HB1506","2015","201504085100010078","Representative",9272,"10",34.860278,-75.486347,99,99,100,07-SEP-15,"07:24:30",34.8467,75.4983,101,07-SEP-15,"07:02","0044","SBE-911+","W",29.44,35.271,19.45,36.358,2,1.01,".38",1,4.9,98
"2015006HB","HB1506","2015","201504085300020079","Representative",9215,"10",35.27599,-74.966327,248,247,247,07-SEP-15,"12:26:35",35.2817,74.9683,213,07-SEP-15,"11:26","0045","SBE-911+","W",28.69,35.563,11.74,35.493,35,0.36,"1.01",1,4.1,208
"2015006HB","HB1506","2015","201504034400050080","Representative",10163,"10",35.58216,-75.213317,30,32,31,07-SEP-15,"15:37:06",35.5717,75.2133,31,07-SEP-15,"15:14","0046","SBE-911+","W",26.17,33.368,25.07,33.476,1,0.63,".39",1,4.9,27
"2015006HB","HB1506","2015","201504034400030082","Representative",9199,"10",35.677223,-75.389067,29,29,28,07-SEP-15,"18:13:42",35.6667,75.3867,28,07-SEP-15,"18:00","0047","SBE-911+","W",26.23,31.489,25.93,32.256,1,0.64,".23",1,4.4,24
"2015006HB","HB1506","2015","201504016100030084","Representative",9146,"10",35.952262,-75.321588,28,28,28,07-SEP-15,"22:02:08",35.9433,75.325,33,07-SEP-15,"21:29","0048","SBE-911+","W",25.79,32.59,24.27,33.276,5,0.56,".55",1,4.2,27
"2015006HB","HB1506","2015","201504034100010085","Representative",9195,"10",36.098975,-75.516898,28,28,27,08-SEP-15,"00:25:07",36.105,75.5083,24,08-SEP-15,"00:06","0049","SBE-911+","W",25.84,32.276,25.47,32.498,4,0.55,".32",1,4.9,19
"2015006HB","HB1506","2015","201504034100020086","Representative",9194,"10",36.074728,-75.616108,23,24,23,08-SEP-15,"01:38:06",36.065,75.6133,24,08-SEP-15,"01:15","0050","SBE-911+","W",26.11,30.044,25.59,31.326,1,0.6,".39",1,5.6,18
"2015006HB","HB1506","2015","201504034100030087","Representative",9198,"10",36.16045,-75.528312,27,27,27,08-SEP-15,"02:59:17",36.1533,75.535,25,08-SEP-15,"02:28","0051","SBE-911+","W",25.97,32.202,25.52,32.744,2,0.54,".52",1,5,19
"2015006HB","HB1506","2015","201504016100010088","Representative",9148,"10",36.19977,-75.278972,35,35,36,08-SEP-15,"05:24:24",36.1883,75.2817,35,08-SEP-15,"05:06","0052","SBE-911+","W",24.18,32.837,18.39,35.948,0,0.7,".31",1,4.8,32
"2015006HB","HB1506","2015","201504034100050090","Representative",9197,"10",36.433235,-75.613077,26,27,27,08-SEP-15,"10:58:25",36.4267,75.6133,25,08-SEP-15,"08:08","0053","SBE-911+","W",25.66,32.506,25.52,32.634,1,0.39,"2.84",1,4.3,22
"2015006HB","HB1506","2015","201504033800030092","Representative",8924,"10",36.67858,-75.716315,22,21,21,08-SEP-15,"14:04:10",36.67,75.7167,22,08-SEP-15,"13:31","0054","SBE-911+","W",25.77,31.783,24.8,32.065,0,0.52,".55",1,5.1,19
"2015006HB","HB1506","2015","201504033800010093","Representative",8926,"10",36.951378,-75.631008,22,21,22,08-SEP-15,"17:24:28",36.9417,75.635,23,08-SEP-15,"17:07","0055","SBE-911+","W",26.14,31.904,25.48,32.132,1,0.61,".29",1,6,18
"2015006HB","HB1506","2015","201504016500040097","Representative",9157,"10",37.18409,-75.207983,28,27,28,09-SEP-15,"00:05:03",37.1733,75.2017,30,08-SEP-15,"23:31","0056","SBE-911+","W",26.54,32.58,16.61,32.733,2,0.71,".57",1,5.8,25
"2015006HB","HB1506","2015","201504033500010099","Representative",9193,"10",37.214107,-75.54324,23,22,22,09-SEP-15,"03:37:58",37.2,75.5517,23,09-SEP-15,"03:13","0057","SBE-911+","W",26.25,32.067,25.27,32.255,0,0.94,".42",1,5.9,18
"2015006HB","HB1506","2015","201504033500020100","Representative",9191,"10",37.356985,-75.447832,27,27,26,09-SEP-15,"05:20:41",37.3483,75.4533,27,09-SEP-15,"05:01","0058","SBE-911+","W",26.21,32.319,25.14,32.307,0,0.58,".33",1,5.7,24
"2015006HB","HB1506","2015","201504033200010102","Representative",9189,"10",37.547465,-75.386605,22,24,23,09-SEP-15,"08:13:42",37.5467,75.4017,23,09-SEP-15,"07:35","0059","SBE-911+","W",25.79,32.03,23.98,32.13,1,0.72,".65",1,5.2,20
"2015006HB","HB1506","2015","201504033200020104","Representative",9190,"10",37.688008,-75.283767,24,22,24,09-SEP-15,"11:50:48",37.6783,75.2933,24,09-SEP-15,"11:20","0060","SBE-911+","W",26.06,31.961,24.67,32.282,0,0.74,".51",1,5.4,21
"2015006HB","HB1506","2015","201504033200030105","Representative",9188,"10",37.77448,-75.142682,25,24,25,09-SEP-15,"13:22:16",37.7667,75.1517,28,09-SEP-15,"13:05","0061","SBE-911+","W",26.09,31.965,19.9,32.47,3,0.63,".29",1,5,24
"2015006HB","HB1506","2015","201504032900010106","Representative",9185,"10",38.344968,-74.853075,23,22,23,09-SEP-15,"18:23:55",38.3517,74.845,22,09-SEP-15,"18:07","0062","SBE-911+","W",26.24,31.884,24.18,31.832,1,0.56,".28",1,5.5,19
"2015006HB","HB1506","2015","201504032900030108","Representative",9187,"10",38.462343,-74.90127,23,20,22,09-SEP-15,"22:27:16",38.48,74.8683,24,09-SEP-15,"23:18","0063","SBE-911+","W",25.62,31.504,16.5,32.218,1,1.88,".85",1,4.1,19
"2015006HB","HB1506","2015","201504032600030109","Representative",9184,"10",38.518097,-74.8173,29,28,28,10-SEP-15,"00:14:29",38.5083,74.8117,28,09-SEP-15,"23:35","0064","SBE-911+","W",25.88,31.669,14.82,32.37,1,0.64,".66",1,4.4,24
"2015006HB","HB1506","2015","201504032600020110","Representative",9182,"10",38.68397,-74.85581,24,25,24,10-SEP-15,"02:21:23",38.6767,74.8467,26,10-SEP-15,"01:35","0065","SBE-911+","W",24.57,31.154,18.68,31.903,2,0.61,".77",1,4,18
"2015006HB","HB1506","2015","201504032600010111","Representative",9183,"10",38.745055,-74.888887,17,16,17,10-SEP-15,"03:38:29",38.7417,74.905,16,10-SEP-15,"03:15","0066","SBE-911+","W",23.99,31.195,19.95,31.823,1,0.78,".39",1,4.3,14
"2015006HB","HB1506","2015","201504016900030112","Representative",9092,"10",38.734088,-74.695543,25,27,26,10-SEP-15,"05:11:55",38.7333,74.71,24,10-SEP-15,"04:34","0067","SBE-911+","W",25,31.446,15.57,32.303,1,0.68,".63",1,4.6,21
"2015006HB","HB1506","2015","201504016900070113","Representative",9091,"10",38.595083,-74.518798,35,35,35,10-SEP-15,"07:12:12",38.605,74.5117,34,10-SEP-15,"06:34","0068","SBE-911+","W",25.96,31.93,9.92,33.018,1,0.68,".64",1,7.4,30
"2015006HB","HB1506","2015","201504016900060118","Representative",9096,"10",38.821758,-74.203852,42,42,42,10-SEP-15,"17:25:10",38.81,74.2033,44,10-SEP-15,"17:05","0069","SBE-911+","W",25.86,31.861,9.92,33.109,2,0.71,".34",1,7.2,40
"2015006HB","HB1506","2015","201504032300010121","Representative",8922,"10",39.08571,-74.549113,22,20,22,11-SEP-15,"18:03:35",39.0817,74.555,22,11-SEP-15,"17:29","0070","SBE-911+","W",24.46,31.74,19.08,31.944,0,0.37,".58",1,3.2,18
"2015006HB","HB1506","2015","201504032300030123","Representative",8921,"10",39.164375,-74.351385,24,23,24,11-SEP-15,"22:36:34",39.16,74.36,23,11-SEP-15,"22:14","0071","SBE-911+","W",25.27,32.09,17.53,32.112,1,0.48,".38",1,4.1,19
"2015006HB","HB1506","2015","201504032000020124","Representative",8917,"10",39.244292,-74.26347,23,23,23,12-SEP-15,"00:00:36",39.2417,74.27,22,11-SEP-15,"23:28","0072","SBE-911+","W",25.3,32.074,18.03,32.257,1,0.34,".54",1,4.3,18
"2015006HB","HB1506","2015","201504032000010125","Representative",8918,"10",39.288875,-74.11902,27,26,28,12-SEP-15,"01:26:43",39.2817,74.1267,27,12-SEP-15,"01:07","0073","SBE-911+","W",25.38,32.269,15.19,32.568,0,0.56,".33",1,6.1,25
"2015006HB","HB1506","2015","201504017300020126","Representative",9100,"10",39.208598,-73.96593,31,31,31,12-SEP-15,"03:12:53",39.2017,73.975,30,12-SEP-15,"02:35","0074","SBE-911+","W",25.66,32.736,13.98,33.11,1,0.59,".63",1,7.2,28
"2015006HB","HB1506","2015","201504017300050127","Representative",9101,"10",39.360825,-73.594932,43,44,44,12-SEP-15,"14:18:10",39.35,73.5967,44,12-SEP-15,"14:02","0075","SBE-911+","W",24.81,32.013,11.1,32.912,1,0.66,".27",1,7,39
"2015006HB","HB1506","2015","201504032000040128","Representative",8919,"10",39.443435,-73.981255,24,25,24,12-SEP-15,"16:55:24",39.4317,73.9833,25,12-SEP-15,"16:24","0076","SBE-911+","W",25.17,31.837,16.19,32.185,1,0.71,".52",1,3.3,21
"2015006HB","HB1506","2015","201504032000030129","Representative",8920,"10",39.610162,-74.015228,23,23,23,12-SEP-15,"18:39:35",39.5983,74.0183,23,12-SEP-15,"18:15","0077","SBE-911+","W",24.96,31.808,16.23,32.238,0,0.73,".41",1,2.8,19
"2015006HB","HB1506","2015","201504031700030130","Representative",8914,"10",39.96119,-74.012867,22,23,23,12-SEP-15,"21:49:03",39.95,74.0117,22,12-SEP-15,"21:21","0078","SBE-911+","W",24.45,31.796,23.09,31.784,0,0.67,".47",1,5.4,17
"2015006HB","HB1506","2015","201504010200060134","Representative",9228,"10",39.915285,-73.083803,68,69,68,13-SEP-15,"06:45:02",39.925,73.095,67,13-SEP-15,"06:17","0079","SBE-911+","W",24.29,32.035,8.75,33.351,1,0.78,".47",1,6.9,62
"2015006HB","HB1506","2015","201504010200020136","Representative",9229,"10",39.536643,-72.816463,68,68,67,13-SEP-15,"11:39:50",39.5533,72.8667,64,13-SEP-15,"10:31","0080","SBE-911+","W",24.45,32.2,8.49,33.443,4,2.53,"1.15",1,6.9,59
"2015006HB","HB1506","2015","201504017400060139","Representative",9107,"10",39.130492,-73.316417,61,61,61,13-SEP-15,"17:04:01",39.15,73.3,63,13-SEP-15,"16:19","0081","SBE-911+","W",25,32.797,8.54,33.64,2,1.4,".75",1,6.9,60
"2015006HB","HB1506","2015","201504017400040142","Representative",9105,"10",38.97912,-73.29108,69,69,68,13-SEP-15,"23:53:37",38.97,73.3017,70,13-SEP-15,"23:22","0082","SBE-911+","W",25.57,33.718,11.01,34.645,1,0.74,".53",1,6,68
"2015006HB","HB1506","2015","201504017400010143","Representative",9106,"10",38.943992,-73.174405,84,84,84,14-SEP-15,"01:30:04",38.9317,73.1833,83,14-SEP-15,"01:05","0083","SBE-911+","W",25.97,34.896,12.77,35.314,1,0.85,".42",1,5.2,80
"2015006HB","HB1506","2015","201504017400030144","Representative",9104,"10",39.031003,-73.11913,75,77,76,14-SEP-15,"03:02:53",39.0233,73.1267,75,14-SEP-15,"02:26","0084","SBE-911+","W",25.67,34.392,11.24,34.722,0,0.58,".61",1,5.9,73
"2015006HB","HB1506","2015","201504017500020145","Representative",9176,"10",39.020592,-72.862075,110,110,110,14-SEP-15,"05:14:29",39.0083,72.8667,113,14-SEP-15,"04:31","0085","SBE-911+","W",25.29,34.14,13.68,35.698,3,0.77,".72",1,4.8,110
"2015006HB","HB1506","2015","201504017600010146","Representative",9181,"10",38.94526,-72.835488,328,320,319,14-SEP-15,"07:44:41",38.9167,72.8633,350,14-SEP-15,"06:30","0086","SBE-911+","W",25.68,35.019,,,22,2.15,"1.24",0,4.4,269
"2015006HB","HB1506","2015","201504010300030147","Representative",9234,"10",39.359788,-72.545477,131,132,132,14-SEP-15,"11:43:47",39.3183,72.5717,136,14-SEP-15,"10:31","0087","SBE-911+","W",25,34.041,13.24,35.627,5,2.77,"1.21",1,4.9,131
"2015006HB","HB1506","2015","201504010400010148","Representative",9237,"10",39.379493,-72.280968,197,207,200,14-SEP-15,"14:02:31",39.36,72.2883,201,14-SEP-15,"13:19","0088","SBE-911+","W",26.33,35.957,12.67,35.633,4,1.22,".73",1,4.7,194
"2015006HB","HB1506","2015","201504010300040149","Representative",9232,"10",39.522612,-72.211287,153,154,154,14-SEP-15,"15:39:43",39.535,72.185,155,14-SEP-15,"16:19","0089","SBE-911+","W",26.16,35.833,12.81,35.514,2,1.43,".65",1,5,153
"2015006HB","HB1506","2015","201504010400020150","Representative",9236,"10",39.618358,-72.00631,264,261,262,14-SEP-15,"18:30:32",39.6333,71.9917,271,14-SEP-15,"17:30","0090","SBE-911+","W",26.21,35.615,11.59,35.488,7,1.12,"1.01",1,4.5,269
"2015006HB","HB1506","2015","201504010400030152","Representative",9235,"10",39.737405,-71.92999,198,201,200,14-SEP-15,"22:45:39",39.75,71.9117,200,14-SEP-15,"22:08","0091","SBE-911+","W",26.04,35.534,13.12,35.707,2,1.13,".63",1,4.7,199
"2015006HB","HB1506","2015","201504010600080179","Representative",9248,"10",40.715508,-71.114713,59,61,59,23-SEP-15,"22:29:14",40.7133,71.0983,61,23-SEP-15,"22:07","0092","SBE-911+","W",18.84,33.337,11.59,33.487,2,0.76,".37",1,6.2,55
"2015006HB","HB1506","2015","201504010600060180","Representative",9243,"10",40.402647,-71.611762,80,80,80,24-SEP-15,"02:10:34",40.4017,71.59,81,24-SEP-15,"01:29","0093","SBE-911+","W",21.35,33.706,11.95,34.459,1,1,".69",1,5.8,77
"2015006HB","HB1506","2015","201504010200040182","Representative",9223,"10",40.2986,-72.128117,63,63,63,24-SEP-15,"06:46:10",40.2933,72.1117,63,24-SEP-15,"06:16","0094","SBE-911+","W",22.51,34.251,11.36,34.051,0,0.82,".5",1,6.7,60
"2015006HB","HB1506","2015","201504010200050183","Representative",9226,"10",40.419797,-72.2062,59,62,61,24-SEP-15,"08:32:35",40.4067,72.1967,56,24-SEP-15,"08:07","0095","SBE-911+","W",22.75,34.486,11.15,33.772,3,0.9,".43",1,6.5,55
"2015006HB","HB1506","2015","201504010100070187","Representative",9222,"10",40.071597,-72.725693,58,59,58,24-SEP-15,"17:57:14",40.075,72.7083,59,24-SEP-15,"17:23","0096","SBE-911+","W",23.12,34.121,10.44,33.393,1,0.83,".57",1,6.3,54
"2015006HB","HB1506","2015","201504010100060188","Representative",9218,"10",40.21666,-73.008587,46,46,46,24-SEP-15,"20:12:58",40.21,72.9967,47,24-SEP-15,"19:34","0097","SBE-911+","W",21.28,32.78,11.86,32.932,1,0.68,".65",1,6.3,38
"2015006HB","HB1506","2015","201504010100040189","Representative",9219,"10",40.317127,-73.219568,37,37,37,24-SEP-15,"21:56:17",40.315,73.205,39,24-SEP-15,"21:25","0098","SBE-911+","W",20.39,32.06,14.97,32.646,2,0.68,".52",1,6.6,36
"2015006HB","HB1506","2015","201504031100010191","Representative",8909,"10",40.352937,-73.534605,25,24,24,25-SEP-15,"01:31:34",40.3533,73.52,27,25-SEP-15,"01:08","0099","SBE-911+","W",20.56,31.918,19.16,32.108,2,0.67,".39",1,6.1,25
"2015006HB","HB1506","2015","201504031400010192","Representative",8912,"10",40.358495,-73.68852,26,25,26,25-SEP-15,"02:54:52",40.36,73.675,25,25-SEP-15,"02:22","0100","SBE-911+","W",20.94,32.122,18.33,32.154,1,0.63,".55",1,5.1,24
"2015006HB","HB1506","2015","201504031400030193","Representative",8911,"10",40.358777,-73.746972,25,25,25,25-SEP-15,"04:01:08",40.365,73.755,25,25-SEP-15,"03:28","0101","SBE-911+","W",21.67,31.574,21.25,31.676,0,0.52,".55",1,6.5,21
"2015006HB","HB1506","2015","201504031400020194","Representative",8913,"10",40.404965,-73.838737,27,24,27,25-SEP-15,"05:35:31",40.3967,73.8367,25,25-SEP-15,"05:13","0102","SBE-911+","W",21.23,31.503,20.36,31.929,2,0.51,".38",1,7.2,21
"2015006HB","HB1506","2015","201504031100030195","Representative",8908,"10",40.466957,-73.58132,26,25,24,25-SEP-15,"08:20:37",40.465,73.595,24,25-SEP-15,"08:02","0103","SBE-911+","W",20.66,31.935,20.46,31.961,2,0.64,".31",1,7.3,21
"2015006HB","HB1506","2015","201504031100020196","Representative",8910,"10",40.438928,-73.446673,26,27,27,25-SEP-15,"10:24:00",40.4433,73.4617,26,25-SEP-15,"10:04","0104","SBE-911+","W",20.91,31.792,20.86,31.813,0,0.74,".33",1,7.3,20
"2015006HB","HB1506","2015","201504030800030197","Representative",8906,"10",40.527953,-73.156418,27,28,26,25-SEP-15,"13:00:34",40.5267,73.1667,30,25-SEP-15,"12:27","0105","SBE-911+","W",20.74,31.835,20.39,31.885,3,0.48,".56",1,7,29
"2015006HB","HB1506","2015","201504030800010198","Representative",8905,"10",40.59834,-72.925318,30,30,29,25-SEP-15,"15:13:57",40.59,72.9317,28,25-SEP-15,"14:31","0106","SBE-911+","W",20.05,31.947,20.06,31.969,2,0.58,".72",1,7.5,23
"2015006HB","HB1506","2015","201504030500020202","Representative",8904,"10",40.815177,-72.40072,27,25,27,25-SEP-15,"23:33:09",40.81,72.4133,26,25-SEP-15,"23:11","0107","SBE-911+","W",20,31.835,19.74,32.432,1,0.65,".37",1,7,24
"2015006HB","HB1506","2015","201504030500010203","Representative",8902,"10",40.849268,-72.269215,30,31,31,26-SEP-15,"00:52:36",40.85,72.2817,29,26-SEP-15,"00:22","0108","SBE-911+","W",19.8,32.14,19.87,32.614,1,0.57,".51",1,7.5,26
"2015006HB","HB1506","2015","201504030200020205","Representative",9109,"10",40.931997,-71.995263,28,28,28,26-SEP-15,"04:42:23",40.9267,72.005,28,26-SEP-15,"04:16","0109","SBE-911+","W",19.46,32.207,19.47,32.258,0,0.54,".44",1,7.7,23
"2015006HB","HB1506","2015","201504030500030206","Representative",8903,"10",40.9442,-72.034107,25,26,25,26-SEP-15,"06:06:35",40.9383,72.04,26,26-SEP-15,"05:31","0110","SBE-911+","W",19.51,32.219,19.51,32.298,1,0.44,".59",1,7.6,24
"2015006HB","HB1506","2015","201504030200030207","Representative",9110,"10",40.96639,-71.983488,25,24,25,26-SEP-15,"07:09:36",40.965,71.9917,25,26-SEP-15,"06:34","0111","SBE-911+","W",19.58,32.01,19.59,32.011,0,0.38,".59",1,7.7,21
"2015006HB","HB1506","2015","201504030200010208","Representative",9111,"10",40.990943,-71.83071,28,27,28,26-SEP-15,"08:44:38",40.9983,71.815,28,26-SEP-15,"08:17","0112","SBE-911+","W",19.52,31.814,18.96,32.426,0,0.84,".46",1,7.5,24
"2015006HB","HB1506","2015","201504010500010209","Non-Representative",9238,"10",40.94518,-71.511977,55,54,54,26-SEP-15,"11:52:08",40.9317,71.5133,55,26-SEP-15,"11:20","0113","SBE-911+","W",20.09,33.501,13.56,33.141,0,0.81,".54",1,6.1,51
"2015006HB","HB1506","2015","201504010500060210","Representative",9238,"10",40.94898,-71.51322,53,54,54,26-SEP-15,"14:51:06",40.9317,71.5133,55,26-SEP-15,"11:20","0113","SBE-911+","W",20.09,33.501,13.56,33.141,2,1.04,"3.52",1,6.1,51
"2015006HB","HB1506","2015","201504034500020211","Representative",9205,"10",41.089078,-71.553443,26,27,26,26-SEP-15,"17:18:15",41.1,71.565,26,26-SEP-15,"17:00","0114","SBE-911+","W",19.28,32.292,19.2,32.456,0,0.84,".3",1,7.6,24
"2015006HB","HB1506","2015","201504010500040212","Representative",9239,"10",41.16949,-71.173335,40,41,41,26-SEP-15,"20:37:22",41.16,71.16,48,26-SEP-15,"20:13","0115","SBE-911+","W",18.06,32.386,14.88,32.965,8,0.83,".41",0,5.5,46
"2015006HB","HB1506","2015","201504034600040217","Non-Representative",9209,"10",41.23616,-70.782588,26,26,26,27-SEP-15,"06:37:02",41.2317,70.7867,25,27-SEP-15,"06:14","0116","SBE-911+","W",18.93,32.212,18.16,32.945,1,0.33,".38",1,7.6,21
"2015006HB","HB1506","2015","201504034600050218","Representative",9209,"10",41.245758,-70.764323,26,27,27,27-SEP-15,"07:29:32",41.2317,70.7867,25,27-SEP-15,"06:14","0116","SBE-911+","W",18.93,32.212,18.16,32.945,1,1.32,"1.26",1,7.6,21
"2015006HB","HB1506","2015","201504034600020220","Representative",9206,"10",41.182818,-70.224892,25,26,25,27-SEP-15,"16:21:41",41.1817,70.2083,23,27-SEP-15,"16:03","0117","SBE-911+","W",17.43,32.324,17.29,32.356,2,0.75,".31",1,7.1,22
"2015006HB","HB1506","2015","201504034600030221","Representative",9208,"10",40.937708,-70.144695,24,26,25,27-SEP-15,"19:16:32",40.935,70.125,24,27-SEP-15,"19:01","0118","SBE-911+","W",17.88,32.02,17.75,32.04,0,0.91,".26",1,7.1,22
"2015006HB","HB1506","2015","201504010900050224","Representative",9262,"10",40.794357,-69.882635,35,32,33,28-SEP-15,"02:29:58",40.7833,69.8933,38,28-SEP-15,"02:08","0119","SBE-911+","W",17.69,33.342,17.78,33.382,3,0.82,".37",1,7.7,34
"2015006HB","HB1506","2015","201504010900020225","Representative",9260,"10",40.66905,-69.53905,46,45,46,28-SEP-15,"05:09:13",40.665,69.5517,47,28-SEP-15,"04:31","0120","SBE-911+","W",16.82,33.072,16.49,33.107,1,0.63,".64",1,7.7,46
"2015006HB","HB1506","2015","201504011300020231","Representative",8955,"10",40.981215,-68.786152,65,78,70,28-SEP-15,"22:04:51",40.9833,68.81,73,28-SEP-15,"21:23","0121","SBE-911+","W",16.67,32.922,16.68,32.952,8,1.09,".7",1,7.6,70
"2015006HB","HB1506","2015","201504012300050232","Representative",9008,"10",41.02813,-68.699883,64,69,67,29-SEP-15,"00:12:48",41.0433,68.7033,60,28-SEP-15,"23:21","0122","SBE-911+","W",16.8,32.722,16.76,32.72,4,0.92,".86",1,7.7,58
"2015006HB","HB1506","2015","201504012300030233","Representative",9011,"10",41.158902,-68.93653,104,101,102,29-SEP-15,"03:08:47",41.18,68.9317,108,29-SEP-15,"02:20","0123","SBE-911+","W",16.2,33.033,10.51,32.835,4,1.29,".81",1,7.6,103
"2015006HB","HB1506","2015","201504012300010234","Representative",9009,"10",41.023858,-69.022397,81,80,80,29-SEP-15,"06:33:43",41,69.0117,79,29-SEP-15,"06:01","0124","SBE-911+","W",18.35,33.946,17.11,33.815,2,1.51,".55",1,7.3,76
"2015006HB","HB1506","2015","201504012500050238","Representative",9022,"10",41.219607,-69.375373,52,48,51,29-SEP-15,"16:25:25",41.2217,69.3933,47,29-SEP-15,"12:22","0125","SBE-911+","W",14.79,32.228,10.17,32.468,5,0.82,"4.06",1,7.6,45
"2015006HB","HB1506","2015","201504012500020237","Non-Representative",9022,"10",41.2147,-69.39044,48,47,48,29-SEP-15,"13:11:34",41.2217,69.3933,47,29-SEP-15,"12:22","0125","SBE-911+","W",14.79,32.228,10.17,32.468,1,0.44,".83",1,7.6,45
"2015006HB","HB1506","2015","201504012500020237","Non-Representative",9022,"10",41.2147,-69.39044,48,47,48,29-SEP-15,"13:11:34",41.235,69.3683,52,29-SEP-15,"16:04","0126","SBE-911+","W",12.24,32.332,11.83,32.429,4,1.58,"2.87",1,8,45
"2015006HB","HB1506","2015","201504012500050238","Representative",9022,"10",41.219607,-69.375373,52,48,51,29-SEP-15,"16:25:25",41.235,69.3683,52,29-SEP-15,"16:04","0126","SBE-911+","W",12.24,32.332,11.83,32.429,0,0.98,".36",1,8,45
"2015006HB","HB1506","2015","201504012300070240","Non-Representative",9010,"10",41.245845,-69.311608,63,59,60,29-SEP-15,"19:55:18",41.2417,69.2867,70,29-SEP-15,"18:31","0127","SBE-911+","W",12.68,32.408,7.95,32.708,7,1.15,"1.41",1,7.7,67
"2015006HB","HB1506","2015","201504012300060239","Non-Representative",9010,"10",41.236235,-69.310477,61,62,62,29-SEP-15,"19:10:00",41.2417,69.2867,70,29-SEP-15,"18:31","0127","SBE-911+","W",12.68,32.408,7.95,32.708,9,1.12,".65",1,7.7,67
"2015006HB","HB1506","2015","201504012500010241","Non-Representative",9023,"10",41.482433,-69.590623,31,32,31,29-SEP-15,"23:05:20",41.4933,69.6067,32,29-SEP-15,"22:26","0128","SBE-911+","W",15.51,32.23,10.83,32.369,1,0.97,".66",1,7.6,28
"2015006HB","HB1506","2015","201504012300040242","Representative",9012,"10",41.724192,-69.75472,81,83,82,30-SEP-15,"02:27:30",41.7333,69.765,80,30-SEP-15,"01:33","0129","SBE-911+","W",16.91,32.162,8.43,32.504,1,0.72,".91",1,7.4,74
"2015006HB","HB1506","2015","201504012500040243","Non-Representative",9021,"10",41.720885,-69.834725,38,38,39,30-SEP-15,"05:12:43",41.7333,69.84,41,30-SEP-15,"04:33","0130","SBE-911+","W",16.51,32.177,9.39,32.37,3,0.78,".66",1,7.3,36
"2015006HB","HB1506","2015","201504035600020244","Representative",9112,"10",41.73077,-69.889737,18,19,18,30-SEP-15,"09:59:08",41.7433,69.895,18,30-SEP-15,"09:23","0131","SBE-911+","W",14.88,32.122,13.03,32.164,0,0.79,".6",1,7.6,14
"2015006HB","HB1506","2015","201504035600030245","Non-Representative",9114,"10",41.730675,-69.898338,16,15,15,30-SEP-15,"12:02:11",41.74,69.8967,17,30-SEP-15,"11:28","0132","SBE-911+","W",14.57,32.162,14.35,32.176,1,0.57,".57",1,7.8,13
"2015006HB","HB1506","2015","201504011000100247","Representative",10423,"10",40.205323,-69.148068,108,108,108,08-OCT-15,"04:48:54",40.195,69.1583,107,08-OCT-15,"04:12","0133","SBE-911+","W",21.66,35.516,13.49,35.38,1,0.78,".62",1,5.3,103
"2015006HB","HB1506","2015","201504011100010248","Representative",8944,"10",40.169907,-68.841897,148,148,147,08-OCT-15,"07:25:19",40.1633,68.865,145,08-OCT-15,"06:32","0134","SBE-911+","W",21.99,35.581,13.35,35.62,3,1.13,".89",1,5,141
"2015006HB","HB1506","2015","201504011400020250","Representative",8959,"10",40.195803,-68.652445,152,153,152,08-OCT-15,"11:54:09",40.1883,68.67,154,08-OCT-15,"11:17","0135","SBE-911+","W",21.74,35.559,13.05,35.629,2,0.92,".62",1,4.9,149
"2015006HB","HB1506","2015","201504011400040251","Representative",8961,"10",40.267893,-68.35868,161,163,162,08-OCT-15,"16:53:57",40.2583,68.3767,163,08-OCT-15,"16:14","0136","SBE-911+","W",22.37,35.729,13,35.596,2,1.01,".67",1,5,162
"2015006HB","HB1506","2015","201504011500020252","Representative",8963,"10",40.35622,-67.83026,195,194,193,08-OCT-15,"20:52:14",40.3683,67.8433,218,08-OCT-15,"20:10","0137","SBE-911+","W",22.92,35.726,12.43,35.547,23,0.94,".7",1,4.9,216
"2015006HB","HB1506","2015","201504011500030253","Representative",8964,"10",40.46984,-68.147652,351,345,355,09-OCT-15,"00:38:14",40.5083,68.1817,115,08-OCT-15,"23:25","0138","SBE-911+","W",22.21,35.548,11.95,35.478,236,2.78,"1.22",0,5.2,112
"2015006HB","HB1506","2015","201504011300090254","Representative",8953,"10",40.644977,-68.058947,87,87,87,09-OCT-15,"03:13:38",40.635,68.0367,89,09-OCT-15,"02:29","0139","SBE-911+","W",22.21,35.519,16.36,35.219,2,1.18,".74",1,5.9,86
"2015006HB","HB1506","2015","201504011300080255","Representative",8956,"10",40.678262,-68.196828,79,79,79,09-OCT-15,"04:45:21",40.6833,68.1817,79,09-OCT-15,"04:16","0140","SBE-911+","W",19.59,34.6,16.69,34.836,0,0.75,".49",1,6.2,76
"2015006HB","HB1506","2015","201504011900060258","Representative",8991,"10",40.80812,-68.336613,57,57,58,09-OCT-15,"12:12:17",40.8167,68.33,56,09-OCT-15,"11:33","0141","SBE-911+","W",18,33.686,18.01,33.684,1,0.6,".65",1,7.3,51
"2015006HB","HB1506","2015","201504011900050259","Representative",8985,"10",40.88564,-68.243657,51,51,52,09-OCT-15,"13:59:14",40.8883,68.2583,54,09-OCT-15,"13:22","0142","SBE-911+","W",17.82,33.589,18.35,33.888,3,0.68,".62",1,7.3,50
"2015006HB","HB1506","2015","201504011800040274","Representative",8980,"10",40.882343,-66.582523,265,276,271,11-OCT-15,"07:56:54",40.865,66.6067,273,11-OCT-15,"07:08","0143","SBE-911+","W",19.03,34.444,9.88,35.302,8,1.51,".81",1,4.6,271
"2015006HB","HB1506","2015","201504011700040275","Representative",9277,"10",40.965848,-66.542178,121,121,122,11-OCT-15,"09:45:15",40.9783,66.525,123,11-OCT-15,"09:13","0144","SBE-911+","W",21.71,35.406,13.22,35.196,2,1.08,".54",1,5.5,119
"2015006HB","HB1506","2015","201504011600040278","Representative",8974,"10",41.207222,-66.481293,95,93,93,11-OCT-15,"16:39:27",41.1933,66.47,95,11-OCT-15,"16:10","0145","SBE-911+","W",15.51,32.968,10.81,33.701,0,0.98,".49",1,7,91
"2015006HB","HB1506","2015","201504011600050280","Representative",8977,"10",41.422323,-66.775528,78,78,78,11-OCT-15,"22:08:46",41.4117,66.7733,78,11-OCT-15,"21:29","0146","SBE-911+","W",14.62,32.775,12.11,32.913,0,0.65,".66",1,7.5,74
"2015006HB","HB1506","2015","201504012000020291","Representative",8997,"10",41.617223,-68.069605,38,41,40,13-OCT-15,"02:02:53",41.635,68.0833,40,13-OCT-15,"01:23","0147","SBE-911+","W",16.74,32.701,16.72,32.702,2,1.23,".66",1,7.6,35
"2015006HB","HB1506","2015","201504012200010292","Representative",9003,"10",41.846668,-68.202905,163,167,164,13-OCT-15,"04:58:34",41.8367,68.2317,163,13-OCT-15,"04:18","0148","SBE-911+","W",14.52,32.45,6.18,33.632,0,1.42,".68",1,7.5,158
"2015006HB","HB1506","2015","201504012200040293","Representative",9006,"10",41.918322,-68.144055,199,197,198,13-OCT-15,"06:45:46",41.93,68.1283,199,13-OCT-15,"06:07","0149","SBE-911+","W",14.54,32.484,8.48,34.645,0,0.99,".65",1,5.9,193
"2015006HB","HB1506","2015","201504012000040294","Non-Representative",8993,"10",41.863553,-67.742708,37,37,37,13-OCT-15,"09:45:53",41.8667,67.7233,36,13-OCT-15,"09:17","0150","SBE-911+","W",15.33,32.798,15.31,32.8,1,0.89,".48",1,7.6,34
"2015006HB","HB1506","2015","201504012000070295","Representative",10391,"10",41.933522,-67.81801,59,59,59,13-OCT-15,"12:20:18",41.9317,67.8617,71,13-OCT-15,"11:18","0151","SBE-911+","W",14.96,32.382,11.51,32.91,12,1.95,"1.04",0,7.3,69
"2015006HB","HB1506","2015","201504012100040296","Representative",9002,"10",42.047465,-67.714602,166,166,166,13-OCT-15,"14:33:33",42.0567,67.6983,169,13-OCT-15,"14:02","0152","SBE-911+","W",15.66,32.824,7.44,34.188,3,0.91,".53",1,6.5,166
"2015006HB","HB1506","2015","201504012000060297","Representative",8994,"10",41.964227,-67.587433,45,46,47,13-OCT-15,"17:44:49",41.9633,67.5683,43,13-OCT-15,"17:14","0153","SBE-911+","W",16.14,32.741,15.73,32.755,2,0.86,".51",1,7.6,37
"2015006HB","HB1506","2015","201504012200020304","Representative",9004,"10",42.201425,-66.867433,211,212,212,14-OCT-15,"12:51:16",42.2017,66.905,209,14-OCT-15,"12:07","0154","SBE-911+","W",15.78,32.887,9.15,35.026,2,1.67,".74",1,5.4,205
"2015006HB","HB1506","2015","201504012100030306","Representative",9000,"10",42.088415,-66.530615,81,86,85,14-OCT-15,"17:31:27",42.0767,66.52,85,14-OCT-15,"17:05","0155","SBE-911+","W",15.64,32.79,9.99,32.941,4,0.85,".44",1,7.5,81
"2015006HB","HB1506","2015","201504011600110308","Representative",8976,"10",41.96381,-66.351445,87,87,87,14-OCT-15,"22:00:48",41.9583,66.345,85,14-OCT-15,"21:23","0156","SBE-911+","W",15.8,32.778,11.63,32.878,2,0.44,".63",1,7.5,84
"2015006HB","HB1506","2015","201504011600080309","Representative",8975,"10",41.965213,-66.16931,91,94,92,15-OCT-15,"00:07:40",41.9667,66.1917,89,14-OCT-15,"23:24","0157","SBE-911+","W",15.3,32.755,10.64,32.922,2,1,".73",1,7.5,87
"2015006HB","HB1506","2015","201504011600120311","Representative",8969,"10",41.665427,-65.970437,101,100,101,15-OCT-15,"06:26:14",41.6833,65.97,102,15-OCT-15,"06:00","0158","SBE-911+","W",15.61,32.756,8.58,33.479,1,1.07,".44",1,7.2,99
"2015006HB","HB1506","2015","201504011800020312","Representative",8981,"10",41.625202,-65.856925,268,268,269,15-OCT-15,"09:46:18",41.6267,65.8533,384,15-OCT-15,"08:04","0159","SBE-911+","W",17.21,33.526,7.09,35.083,116,0.19,"1.71",0,5.9,381
"2015006HB","HB1506","2015","201504011700010313","Representative",9276,"10",41.853437,-65.873763,125,125,125,15-OCT-15,"12:12:48",41.84,65.8783,126,15-OCT-15,"11:28","0160","SBE-911+","W",14.8,32.742,8.64,33.449,1,0.83,".75",1,7.2,120
"2015006HB","HB1506","2015","201504011700030314","Representative",9275,"10",41.94651,-65.827522,178,178,178,15-OCT-15,"14:15:03",41.96,65.8467,174,15-OCT-15,"13:23","0161","SBE-911+","W",14.83,32.743,9.11,35.052,4,1.18,".87",1,5.3,168
"2015006HB","HB1506","2015","201504011800010315","Non-Representative",8982,"10",41.971618,-65.817782,199,198,198,15-OCT-15,"16:07:34",41.9883,65.8383,197,15-OCT-15,"15:19","0162","SBE-911+","W",14.98,32.761,8.68,35.156,2,1.36,".81",1,5.1,194
"2015006HB","HB1506","2015","201504012900090318","Representative",9048,"10",42.313045,-66.080978,270,270,271,16-OCT-15,"02:47:07",42.35,66.0617,268,16-OCT-15,"01:35","0163","SBE-911+","W",15.12,32.695,9.46,35.153,2,2.38,"1.2",1,5.7,261
"2015006HB","HB1506","2015","201504012900020319","Non-Representative",9043,"10",42.298158,-66.334935,246,246,245,16-OCT-15,"05:21:42",42.3267,66.32,246,16-OCT-15,"04:23","0164","SBE-911+","W",14.75,32.717,9.04,35.114,0,1.84,".98",1,5.7,238
"2015006HB","HB1506","2015","201504012900100321","Representative",9051,"10",42.27428,-66.968352,278,281,280,16-OCT-15,"12:31:25",42.28,67,282,16-OCT-15,"11:26","0165","SBE-911+","W",14.92,32.773,8.94,35.115,4,1.45,"1.09",1,5.4,279
"2015006HB","HB1506","2015","201504012900010322","Representative",9047,"10",42.26849,-67.061345,265,269,266,16-OCT-15,"14:32:07",42.265,67.0267,259,16-OCT-15,"13:29","0166","SBE-911+","W",14.99,32.649,8.93,35.122,6,1.55,"1.05",1,5.4,258
"2015006HB","HB1506","2015","201504013000030323","Representative",9055,"10",42.44915,-67.328122,340,341,341,16-OCT-15,"17:49:38",42.4633,67.2933,342,16-OCT-15,"17:04","0167","SBE-911+","W",13.61,32.806,9.04,35.147,2,1.76,".76",1,5.2,339
"2015006HB","HB1506","2015","201504012900060324","Representative",9046,"10",42.707697,-67.375527,198,222,204,16-OCT-15,"21:55:25",42.715,67.39,205,16-OCT-15,"20:19","0168","SBE-911+","W",13.82,32.854,9.19,35.139,7,0.78,"1.61",1,5.2,201
"2015006HB","HB1506","2015","201504012900040325","Representative",9050,"10",42.662748,-67.115252,277,276,275,17-OCT-15,"00:56:52",42.6783,67.08,267,17-OCT-15,"00:10","0169","SBE-911+","W",14.49,32.74,9.08,35.096,10,1.82,".78",1,5.4,264
"2015006HB","HB1506","2015","201504013000010326","Representative",9053,"10",42.594645,-67.024577,304,306,305,17-OCT-15,"03:15:12",42.6167,67.0633,301,17-OCT-15,"02:13","0170","SBE-911+","W",13.5,32.883,8.94,35.115,3,2.16,"1.04",1,5.4,298
"2015006HB","HB1506","2015","201504012900110327","Representative",10208,"10",42.655725,-67.03078,284,283,284,17-OCT-15,"05:35:42",42.6633,67.0667,281,17-OCT-15,"04:31","0171","SBE-911+","W",13.49,32.849,9.13,35.089,3,1.65,"1.08",1,5.4,275
"2015006HB","HB1506","2015","201504013600010328","Representative",9072,"10",42.827007,-66.888757,197,200,196,17-OCT-15,"09:10:01",42.805,66.875,214,17-OCT-15,"08:20","0172","SBE-911+","W",13.8,32.805,9.51,35.002,17,1.45,".83",1,5.5,210
"2015006HB","HB1506","2015","201504013400020329","Representative",9060,"10",43.003355,-66.982158,178,181,179,17-OCT-15,"14:07:45",42.99,67.01,216,17-OCT-15,"13:14","0173","SBE-911+","W",14.29,32.79,9.55,34.979,38,1.46,".9",0,5.5,209
"2015006HB","HB1506","2015","201504013400060330","Representative",9057,"10",42.984893,-66.82224,169,169,168,17-OCT-15,"16:21:49",42.9967,66.79,196,17-OCT-15,"15:28","0174","SBE-911+","W",14.37,32.777,9.57,34.794,27,1.58,".9",0,5.8,193
"2015006HB","HB1506","2015","201504013400030331","Non-Representative",9061,"10",43.336077,-66.67322,112,107,111,17-OCT-15,"20:35:26",43.32,66.6767,111,17-OCT-15,"20:04","0175","SBE-911+","W",13.58,32.833,10.84,34.02,1,0.98,".52",1,6.3,107
"2015006HB","HB1506","2015","201504013600050332","Representative",9078,"10",43.543155,-67.01107,210,213,212,18-OCT-15,"00:24:28",43.57,67.0267,200,17-OCT-15,"23:31","0176","SBE-911+","W",13.07,33.135,10.07,34.651,10,1.75,".89",1,5.8,193
"2015006HB","HB1506","2015","201504013400010334","Representative",9059,"10",43.834538,-66.735643,136,137,136,18-OCT-15,"06:38:50",43.8483,66.7383,143,18-OCT-15,"06:08","0177","SBE-911+","W",13.19,32.943,10.73,34.248,7,0.83,".51",1,6.3,140
"2015006HB","HB1506","2015","201504013510020335","Representative",9065,"10",44.125688,-66.788332,147,142,144,18-OCT-15,"10:25:11",44.1483,66.79,141,18-OCT-15,"10:01","0178","SBE-911+","W",13.15,32.829,10.44,34.361,6,1.36,".4",1,6.1,138
"2015006HB","HB1506","2015","201504013510010337","Representative",9066,"10",44.261932,-66.92289,171,174,173,18-OCT-15,"16:03:11",44.2683,66.8967,174,18-OCT-15,"15:16","0179","SBE-911+","W",13.08,32.943,10.04,34.411,3,1.19,".79",1,6,172
"2015006HB","HB1506","2015","201504013510030338","Representative",9063,"10",44.167882,-66.913008,176,175,176,18-OCT-15,"17:50:50",44.1933,66.9167,179,18-OCT-15,"17:10","0180","SBE-911+","W",12.73,33.097,10.09,34.502,3,1.53,".68",1,5.9,175
"2015006HB","HB1506","2015","201504013400050340","Representative",9056,"10",43.887355,-67.2075,154,154,155,18-OCT-15,"22:30:51",43.8733,67.2033,161,18-OCT-15,"22:00","0181","SBE-911+","W",12.63,33.202,9.95,34.679,7,0.86,".51",1,5.7,158
"2015006HB","HB1506","2015","201504013600070341","Representative",9067,"10",43.609483,-67.320748,216,214,215,19-OCT-15,"01:54:53",43.5767,67.3183,223,19-OCT-15,"01:07","0182","SBE-911+","W",12.07,33.181,9.62,34.732,7,1.97,".8",1,5.6,216
"2015006HB","HB1506","2015","201504013600100342","Representative",9077,"10",43.041817,-67.702027,192,197,195,19-OCT-15,"07:06:34",43.0417,67.6667,185,19-OCT-15,"06:19","0183","SBE-911+","W",13.44,32.788,7.49,34.075,7,1.55,".79",1,6.6,181
"2015006HB","HB1506","2015","201504012900050346","Representative",9044,"10",42.50477,-68.490835,219,221,221,19-OCT-15,"19:59:55",42.4933,68.4933,220,19-OCT-15,"19:19","0184","SBE-911+","W",13.22,32.673,8.48,34.628,1,0.7,".68",1,5.8,213
"2015006HB","HB1506","2015","201504012400050347","Representative",9014,"10",42.219393,-68.568775,181,185,182,19-OCT-15,"23:16:14",42.1967,68.5717,160,19-OCT-15,"22:25","0185","SBE-911+","W",13.34,32.641,5.67,33.466,21,1.37,".85",1,7.7,156
"2015006HB","HB1506","2015","201504012400010348","Representative",9018,"10",42.080572,-68.467993,180,180,180,20-OCT-15,"02:08:24",42.06,68.445,172,20-OCT-15,"01:19","0186","SBE-911+","W",13.5,32.533,5.88,33.49,8,1.61,".82",1,7.6,164
"2015006HB","HB1506","2015","201504012400060350","Representative",9015,"10",41.652497,-68.53868,170,171,172,20-OCT-15,"08:25:38",41.6433,68.52,160,20-OCT-15,"07:34","0187","SBE-911+","W",14.18,32.671,6.47,33.252,10,1,".86",1,7.4,156
"2015006HB","HB1506","2015","201504012400080351","Representative",9013,"10",41.577752,-68.770345,154,155,155,20-OCT-15,"10:48:41",41.58,68.7433,148,20-OCT-15,"10:13","0188","SBE-911+","W",13.98,32.443,6.38,33.417,6,1.22,".59",1,7.3,144
"2015006HB","HB1506","2015","201504012400030352","Non-Representative",9020,"10",41.385653,-69.102742,158,158,159,20-OCT-15,"14:02:19",41.3967,69.0833,157,20-OCT-15,"13:21","0189","SBE-911+","W",14.13,32.481,6.34,33.243,1,1.1,".69",1,7.5,152
"2015006HB","HB1506","2015","201504012400090353","Representative",9020,"10",41.380153,-69.112885,160,159,159,20-OCT-15,"15:19:28",41.3967,69.0833,157,20-OCT-15,"13:21","0189","SBE-911+","W",14.13,32.481,6.34,33.243,3,1.66,"1.97",1,7.5,152
"2015006HB","HB1506","2015","201504012800050356","Representative",9036,"10",41.985658,-69.203465,212,216,214,21-OCT-15,"01:44:18",42.0083,69.2083,208,21-OCT-15,"01:07","0190","SBE-911+","W",13.86,32.452,5.67,33.564,4,1.38,".62",1,7.7,204
"2015006HB","HB1506","2015","201504012800020357","Representative",9039,"10",42.262667,-69.293578,212,212,211,21-OCT-15,"04:56:19",42.2833,69.2967,214,21-OCT-15,"04:14","0191","SBE-911+","W",13.78,32.47,6.66,33.881,2,1.25,".71",1,5.8,209
"2015006HB","HB1506","2015","201504012800070358","Representative",9041,"10",42.496563,-69.211343,234,233,236,21-OCT-15,"07:51:58",42.5217,69.2017,212,21-OCT-15,"07:11","0192","SBE-911+","W",13.66,32.531,6.96,33.909,22,1.57,".68",1,5.6,210
"2015006HB","HB1506","2015","201504012800010359","Representative",9038,"10",42.537397,-69.8857,193,191,192,21-OCT-15,"12:17:01",42.5567,69.8867,191,21-OCT-15,"11:28","0193","SBE-911+","W",13.4,32.488,6.6,33.931,2,1.16,".82",1,6.7,186
"2015006HB","HB1506","2015","201504012700040360","Representative",9035,"10",42.394933,-69.996062,193,196,194,21-OCT-15,"14:12:00",42.42,69.99,195,21-OCT-15,"13:22","0194","SBE-911+","W",12.06,32.345,6.38,33.683,2,1.53,".83",1,7,191
"2015006HB","HB1506","2015","201504012700050361","Representative",9034,"10",42.140365,-69.779053,170,167,170,21-OCT-15,"17:09:19",42.1183,69.7867,167,21-OCT-15,"16:25","0195","SBE-911+","W",12.56,32.264,5.99,33.573,3,1.37,".74",1,7.6,166
"2015006HB","HB1506","2015","201504012600030362","Representative",9025,"10",42.194917,-70.050215,107,109,109,28-OCT-15,"06:14:15",42.21,70.05,133,28-OCT-15,"05:29","0196","SBE-911+","W",11.93,32.456,7.16,33.415,26,0.91,".75",0,7.3,128
"2015006HB","HB1506","2015","201504036100010363","Representative",8928,"10",42.11962,-70.037918,62,61,62,28-OCT-15,"07:44:23",42.1067,70.0283,62,28-OCT-15,"07:14","0197","SBE-911+","W",12.32,32.509,10.34,32.762,0,0.89,".51",1,7.4,56
"2015006HB","HB1506","2015","201504035600010364","Representative",9113,"10",42.080515,-70.105412,18,17,18,28-OCT-15,"09:32:51",42.0767,70.0933,20,28-OCT-15,"09:10","0198","SBE-911+","W",11.91,32.352,11.92,32.352,2,0.59,".38",1,7.9,13
"2015006HB","HB1506","2015","201504012600050365","Representative",9027,"10",42.093915,-70.31217,61,61,61,28-OCT-15,"11:53:55",42.1,70.295,63,28-OCT-15,"11:21","0199","SBE-911+","W",12.34,32.188,12.13,32.329,2,0.85,".55",1,8.1,57
"2015006HB","HB1506","2015","201504036100020366","Representative",8929,"10",42.071738,-70.268093,61,61,61,28-OCT-15,"13:22:13",42.085,70.2583,62,28-OCT-15,"13:02","0200","SBE-911+","W",12.66,32.102,11.97,32.406,1,0.91,".34",1,8.1,56
"2015006HB","HB1506","2015","201504036000030367","Representative",9118,"10",41.978255,-70.180318,34,36,35,28-OCT-15,"15:13:24",41.9667,70.1817,34,28-OCT-15,"14:35","0201","SBE-911+","W",13.29,31.863,13.13,31.971,0,0.7,".64",1,7.9,26
"2015006HB","HB1506","2015","201504035900010368","Representative",9117,"10",41.896093,-70.177783,29,27,28,28-OCT-15,"17:31:11",41.9083,70.17,28,28-OCT-15,"17:08","0202","SBE-911+","W",13.24,31.847,13.24,31.856,1,0.81,".39",1,7.8,25
"2015006HB","HB1506","2015","201504035900020371","Representative",9116,"10",41.837392,-70.429533,25,26,26,28-OCT-15,"21:49:40",41.83,70.4283,26,28-OCT-15,"20:30","0203","SBE-911+","W",13.55,31.802,13.55,31.806,1,0.45,"1.33",1,7.8,23
"2015006HB","HB1506","2015","201504036000020372","Representative",9119,"10",42.004223,-70.525332,38,35,37,29-OCT-15,"07:48:50",42.02,70.515,40,29-OCT-15,"07:13","0204","SBE-911+","W",13.26,31.925,12.04,32.338,2,1.05,".6",1,7.6,31
"2015006HB","HB1506","2015","201504036400020373","Representative",9123,"10",42.285462,-70.68244,34,32,32,29-OCT-15,"11:55:22",42.2983,70.68,40,29-OCT-15,"11:21","0205","SBE-911+","W",12.44,31.978,10.09,32.476,6,0.78,".57",1,6.5,33
"2015006HB","HB1506","2015","201504036500030374","Representative",8930,"10",42.369487,-70.719747,52,55,53,29-OCT-15,"15:04:08",42.3767,70.73,51,29-OCT-15,"14:28","0206","SBE-911+","W",12.56,32.041,10.32,32.473,1,0.63,".6",1,6.6,47
"2015006HB","HB1506","2015","201504036600040376","Non-Representative",9264,"10",42.392438,-70.711423,52,55,54,29-OCT-15,"17:30:47",42.4033,70.7133,54,29-OCT-15,"16:22","0207","SBE-911+","W",12.57,32.02,10.18,32.494,2,0.66,"1.15",1,6.7,49
"2015006HB","HB1506","2015","201504036600050377","Representative",9264,"10",42.390768,-70.708373,55,58,56,29-OCT-15,"18:19:47",42.4033,70.7133,54,29-OCT-15,"16:22","0207","SBE-911+","W",12.57,32.02,10.18,32.494,1,0.78,"1.96",1,6.7,49
"2015006HB","HB1506","2015","201504036400050380","Representative",10290,"10",42.3294,-70.75841,31,36,33,30-OCT-15,"00:29:32",42.3167,70.7583,33,29-OCT-15,"22:33","0209","SBE-911+","W",12.48,32.032,11.66,32.18,2,0.76,"1.94",1,7.2,28
"2015006HB","HB1506","2015","201504036600030381","Representative",9263,"10",42.68816,-70.419375,51,52,53,30-OCT-15,"04:49:24",42.685,70.4033,46,30-OCT-15,"04:19","0210","SBE-911+","W",12.1,32.291,11.03,32.651,5,0.73,".51",1,7.6,41
"2015006HB","HB1506","2015","201504036600010382","Representative",9265,"10",42.66865,-70.531128,84,85,84,30-OCT-15,"06:33:45",42.6833,70.54,82,30-OCT-15,"06:08","0211","SBE-911+","W",11.55,32.259,7.71,32.605,2,0.96,".43",1,6.7,76
"2015006HB","HB1506","2015","201504036500020383","Non-Representative",8932,"10",42.686323,-70.54856,68,66,67,30-OCT-15,"08:25:40",42.67,70.545,61,30-OCT-15,"08:03","0212","SBE-911+","W",11.42,32.326,8.97,32.602,7,0.99,".38",1,7,54
"2015006HB","HB1506","2015","201504036500060384","Non-Representative",8932,"10",42.68491,-70.548003,67,65,66,30-OCT-15,"09:58:02",42.67,70.545,61,30-OCT-15,"08:03","0212","SBE-911+","W",11.42,32.326,8.97,32.602,6,0.91,"1.92",1,7,54
"2015006HB","HB1506","2015","201504036500010385","Representative",8931,"10",42.758778,-70.652738,61,59,61,30-OCT-15,"12:54:30",42.765,70.6633,59,30-OCT-15,"12:21","0213","SBE-911+","W",11.56,32.117,8.64,32.546,2,0.6,".56",1,6.6,54
"2015006HB","HB1506","2015","201504036400010386","Representative",9121,"10",42.831215,-70.760382,31,33,32,30-OCT-15,"14:56:12",42.84,70.7667,31,30-OCT-15,"14:25","0214","SBE-911+","W",11.05,28.944,10.11,32.459,0,0.6,".52",1,6.9,23
"2015006HB","HB1506","2015","201504013700070390","Representative",9130,"10",42.91622,-69.672165,151,154,153,31-OCT-15,"05:21:44",42.9067,69.6883,155,31-OCT-15,"04:32","0215","SBE-911+","W",12.3,32.687,5.97,33.495,4,0.91,".83",1,7.6,148
"2015006HB","HB1506","2015","201504013700010391","Representative",9128,"10",42.928265,-69.186613,165,177,170,31-OCT-15,"08:43:08",42.9533,69.1883,179,31-OCT-15,"08:08","0216","SBE-911+","W",11.89,32.796,6.05,33.408,14,1.51,".59",1,7.4,178
"2015006HB","HB1506","2015","201504012800060393","Representative",9037,"10",42.603105,-68.72432,191,190,190,31-OCT-15,"14:20:44",42.5917,68.7433,193,31-OCT-15,"13:30","0217","SBE-911+","W",11.78,33.008,7.73,34.341,2,1.08,".85",1,6.2,189
"2015006HB","HB1506","2015","201504013700040394","Representative",9124,"10",42.834255,-68.721558,205,208,206,31-OCT-15,"16:54:07",42.8583,68.725,211,31-OCT-15,"16:13","0218","SBE-911+","W",11.49,33.167,7.17,34.055,6,1.45,".69",1,6.6,207
"2015006HB","HB1506","2015","201504013700060395","Representative",9129,"10",42.935693,-68.692843,195,197,197,31-OCT-15,"19:41:26",42.9617,68.695,193,31-OCT-15,"19:05","0219","SBE-911+","W",11.57,33.087,6.93,33.957,2,1.56,".61",1,6.8,192
"2015006HB","HB1506","2015","201504013700030396","Representative",9126,"10",43.079588,-68.728428,185,185,184,31-OCT-15,"22:20:23",43.095,68.75,181,31-OCT-15,"21:31","0220","SBE-911+","W",11.53,33.309,6.76,33.884,4,1.32,".82",1,6.7,178
"2015006HB","HB1506","2015","201504013600020399","Representative",9068,"10",43.108665,-68.170033,204,204,203,01-NOV-15,"06:06:47",43.125,68.1667,196,01-NOV-15,"05:21","0221","SBE-911+","W",12.02,32.965,6.72,33.867,8,0.99,".76",1,7,188
"2015006HB","HB1506","2015","201504013600110400","Representative",9076,"10",43.022708,-68.038408,194,186,189,01-NOV-15,"08:25:04",43.0317,68.015,189,01-NOV-15,"07:32","0222","SBE-911+","W",12.32,32.949,7.15,33.949,5,1.16,".88",1,6.8,183
"2015006HB","HB1506","2015","201504013600060401","Representative",9070,"10",43.24561,-68.16304,207,205,206,01-NOV-15,"11:12:30",43.2267,68.1483,204,01-NOV-15,"10:21","0223","SBE-911+","W",11.65,33.187,7.03,33.924,3,1.31,".86",1,6.8,198
"2015006HB","HB1506","2015","201504013600030402","Representative",9075,"10",43.316308,-68.024825,235,231,234,01-NOV-15,"13:38:06",43.3117,67.9967,238,01-NOV-15,"13:00","0224","SBE-911+","W",11.46,33.391,8.31,34.388,3,1.26,".63",1,6,232
"2015006HB","HB1506","2015","201504013800010405","Representative",9132,"10",44.10345,-67.757575,135,146,139,01-NOV-15,"23:18:57",44.1283,67.7667,188,01-NOV-15,"22:28","0225","SBE-911+","W",10.98,33.179,10.15,33.985,53,1.54,".85",0,6.3,186
"2015006HB","HB1506","2015","201504013900030406","Representative",9139,"10",44.16541,-67.811383,134,132,134,02-NOV-15,"04:17:05",44.145,67.785,174,02-NOV-15,"03:23","0226","SBE-911+","W",10.95,33.098,10.51,33.802,40,1.67,".9",0,6.6,168
"2015006HB","HB1506","2015","201504013900070407","Representative",10067,"10",44.135927,-67.891887,100,104,102,02-NOV-15,"09:17:31",44.1517,67.8783,111,02-NOV-15,"08:32","0227","SBE-911+","W",10.91,33.015,10.86,33.519,11,1.11,".76",1,7,109
"2015006HB","HB1506","2015","201504013900060408","Representative",10075,"10",44.167815,-68.025782,86,85,86,02-NOV-15,"13:10:12",44.1517,68.03,85,02-NOV-15,"12:29","0228","SBE-911+","W",10.99,33.096,11.14,33.338,1,0.98,".69",1,7.3,79
"2015006HB","HB1506","2015","201504013900080411","Representative",9143,"10",43.844373,-68.58236,106,107,106,02-NOV-15,"23:31:27",43.8733,68.6,96,02-NOV-15,"21:14","0229","SBE-911+","W",11.12,32.791,10.46,33.673,10,1.9,"2.29",1,6.6,93
"2015006HB","HB1506","2015","201504013900040410","Non-Representative",9143,"10",43.852875,-68.58897,107,106,107,02-NOV-15,"21:49:28",43.8733,68.6,96,02-NOV-15,"21:14","0229","SBE-911+","W",11.12,32.791,10.46,33.673,11,1.32,".59",1,6.6,93
"2015006HB","HB1506","2015","201504013800030412","Representative",9133,"10",43.672542,-68.376345,185,182,184,03-NOV-15,"02:38:12",43.695,68.365,203,03-NOV-15,"02:04","0230","SBE-911+","W",11.55,33.248,7.05,33.86,18,1.44,".57",1,6.5,199
"2015006HB","HB1506","2015","201504013800040414","Representative",9138,"10",43.641705,-68.669468,151,153,152,03-NOV-15,"07:35:47",43.6517,68.6483,155,03-NOV-15,"07:06","0231","SBE-911+","W",11.35,33.208,9.38,33.863,4,1.1,".5",1,6.3,151
"2015006HB","HB1506","2015","201504013800060415","Representative",9134,"10",43.53858,-69.082283,106,108,108,03-NOV-15,"12:02:51",43.54,69.105,135,03-NOV-15,"11:23","0232","SBE-911+","W",11.17,33.053,8.07,33.503,29,0.99,".66",0,6.5,130
"2015006HB","HB1506","2015","201504013800080416","Representative",9131,"10",43.559165,-69.185823,136,137,136,03-NOV-15,"14:14:15",43.5783,69.1917,140,03-NOV-15,"13:28","0233","SBE-911+","W",10.93,32.714,8.44,33.514,4,1.18,".77",1,6.5,134
"2015006HB","HB1506","2015","201504014000030418","Representative",9079,"10",43.561685,-69.696415,119,111,115,04-NOV-15,"01:10:09",43.5783,69.685,112,04-NOV-15,"00:22","0234","SBE-911+","W",11.61,32.412,8.91,33.328,7,1.11,".8",1,6.5,109
"2015006HB","HB1506","2015","201504013800070419","Representative",9135,"10",43.479095,-69.785093,130,130,133,04-NOV-15,"03:53:36",43.5,69.77,128,04-NOV-15,"03:16","0235","SBE-911+","W",11.68,32.457,7.63,33.344,2,1.42,".63",1,6.7,124
"2015006HB","HB1506","2015","201504014000050422","Representative",10291,"10",43.224677,-70.180315,116,114,116,04-NOV-15,"14:16:05",43.24,70.1917,119,04-NOV-15,"13:32","0236","SBE-911+","W",11.99,32.347,7.5,33.301,3,1.05,".73",1,6.7,113
"2015006HB","HB1506","2015","201504014000060423","Representative",10250,"10",42.7653,-70.552118,95,99,97,04-NOV-15,"18:25:54",42.75,70.5633,89,04-NOV-15,"18:02","0237","SBE-911+","W",12.34,32.124,7,32.698,6,1.04,".4",1,6.7,85
"2015006HB","HB1506","2015","201504012600040424","Representative",9030,"10",42.694545,-70.165983,108,103,108,04-NOV-15,"21:28:52",42.685,70.1433,116,04-NOV-15,"21:02","0238","SBE-911+","W",11.87,32.557,8.02,33.334,8,1.15,".45",1,6.9,113
"2015006HB","HB1506","2015","201504012700070425","Representative",10217,"10",42.570955,-69.90974,180,180,180,05-NOV-15,"01:08:03",42.5467,69.9083,178,05-NOV-15,"00:22","0239","SBE-911+","W",12.49,32.571,6.21,33.758,2,1.46,".77",1,7.3,172
"2015006HB","HB1506","2015","201504012600070427","Representative",9029,"10",42.487593,-70.15569,107,109,109,05-NOV-15,"05:00:58",42.505,70.1417,78,05-NOV-15,"03:14","0240","SBE-911+","W",11.6,32.503,10.16,33.259,29,1.22,"1.78",0,6.9,74
"2015006HB","HB1506","2015","201504012600010426","Non-Representative",9029,"10",42.493837,-70.124985,80,81,81,05-NOV-15,"03:43:34",42.505,70.1417,78,05-NOV-15,"03:14","0240","SBE-911+","W",11.6,32.503,10.16,33.259,2,1,".49",1,6.9,74
"2015006HB","HB1506","2015","201504012600060428","Representative",9026,"10",42.40684,-70.056942,87,89,89,05-NOV-15,"06:49:35",42.42,70.0533,84,05-NOV-15,"06:17","0241","SBE-911+","W",11.81,32.51,9.57,33.273,3,0.81,".54",1,6.9,79
"2015006HB","HB1506","2015","201504012600020429","Representative",9028,"10",42.291403,-70.369642,88,90,89,05-NOV-15,"09:35:41",42.275,70.3667,87,05-NOV-15,"09:08","0242","SBE-911+","W",12.18,32.151,9.44,32.463,1,0.99,".46",1,6.5,82
"2015006HB","HB1506","2015","201504036500050430","Representative",10252,"10",42.219562,-70.555493,37,40,36,05-NOV-15,"13:14:05",42.2317,70.5567,36,05-NOV-15,"12:34","0243","SBE-911+","W",12.92,31.949,11.39,32.296,1,0.73,".67",1,7.2,28
"2015006HB","HB1506","2015","201504036100030431","Representative",8927,"10",42.15828,-70.474595,59,62,60,05-NOV-15,"14:53:45",42.145,70.48,57,05-NOV-15,"14:21","0244","SBE-911+","W",12.94,31.963,11.05,32.498,2,0.83,".55",1,7,53
"2015006HB","HB1506","2015","201504035900030432","Representative",10034,"10",41.788798,-70.408035,22,24,23,05-NOV-15,"18:54:54",41.78,70.4133,21,05-NOV-15,"18:24","0245","SBE-911+","W",13.46,31.764,13.11,31.907,1,0.58,".51",1,7.3,18
"2016001HB","HB1601","2016","201602031400040014","Representative",10445,"10",40.476493,-73.8246,24,23,24,08-APR-16,"16:52:02",40.4783,73.81,26,08-APR-16,"16:02","0001","SBE-911+","V",7.45,31.751,7.43,32.697,2,0.68,".83",1,9.2,24
"2016001HB","HB1601","2016","201602031400010015","Representative",10446,"10",40.430917,-73.76388,29,28,29,08-APR-16,"18:38:55",40.445,73.7717,28,08-APR-16,"18:14","0002","SBE-911+","V",7.58,31.677,7.52,32.888,1,0.92,".42",1,9,25
"2016001HB","HB1601","2016","201602031400020016","Representative",10447,"10",40.33101,-73.878633,23,21,22,08-APR-16,"21:05:47",40.3283,73.8633,25,08-APR-16,"20:31","0003","SBE-911+","V",7.72,31.455,7.56,32.938,2,0.72,".58",1,9.3,24
"2016001HB","HB1601","2016","201602031700030017","Representative",10448,"10",40.025285,-73.949248,23,23,23,09-APR-16,"00:05:06",40.02,73.9617,22,08-APR-16,"23:30","0004","SBE-911+","W",7.28,32.493,7.41,32.759,1,0.66,".59",1,9.2,21
"2016001HB","HB1601","2016","201602017300050024","Representative",10635,"10",39.154557,-73.770805,37,37,37,09-APR-16,"16:19:29",39.1633,73.7633,37,09-APR-16,"16:03","0005","SBE-911+","V",8.58,33.172,8.6,33.335,0,0.63,".27",1,9.1,35
"2016001HB","HB1601","2016","201602032000020025","Representative",10451,"10",39.427257,-73.965468,24,24,24,09-APR-16,"19:00:53",39.4267,73.95,26,09-APR-16,"18:28","0006","SBE-911+","V",8.13,32.465,8.08,32.607,2,0.72,".55",1,9.1,24
"2016001HB","HB1601","2016","201602032000040027","Representative",10453,"10",39.344735,-74.04735,24,26,25,09-APR-16,"21:58:57",39.3483,74.06,25,09-APR-16,"21:26","0007","SBE-911+","V",8.22,32.288,8.23,32.58,1,0.63,".55",1,9,22
"2016001HB","HB1601","2016","201602017300030028","Representative",10632,"10",39.10497,-74.08081,30,30,30,10-APR-16,"00:16:56",39.115,74.06,32,09-APR-16,"23:35","0008","SBE-911+","V",8.42,32.816,8.4,33.114,2,1.14,".7",1,9.1,31
"2016001HB","HB1601","2016","201602032000030029","Representative",10454,"10",39.186962,-74.34605,21,22,21,10-APR-16,"02:39:11",39.1933,74.3267,20,10-APR-16,"02:12","0009","SBE-911+","W",8.56,32.398,8.57,32.4,1,0.98,".45",1,9.1,17
"2016001HB","HB1601","2016","201602032300020030","Representative",10457,"10",39.166,-74.3925,22,22,22,10-APR-16,"03:46:32",39.17,74.38,24,10-APR-16,"03:17","0010","SBE-911+","V",8.46,32.539,8.47,32.545,2,0.63,".49",1,9.1,22
"2016001HB","HB1601","2016","201602032300030031","Representative",10455,"10",39.076825,-74.361365,29,24,26,10-APR-16,"05:29:54",39.17,74.3467,25,10-APR-16,"05:07","0011","SBE-911+","V",8.37,32.787,8.37,32.795,4,5.64,".38",0,9.1,24
"2016001HB","HB1601","2016","201602032300010032","Representative",10456,"10",39.0862,-74.52247,18,21,20,10-APR-16,"07:12:09",39.0833,74.5333,20,10-APR-16,"06:35","0012","SBE-911+","V",8.46,32.535,8.47,32.535,2,0.53,".62",1,9,16
"2016001HB","HB1601","2016","201602032600010035","Representative",10717,"10",38.851308,-74.729247,18,19,18,10-APR-16,"12:56:46",38.8483,74.7367,17,10-APR-16,"12:25","0013","SBE-911+","V",8.62,32.212,8.62,32.218,1,0.39,".53",1,9.2,12
"2016001HB","HB1601","2016","201602032600030036","Representative",10718,"10",38.736208,-74.804902,20,20,21,10-APR-16,"14:44:15",38.7467,74.805,19,10-APR-16,"14:18","0014","SBE-911+","V",8.55,32.37,8.53,32.372,1,0.63,".44",1,9.2,14
"2016001HB","HB1601","2016","201602016900050037","Representative",10628,"10",38.72884,-74.719378,20,19,19,10-APR-16,"16:10:28",38.7383,74.7233,18,10-APR-16,"15:34","0015","SBE-911+","V",8.61,32.606,8.49,32.701,2,0.6,".61",1,9.3,17
"2016001HB","HB1601","2016","201602016900070038","Representative",10625,"10",38.633185,-74.674802,26,27,26,10-APR-16,"17:27:12",38.645,74.675,26,10-APR-16,"17:08","0016","SBE-911+","V",8.6,33.113,8.44,33.116,0,0.71,".32",1,9.2,24
"2016001HB","HB1601","2016","201602032600020040","Representative",10716,"10",38.577217,-74.834072,25,23,24,10-APR-16,"20:41:54",38.5867,74.83,26,10-APR-16,"20:17","0017","SBE-911+","V",9.05,32.18,8.67,32.325,1,0.6,".42",1,9.1,25
"2016001HB","HB1601","2016","201602032900010041","Representative",10719,"10",38.474853,-74.880708,18,17,17,10-APR-16,"21:58:45",38.4833,74.8733,19,10-APR-16,"21:27","0018","SBE-911+","V",9.04,31.934,8.74,32.163,1,0.62,".53",1,9.1,17
"2016001HB","HB1601","2016","201602016900030043","Representative",10626,"10",38.372108,-74.661038,33,32,33,11-APR-16,"01:05:22",38.3817,74.6633,33,11-APR-16,"00:29","0019","SBE-911+","W",9.09,33.333,8.85,33.33,0,0.59,".61",1,9.1,32
"2016001HB","HB1601","2016","201602032900030044","Representative",10721,"10",38.266577,-74.906997,20,23,23,11-APR-16,"03:50:38",38.2717,74.9017,21,11-APR-16,"03:19","0020","SBE-911+","V",9.09,32.565,8.89,32.652,1,0.4,".53",1,9.1,16
"2016001HB","HB1601","2016","201602017200020047","Representative",10708,"10",37.875553,-74.015252,253,249,253,11-APR-16,"11:42:22",37.9,74,244,11-APR-16,"11:02","0021","SBE-911+","V",11.58,34.53,10.99,35.406,9,1.64,".67",1,4.4,242
"2016001HB","HB1601","2016","201602017000010049","Representative",10700,"10",37.800935,-74.409205,63,63,63,11-APR-16,"17:33:53",37.7767,74.4267,64,11-APR-16,"16:09","0022","SBE-911+","V",10.35,34.079,10.17,34.079,1,1.68,"1.41",1,8.5,61
"2016001HB","HB1601","2016","201602017000030050","Representative",10702,"10",37.744423,-74.307308,92,93,92,11-APR-16,"19:17:29",37.76,74.3017,93,11-APR-16,"18:32","0023","SBE-911+","V",10.31,34.025,11.68,34.776,1,0.97,".76",1,7.7,91
"2016001HB","HB1601","2016","201602017100020051","Representative",10705,"10",37.578403,-74.324797,116,115,114,11-APR-16,"21:10:03",37.5883,74.3167,116,11-APR-16,"20:29","0024","SBE-911+","V",18.28,36.067,13.36,35.611,0,0.71,".68",1,6.8,115
"2016001HB","HB1601","2016","201602016600030052","Representative",10695,"10",37.403092,-74.535533,96,96,96,11-APR-16,"23:21:57",37.4183,74.5267,95,11-APR-16,"23:01","0025","SBE-911+","V",10.62,34.142,12.67,35.26,1,1.01,".35",1,6.6,94
"2016001HB","HB1601","2016","201602016800010053","Representative",10623,"10",37.267453,-74.495,268,274,266,12-APR-16,"01:13:07",37.2917,74.4917,239,12-APR-16,"00:23","0026","SBE-911+","W",10.89,34.245,11.01,35.409,29,1.46,".84",1,4.4,238
"2016001HB","HB1601","2016","201602016600020055","Representative",10694,"10",37.217527,-74.785223,60,60,60,12-APR-16,"05:36:04",37.235,74.7767,60,12-APR-16,"05:04","0027","SBE-911+","V",10.29,34.098,10.3,34.149,0,1.13,".53",1,8.6,54
"2016001HB","HB1601","2016","201602016500050058","Representative",10692,"10",37.168298,-74.997168,39,42,40,12-APR-16,"11:39:24",37.1783,75.01,38,12-APR-16,"11:13","0028","SBE-911+","V",10.34,33.707,10.11,33.933,1,0.86,".44",1,8.8,33
"2016001HB","HB1601","2016","201602016600010059","Representative",10693,"10",36.976972,-74.798593,61,60,60,12-APR-16,"13:46:12",36.985,74.8083,59,12-APR-16,"13:17","0029","SBE-911+","V",10.8,34.262,11.5,34.501,2,0.67,".49",1,8.1,58
"2016001HB","HB1601","2016","201602016800030060","Representative",10622,"10",36.868178,-74.640553,241,222,235,12-APR-16,"15:54:00",36.8917,74.6317,228,12-APR-16,"15:11","0030","SBE-911+","V",12.13,34.619,10.79,35.386,13,1.48,".72",1,4.4,227
"2016001HB","HB1601","2016","201602016700020061","Representative",10698,"10",36.785435,-74.66517,132,131,132,12-APR-16,"17:36:30",36.7683,74.6617,166,12-APR-16,"17:05","0031","SBE-911+","V",12.05,34.551,12.15,35.538,34,1.04,".53",0,5.2,157
"2016001HB","HB1601","2016","201602016800020062","Representative",10624,"10",36.7168,-74.662817,284,290,279,12-APR-16,"19:31:49",36.745,74.6583,226,12-APR-16,"18:31","0032","SBE-911+","V",11.51,34.382,10.31,35.336,58,1.71,"1.01",0,4.7,222
"2016001HB","HB1601","2016","201602016700030063","Representative",10696,"10",36.666908,-74.696003,175,170,174,12-APR-16,"21:07:41",36.685,74.6767,305,12-APR-16,"20:17","0033","SBE-911+","V",12.36,34.586,9.37,35.242,130,1.43,".84",0,4.5,300
"2016001HB","HB1601","2016","201602016100020064","Representative",10681,"10",36.373845,-74.902405,45,46,46,12-APR-16,"23:44:02",36.3867,74.9017,42,12-APR-16,"23:17","0034","SBE-911+","V",17.95,35.948,16.27,35.694,3,0.77,".45",1,6.5,40
"2016001HB","HB1601","2016","201602016400030065","Representative",10619,"10",36.334112,-74.77408,237,229,235,13-APR-16,"01:29:33",36.36,74.785,118,13-APR-16,"00:34","0035","SBE-911+","W",18.51,36.114,15.22,35.845,119,1.64,".93",0,5.3,115
"2016001HB","HB1601","2016","201602016200020066","Representative",10684,"10",36.238982,-74.881825,77,78,78,13-APR-16,"03:24:39",36.2567,74.875,79,13-APR-16,"03:01","0036","SBE-911+","V",16.87,35.569,15.12,35.572,2,1.11,".39",1,6.4,74
"2016001HB","HB1601","2016","201602016400010067","Representative",10621,"10",36.245667,-74.77841,198,203,202,13-APR-16,"05:31:22",36.2617,74.7917,121,13-APR-16,"05:00","0037","SBE-911+","V",19.11,36.249,14.68,35.738,77,1.16,".52",0,5.5,117
"2016001HB","HB1601","2016","201602016300010068","Representative",10618,"10",36.203365,-74.799693,116,117,117,13-APR-16,"06:56:12",36.22,74.8,115,13-APR-16,"06:19","0038","SBE-911+","V",15.67,35.387,15.07,35.636,1,1,".62",1,6,109
"2016001HB","HB1601","2016","201602016300020069","Non-Representative",10617,"10",36.013185,-74.801712,177,175,176,13-APR-16,"10:01:52",35.9817,74.8067,152,13-APR-16,"09:05","0039","SBE-911+","V",18.46,36.018,14.82,35.833,25,1.91,".95",1,5.2,146
"2016001HB","HB1601","2016","201602016200030070","Representative",10685,"10",35.846332,-74.925327,76,77,76,13-APR-16,"14:35:42",35.83,74.9267,73,13-APR-16,"14:08","0040","SBE-911+","V",13.46,34.421,13.83,35.043,3,0.98,".46",1,6.8,66
"2016001HB","HB1601","2016","201602034100040071","Non-Representative",10730,"10",35.824135,-75.323378,33,33,33,13-APR-16,"17:39:27",35.8117,75.32,35,13-APR-16,"17:13","0041","SBE-911+","V",13.02,33.426,13.03,33.428,2,0.76,".44",1,8.2,31
"2016001HB","HB1601","2016","201602034400010072","Representative",10734,"10",35.706252,-75.325533,23,26,25,13-APR-16,"19:24:37",35.695,75.3317,25,13-APR-16,"19:04","0042","SBE-911+","V",13.62,33.277,13.63,33.278,2,0.74,".34",1,8.2,21
"2016001HB","HB1601","2016","201602034400040073","Representative",10735,"10",35.518808,-75.225642,32,32,32,13-APR-16,"21:47:19",35.51,75.23,33,13-APR-16,"21:19","0043","SBE-911+","V",16.92,35.098,16.99,35.126,1,0.57,".47",1,7.5,29
"2016001HB","HB1601","2016","201602034400030074","Representative",10733,"10",35.467202,-75.24636,29,31,31,13-APR-16,"23:33:09",35.4567,75.2467,30,13-APR-16,"23:10","0044","SBE-911+","V",17.1,35.179,17.12,35.172,1,0.63,".39",1,7.5,25
"2016001HB","HB1601","2016","201602085300030077","Representative",10747,"10",35.331795,-74.921418,186,191,194,14-APR-16,"05:54:28",35.3183,74.945,161,14-APR-16,"05:08","0046","SBE-911+","V",22.41,36.439,16.58,36.128,25,1.41,".77",1,5,158
"2016001HB","HB1601","2016","201602085100040078","Non-Representative",10808,"10",35.070617,-75.32044,70,67,69,14-APR-16,"10:49:40",35.0533,75.33,67,14-APR-16,"10:14","0047","SBE-911+","V",22.11,36.429,16.84,35.061,3,1.14,".59",1,7.5,61
"2016001HB","HB1601","2016","201602085300010080","Representative",10748,"10",34.974142,-75.252045,331,343,338,14-APR-16,"14:24:05",34.9417,75.285,323,14-APR-16,"13:25","0048","SBE-911+","V",24.64,36.435,11.05,35.407,8,2.53,".98",1,4.2,322
"2016001HB","HB1601","2016","201602085200010081","Representative",10745,"10",34.915618,-75.375548,156,158,157,14-APR-16,"17:08:31",34.9017,75.3917,155,14-APR-16,"16:25","0049","SBE-911+","V",23.43,36.454,17.62,36.279,1,1.15,".73",1,4.6,151
"2016001HB","HB1601","2016","201602085100030082","Representative",11939,"10",34.911035,-75.484448,68,65,66,14-APR-16,"18:52:07",34.8983,75.4867,72,14-APR-16,"18:19","0050","SBE-911+","V",23.06,36.438,20.28,36.377,4,0.77,".55",1,5.5,67
"2016001HB","HB1601","2016","201602085200020083","Representative",10744,"10",34.760523,-75.548438,137,133,136,14-APR-16,"21:05:29",34.7467,75.5633,137,14-APR-16,"20:23","0051","SBE-911+","V",22.07,36.423,17.61,36.307,0,1.11,".71",1,4.6,132
"2016001HB","HB1601","2016","201602085100010084","Representative",10806,"10",34.724385,-75.638433,68,71,69,14-APR-16,"22:45:27",34.715,75.6483,71,14-APR-16,"22:16","0052","SBE-911+","V",22.02,36.427,21.18,36.402,3,0.75,".49",1,6.1,65
"2016001HB","HB1601","2016","201602075200010085","Representative",10802,"10",34.922513,-75.791008,28,29,28,15-APR-16,"01:04:32",34.9133,75.7983,28,15-APR-16,"00:29","0053","SBE-911+","W",21.37,36.421,21.36,36.422,0,0.66,".59",1,6.9,25
"2016001HB","HB1601","2016","201602075200030086","Representative",10801,"10",34.94973,-75.826172,26,24,25,15-APR-16,"02:37:30",34.94,75.8317,25,15-APR-16,"02:13","0054","SBE-911+","V",20.66,36.329,20.67,36.327,1,0.64,".41",1,7,22
"2016001HB","HB1601","2016","201602016100030087","Representative",10680,"10",36.162713,-75.290965,35,35,35,15-APR-16,"13:14:06",36.155,75.2917,36,15-APR-16,"12:35","0055","SBE-911+","V",11.87,33.853,11.84,33.862,1,0.46,".65",1,8.6,27
"2016001HB","HB1601","2016","201602016100010088","Representative",10682,"10",36.275243,-75.208402,34,35,34,15-APR-16,"15:09:09",36.265,75.2117,32,15-APR-16,"14:22","0056","SBE-911+","V",11.28,33.447,11.28,33.464,2,0.64,".79",1,8.7,24
"2016001HB","HB1601","2016","201602034100020089","Representative",10728,"10",36.1713,-75.566892,24,24,25,15-APR-16,"17:50:31",36.16,75.5683,25,15-APR-16,"17:21","0057","SBE-911+","V",10.75,32.662,10.74,32.662,1,0.68,".49",1,8.9,22
"2016001HB","HB1601","2016","201602034100050090","Representative",10731,"10",36.255728,-75.567235,27,27,28,15-APR-16,"19:05:37",36.2467,75.5717,28,15-APR-16,"18:31","0058","SBE-911+","V",10.89,32.803,10.87,32.823,1,0.58,".58",1,8.8,25
"2016001HB","HB1601","2016","201602016100060091","Representative",11944,"10",36.358048,-75.492475,32,32,32,15-APR-16,"20:37:52",36.3467,75.5,29,15-APR-16,"20:14","0059","SBE-911+","V",11.04,33.004,11.04,33.01,3,0.77,".4",1,8.7,27
"2016001HB","HB1601","2016","201602016100050092","Representative",10679,"10",36.458492,-75.502913,29,30,30,15-APR-16,"21:58:12",36.4517,75.51,28,15-APR-16,"21:28","0060","SBE-911+","V",10.93,32.553,10.94,32.837,1,0.53,".5",1,8.8,25
"2016001HB","HB1601","2016","201602034100010095","Representative",10729,"10",36.48081,-75.673237,21,23,23,16-APR-16,"02:46:15",36.4733,75.66,23,16-APR-16,"02:19","0061","SBE-911+","V",10.85,32.15,10.87,32.18,2,0.78,".45",1,8.8,18
"2016001HB","HB1601","2016","201602033800020096","Representative",10459,"10",36.571105,-75.670078,23,22,23,16-APR-16,"04:14:41",36.5633,75.6633,24,16-APR-16,"03:34","0062","SBE-911+","V",10.71,32.288,10.73,32.325,1,0.57,".68",1,8.9,18
"2016001HB","HB1601","2016","201602033800010097","Representative",10460,"10",36.645967,-75.735835,22,21,21,16-APR-16,"05:54:37",36.6383,75.7417,22,16-APR-16,"05:24","0063","SBE-911+","V",10.65,31.809,10.71,31.989,0,0.54,".51",1,8.9,20
"2016001HB","HB1601","2016","201602016500030098","Representative",10686,"10",36.801642,-75.604188,22,23,23,16-APR-16,"07:41:50",36.8,75.6133,22,16-APR-16,"07:17","0064","SBE-911+","V",10.71,32.96,10.72,32.971,0,0.45,".41",1,8.8,16
"2016001HB","HB1601","2016","201602033500020100","Representative",10725,"10",37.249532,-75.523467,23,23,23,17-APR-16,"22:08:27",37.24,75.53,24,17-APR-16,"21:33","0065","SBE-911+","V",10.24,32.917,10.2,32.914,1,0.65,".59",1,9,20
"2016001HB","HB1601","2016","201602033200010104","Representative",10723,"10",37.736738,-75.25882,25,23,24,18-APR-16,"04:13:45",37.73,75.2683,25,18-APR-16,"04:00","0066","SBE-911+","V",10.07,32.693,10.11,32.74,0,0.61,".23",1,9,19
"2016001HB","HB1601","2016","201602017200010108","Representative",10707,"10",38.268933,-73.625465,250,248,252,18-APR-16,"17:12:11",38.2617,73.6383,260,18-APR-16,"16:13","0067","SBE-911+","V",11.49,34.543,13.27,35.52,10,0.75,".99",1,6.5,256
"2016001HB","HB1601","2016","201602017200030109","Representative",10709,"10",38.382295,-73.436345,252,257,253,18-APR-16,"19:49:36",38.38,73.4717,335,18-APR-16,"18:32","0068","SBE-911+","V",11.43,34.469,11.54,35.46,83,1.67,"1.29",0,4.7,325
"2016001HB","HB1601","2016","201602017100030110","Representative",10706,"10",38.401762,-73.63875,111,112,111,18-APR-16,"21:56:15",38.405,73.6133,114,18-APR-16,"21:20","0069","SBE-911+","V",11.95,34.533,12.33,35.068,3,1.21,".6",1,7.3,113
"2016001HB","HB1601","2016","201602017000040111","Representative",10699,"10",38.457202,-73.791515,66,69,67,18-APR-16,"23:32:47",38.45,73.8,66,18-APR-16,"23:10","0070","SBE-911+","V",8.52,33.327,9.31,33.689,0,0.59,".38",1,9,62
"2016001HB","HB1601","2016","201602017600030115","Representative",10714,"10",38.56463,-73.211915,283,276,285,19-APR-16,"07:10:51",38.545,73.2367,297,19-APR-16,"06:16","0071","SBE-911+","V",10.39,34.09,10.93,35.396,14,1.66,".91",1,4.2,296
"2016001HB","HB1601","2016","201602017500030117","Representative",10712,"10",38.72427,-73.111888,140,140,140,19-APR-16,"10:45:17",38.705,73.1233,139,19-APR-16,"10:08","0072","SBE-911+","V",12.44,34.79,13.04,35.402,1,1.27,".62",1,6.8,138
"2016001HB","HB1601","2016","201602017600020118","Representative",10713,"10",38.744372,-73.04578,215,212,215,19-APR-16,"12:33:15",38.7233,73.055,218,19-APR-16,"11:32","0073","SBE-911+","V",13.53,35.501,13.05,35.595,3,1.34,"1.02",1,5.8,211
"2016001HB","HB1601","2016","201602017400010119","Representative",10640,"10",38.875157,-73.250498,79,79,79,19-APR-16,"14:49:06",38.865,73.255,80,19-APR-16,"14:17","0074","SBE-911+","V",9.16,33.308,10.52,34.308,1,0.65,".54",1,7.9,73
"2016001HB","HB1601","2016","201602017400040120","Representative",10639,"10",38.970233,-73.429033,62,60,61,19-APR-16,"16:46:15",38.9583,73.4333,63,19-APR-16,"16:16","0075","SBE-911+","V",9.07,33.135,8.22,33.279,1,0.74,".5",1,9.2,58
"2016001HB","HB1601","2016","201602017500020122","Representative",10710,"10",39.059118,-72.845075,109,110,110,19-APR-16,"22:43:43",39.045,72.855,108,19-APR-16,"22:13","0076","SBE-911+","V",11.83,34.559,13.05,35.33,1,0.97,".51",1,7.4,104
"2016001HB","HB1601","2016","201602017400030123","Representative",10638,"10",39.080798,-72.886927,86,87,87,20-APR-16,"00:03:00",39.0667,72.8917,88,19-APR-16,"23:26","0077","SBE-911+","V",11.44,34.455,12.41,35.035,2,0.88,".62",1,7.7,83
"2016001HB","HB1601","2016","201602017400020124","Representative",10641,"10",39.30811,-72.959698,64,65,65,20-APR-16,"02:11:01",39.3033,72.9767,65,20-APR-16,"01:32","0078","SBE-911+","W",8.82,33.276,10.22,34.108,1,0.84,".65",1,8.6,60
"2016001HB","HB1601","2016","201602010400020125","Representative",10770,"10",39.146452,-72.630168,198,201,200,20-APR-16,"04:55:05",39.14,72.6533,209,20-APR-16,"04:12","0079","SBE-911+","V",11.71,34.641,13.3,35.583,11,1.15,".72",1,6.4,206
"2016001HB","HB1601","2016","201602010300040126","Representative",10766,"10",39.269043,-72.423313,169,171,170,20-APR-16,"07:05:51",39.2567,72.4467,170,20-APR-16,"06:19","0080","SBE-911+","V",13.98,35.59,13.56,35.55,1,1.32,".78",1,7,165
"2016001HB","HB1601","2016","201602010300030127","Representative",10768,"10",39.352395,-72.428815,141,140,140,20-APR-16,"09:08:07",39.3233,72.4617,139,20-APR-16,"08:07","0081","SBE-911+","V",13.51,35.448,13.45,35.516,2,2.32,"1.02",1,6.9,135
"2016001HB","HB1601","2016","201602010200050129","Representative",10760,"10",39.845748,-72.617082,60,60,60,20-APR-16,"15:37:32",39.8483,72.63,60,20-APR-16,"15:13","0082","SBE-911+","V",7.98,32.73,8.79,33.556,0,0.62,".41",1,8.8,53
"2016001HB","HB1601","2016","201602010200010130","Representative",10759,"10",39.781137,-72.49629,72,71,72,20-APR-16,"17:10:26",39.7783,72.5117,68,20-APR-16,"16:29","0083","SBE-911+","V",8.78,33.236,10.48,34.21,4,0.73,".69",1,8.3,63
"2016001HB","HB1601","2016","201602010200080131","Representative",10758,"10",39.886962,-72.350077,78,79,79,20-APR-16,"19:00:08",39.8967,72.3583,80,20-APR-16,"18:25","0084","SBE-911+","V",8.69,33.151,10.48,34.206,2,0.7,".59",1,8.3,77
"2016001HB","HB1601","2016","201602010400010133","Representative",10771,"10",39.519267,-72.261833,214,240,209,20-APR-16,"23:27:22",39.5233,72.2867,192,21-APR-16,"00:14","0085","SBE-911+","W",11.8,34.701,13.08,35.611,22,1.18,".78",1,5.8,190
"2016001HB","HB1601","2016","201602010300020134","Representative",10765,"10",39.543218,-72.189335,152,153,153,21-APR-16,"01:27:13",39.5367,72.2133,152,21-APR-16,"01:01","0086","SBE-911+","V",12.51,34.98,13.39,35.591,0,1.18,".44",1,6.4,149
"2016001HB","HB1601","2016","201602010400030135","Representative",10769,"10",39.525295,-72.13604,236,244,241,21-APR-16,"02:57:53",39.545,72.12,233,21-APR-16,"02:15","0087","SBE-911+","V",11.91,34.732,12.11,35.541,3,1.4,".71",1,5,232
"2016001HB","HB1601","2016","201602010600070139","Representative",10781,"10",40.166722,-71.785032,80,82,81,21-APR-16,"11:43:49",40.1583,71.7967,83,21-APR-16,"11:15","0088","SBE-911+","V",8.55,33.273,8.64,33.521,3,0.74,".48",1,9,78
"2016001HB","HB1601","2016","201602010800010141","Representative",10790,"10",39.964083,-71.393047,202,208,204,21-APR-16,"17:18:50",39.9583,71.42,190,21-APR-16,"16:29","0089","SBE-911+","V",10.26,33.983,13.28,35.579,12,1.29,".83",1,6.1,188
"2016001HB","HB1601","2016","201602010800020142","Representative",10791,"10",39.98825,-71.251515,290,286,288,21-APR-16,"19:23:53",39.9933,71.2217,294,21-APR-16,"18:27","0090","SBE-911+","V",11.47,34.403,9.58,35.259,4,1.41,".95",1,4.4,290
"2016001HB","HB1601","2016","201602010600040143","Representative",10780,"10",40.227062,-71.209902,101,105,104,21-APR-16,"21:59:20",40.2183,71.2283,102,21-APR-16,"21:23","0091","SBE-911+","V",8.67,33.323,9.84,34.078,1,0.99,".61",1,8,101
"2016001HB","HB1601","2016","201602010500010146","Representative",10772,"10",40.794755,-72.018302,42,42,42,07-MAY-16,"00:55:07",40.8,72.0317,42,07-MAY-16,"00:22","0092","SBE-911+","V",8.49,32.373,8.42,32.411,0,0.69,".55",1,9,37
"2016001HB","HB1601","2016","201602010100020154","Representative",10755,"10",40.314287,-72.882545,48,47,47,07-MAY-16,"11:57:39",40.3233,72.8733,49,07-MAY-16,"11:25","0093","SBE-911+","V",8.42,32.212,8.26,32.587,1,0.69,".54",1,9.1,46
"2016001HB","HB1601","2016","201602010100050155","Representative",10754,"10",40.161635,-73.126805,45,45,46,07-MAY-16,"13:58:32",40.17,73.12,45,07-MAY-16,"13:26","0094","SBE-911+","V",8.39,32.655,7.86,32.617,0,0.59,".54",1,8.6,42
"2016001HB","HB1601","2016","201602010100010157","Representative",10750,"10",39.805443,-73.332482,43,44,42,07-MAY-16,"17:53:56",39.7967,73.3217,42,07-MAY-16,"17:23","0095","SBE-911+","V",9.56,32.662,9.24,32.675,1,0.72,".52",1,8.8,35
"2016001HB","HB1601","2016","201602031100020159","Representative",10444,"10",40.382057,-73.592213,25,25,25,07-MAY-16,"22:50:08",40.37,73.5983,25,07-MAY-16,"22:20","0096","SBE-911+","V",10.04,31.757,9.47,31.987,0,0.78,".5",1,8.9,23
"2016001HB","HB1601","2016","201602031100010160","Representative",10443,"10",40.501302,-73.39067,24,24,24,08-MAY-16,"00:32:52",40.5017,73.3817,25,08-MAY-16,"00:12","0097","SBE-911+","V",9.49,31.763,9.06,31.801,1,0.41,".35",1,9.1,19
"2016001HB","HB1601","2016","201602030800020161","Representative",10441,"10",40.578902,-73.173867,23,26,24,08-MAY-16,"02:11:42",40.5733,73.1867,24,08-MAY-16,"01:35","0098","SBE-911+","V",9.22,31.665,8.95,31.653,1,0.68,".61",1,9.1,18
"2016001HB","HB1601","2016","201602030800030162","Representative",10440,"10",40.58207,-72.956993,26,28,27,08-MAY-16,"03:54:05",40.5783,72.97,25,08-MAY-16,"03:23","0099","SBE-911+","W",8.79,31.413,8.66,31.608,1,0.64,".52",1,9.1,23
"2016001HB","HB1601","2016","201602010100070163","Representative",10756,"10",40.701965,-72.627573,31,31,31,08-MAY-16,"09:27:07",40.6833,72.65,33,08-MAY-16,"05:31","0100","SBE-911+","W",8.86,31.187,8.5,31.734,2,1.52,"3.94",1,9,31
"2016001HB","HB1601","2016","201602030500030164","Representative",10437,"10",40.873642,-72.232607,28,28,28,08-MAY-16,"12:08:03",40.8683,72.245,28,08-MAY-16,"11:32","0101","SBE-911+","V",8.87,31.23,8.58,32.211,0,0.65,".6",1,8.9,26
"2016001HB","HB1601","2016","201602030500020165","Representative",10438,"10",40.912538,-72.16691,24,23,23,08-MAY-16,"13:10:20",40.9067,72.1767,23,08-MAY-16,"12:34","0102","SBE-911+","W",8.89,31.207,8.59,32.136,1,0.57,".61",1,8.9,21
"2016001HB","HB1601","2016","201602030200010166","Representative",10645,"10",40.94109,-71.95958,29,30,30,08-MAY-16,"14:38:38",40.9367,71.9733,30,08-MAY-16,"14:16","0103","SBE-911+","V",8.81,31.829,8.65,32.142,1,0.68,".38",1,8.9,29
"2016001HB","HB1601","2016","201602030200030167","Representative",10644,"10",41.009188,-71.805488,28,31,29,08-MAY-16,"16:12:25",41.0033,71.8317,28,08-MAY-16,"15:32","0104","SBE-911+","V",8.84,31.494,8.76,31.862,0,1.24,".67",1,8.9,22
"2016001HB","HB1601","2016","201602034500040169","Non-Representative",10739,"10",41.122722,-71.531183,28,25,27,08-MAY-16,"19:52:02",41.125,71.5483,25,08-MAY-16,"19:16","0105","SBE-911+","V",8.93,32.11,8.66,32.194,3,0.79,".6",1,8.9,19
"2016001HB","HB1601","2016","201602034500020170","Representative",10739,"10",41.153425,-71.507533,27,30,29,08-MAY-16,"21:48:52",41.125,71.5483,25,08-MAY-16,"19:16","0105","SBE-911+","V",8.93,32.11,8.66,32.194,2,2.51,"2.55",1,8.9,19
"2016001HB","HB1601","2016","201602010900050172","Representative",10796,"10",40.82387,-70.492758,56,55,55,09-MAY-16,"03:48:05",40.8333,70.505,56,09-MAY-16,"03:19","0106","SBE-911+","V",7.81,32.569,7.73,32.714,0,0.79,".48",1,9.1,53
"2016001HB","HB1601","2016","201602010900030173","Representative",10795,"10",40.88857,-70.188145,33,33,33,09-MAY-16,"06:04:02",40.8817,70.1817,33,09-MAY-16,"05:28","0107","SBE-911+","W",8.14,32.358,8.07,32.485,0,0.51,".6",1,9.3,30
"2016001HB","HB1601","2016","201602034600010175","Representative",10741,"10",41.0755,-70.149,25,25,25,09-MAY-16,"09:04:18",41.0717,70.1333,24,09-MAY-16,"08:31","0108","SBE-911+","V",8.26,32.006,8.27,32.015,1,0.75,".56",1,9.6,22
"2016001HB","HB1601","2016","201602034600020176","Representative",10740,"10",41.156542,-70.246078,27,26,26,09-MAY-16,"10:20:37",41.1467,70.24,27,09-MAY-16,"10:04","0109","SBE-911+","V",8.27,31.94,8.28,31.944,0,0.65,".28",1,9.4,24
"2016001HB","HB1601","2016","201602034500050178","Non-Representative",10737,"10",41.407293,-71.14251,22,21,22,09-MAY-16,"19:00:58",41.405,71.155,20,09-MAY-16,"18:29","0110","SBE-911+","V",10.09,31.87,9.43,32.019,2,0.58,".53",1,8.6,16
"2016001HB","HB1601","2016","201602034500030179","Representative",10737,"10",41.362945,-71.098053,23,24,23,09-MAY-16,"20:19:33",41.405,71.155,20,09-MAY-16,"18:29","0110","SBE-911+","V",10.09,31.87,9.43,32.019,3,3.6,"1.84",0,8.6,16
"2016001HB","HB1601","2016","201602010500020180","Representative",10774,"10",41.323543,-70.93292,32,32,32,09-MAY-16,"22:14:37",41.3317,70.915,34,09-MAY-16,"21:32","0111","SBE-911+","V",9.54,32.056,8.52,32.25,2,0.95,".71",1,8.3,33
"2016001HB","HB1601","2016","201602010600030181","Representative",10779,"10",40.749195,-70.916325,62,63,62,10-MAY-16,"02:18:49",40.76,70.91,60,10-MAY-16,"02:01","0112","SBE-911+","V",8.17,32.692,6.92,32.725,2,0.71,".3",1,8.1,56
"2016001HB","HB1601","2016","201602010700030184","Representative",10787,"10",40.27464,-70.911268,117,116,117,10-MAY-16,"08:15:55",40.27,70.935,117,10-MAY-16,"07:28","0113","SBE-911+","V",8.58,33.031,13.22,35.437,0,1.12,".8",1,6.2,114
"2016001HB","HB1601","2016","201602010700020185","Representative",10785,"10",40.162508,-70.86347,133,134,134,10-MAY-16,"10:09:54",40.17,70.8833,134,10-MAY-16,"09:23","0114","SBE-911+","V",10.06,33.775,12.66,35.564,1,1.02,".78",1,5.5,133
"2016001HB","HB1601","2016","201602010800030186","Representative",10789,"10",40.03167,-70.900058,228,231,230,10-MAY-16,"12:14:21",40.035,70.9167,224,10-MAY-16,"11:25","0115","SBE-911+","W",9.02,33.229,12.36,35.563,4,0.79,".82",1,4.9,223
"2016001HB","HB1601","2016","201602011100020188","Representative",10477,"10",40.103853,-70.429917,125,126,126,10-MAY-16,"16:30:00",40.1033,70.4083,125,10-MAY-16,"16:04","0116","SBE-911+","V",8.79,33.02,13.05,35.616,0,0.99,".43",1,5.8,119
"2016001HB","HB1601","2016","201602011200040189","Non-Representative",10480,"10",40.005737,-70.109768,176,175,175,10-MAY-16,"19:10:13",40.0183,70.1267,174,10-MAY-16,"18:25","0117","SBE-911+","V",10.73,33.639,13.05,35.604,2,1.08,".75",1,6.3,173
"2016001HB","HB1601","2016","201602011200010190","Representative",10480,"10",39.975232,-70.108308,235,231,233,10-MAY-16,"20:33:58",40.0183,70.1267,174,10-MAY-16,"18:25","0117","SBE-911+","V",10.73,33.639,13.05,35.604,61,2.72,"2.15",0,6.3,173
"2016001HB","HB1601","2016","201602011100040191","Representative",10479,"10",40.106495,-70.193948,144,143,143,10-MAY-16,"22:34:12",40.1083,70.17,143,10-MAY-16,"22:05","0118","SBE-911+","V",9.96,33.307,13.28,35.617,1,1.11,".49",1,6.6,138
"2016001HB","HB1601","2016","201602011000080192","Representative",10473,"10",40.291333,-70.4119,97,97,97,11-MAY-16,"00:47:44",40.29,70.3967,96,11-MAY-16,"00:17","0119","SBE-911+","V",8.9,32.975,11.17,34.717,1,0.7,".51",1,7.2,90
"2016001HB","HB1601","2016","201602011000050194","Representative",10469,"10",40.210738,-69.817932,91,91,91,11-MAY-16,"05:32:38",40.2183,69.8333,91,11-MAY-16,"05:08","0120","SBE-911+","W",9.51,33.126,11.99,35.027,0,0.84,".41",1,7,87
"2016001HB","HB1601","2016","201602011000060196","Representative",10470,"10",40.123828,-69.658112,97,98,98,11-MAY-16,"08:30:45",40.13,69.6783,98,11-MAY-16,"06:28","0121","SBE-911+","V",9.44,33.141,12.37,35.136,1,1,"2.05",1,7.1,95
"2016001HB","HB1601","2016","201602011200030197","Non-Representative",10482,"10",39.995238,-69.22351,214,217,216,11-MAY-16,"12:23:34",39.9883,69.2683,187,11-MAY-16,"11:25","0122","SBE-911+","V",12.26,34.633,13.23,35.623,27,2.1,".98",1,6.2,184
"2016001HB","HB1601","2016","201602011200060199","Representative",10482,"10",40.006167,-69.214105,218,218,216,11-MAY-16,"13:54:39",39.9883,69.2683,187,11-MAY-16,"11:25","0122","SBE-911+","V",12.26,34.633,13.23,35.623,31,2.71,"2.49",1,6.2,184
"2016001HB","HB1601","2016","201602011100030200","Representative",10476,"10",40.050487,-69.206987,145,148,147,11-MAY-16,"15:28:48",40.0433,69.225,139,11-MAY-16,"15:02","0123","SBE-911+","V",11.54,34.083,13.56,35.648,6,0.93,".45",1,7,137
"2016001HB","HB1601","2016","201602010900020203","Representative",10794,"10",40.715532,-69.584738,49,47,48,11-MAY-16,"23:18:13",40.7133,69.57,46,11-MAY-16,"23:02","0124","SBE-911+","V",8.82,32.53,7.81,32.532,3,0.68,".27",1,10.8,38
"2016001HB","HB1601","2016","201602011000110204","Representative",11858,"10",40.518703,-69.280942,68,67,68,12-MAY-16,"01:58:17",40.5167,69.2967,67,12-MAY-16,"01:25","0125","SBE-911+","V",8.2,32.57,7.63,32.732,1,0.73,".55",1,9.9,59
"2016001HB","HB1601","2016","201602011000070205","Representative",10467,"10",40.663382,-69.20448,65,67,66,12-MAY-16,"04:31:12",40.6667,69.2217,59,12-MAY-16,"04:07","0126","SBE-911+","W",8.4,32.602,7.47,32.609,6,0.81,".4",1,10.1,55
"2016001HB","HB1601","2016","201602012500040207","Representative",10555,"10",41.044057,-69.294252,55,56,55,12-MAY-16,"10:14:58",41.0783,69.285,57,12-MAY-16,"09:23","0127","SBE-911+","V",7.25,32.476,7.23,32.525,2,2.1,".87",1,9.5,51
"2016001HB","HB1601","2016","201602012500050208","Non-Representative",10557,"10",41.132693,-69.364087,49,49,49,12-MAY-16,"11:55:44",41.1317,69.3783,46,12-MAY-16,"11:21","0128","SBE-911+","V",7.13,32.458,7.12,32.457,3,0.65,".58",1,9.6,37
"2016001HB","HB1601","2016","201602012500010209","Representative",10557,"10",41.176277,-69.373225,50,49,50,12-MAY-16,"14:02:54",41.1317,69.3783,46,12-MAY-16,"11:21","0128","SBE-911+","V",7.13,32.458,7.12,32.457,4,2.69,"2.7",1,9.6,37
"2016001HB","HB1601","2016","201602012300030210","Representative",10545,"10",41.247788,-69.300835,65,61,63,12-MAY-16,"15:40:13",41.2517,69.2867,74,12-MAY-16,"15:10","0129","SBE-911+","V",8.62,32.219,6.62,32.709,9,0.68,".5",1,9.3,73
"2016001HB","HB1601","2016","201602012500020211","Representative",10556,"10",41.553682,-69.716192,29,28,28,12-MAY-16,"18:57:05",41.5633,69.72,29,12-MAY-16,"18:25","0130","SBE-911+","V",7.5,31.957,7.25,31.982,0,0.6,".53",1,9.7,21
"2016001HB","HB1601","2016","201602035600010212","Representative",10647,"10",41.83078,-69.914752,23,23,23,12-MAY-16,"21:47:08",41.84,69.9183,22,12-MAY-16,"21:21","0131","SBE-911+","V",10.31,31.764,7.98,31.776,1,0.58,".44",1,10.5,15
"2016001HB","HB1601","2016","201602035600030213","Representative",10648,"10",41.899,-69.9305,25,25,25,12-MAY-16,"23:34:28",41.9067,69.93,26,12-MAY-16,"23:11","0132","SBE-911+","V",9.03,31.735,8.1,31.766,1,0.46,".39",1,10,20
"2016001HB","HB1601","2016","201602012500030214","Non-Representative",10558,"10",41.90985,-69.905888,37,36,36,13-MAY-16,"01:30:34",41.9,69.9033,36,13-MAY-16,"01:08","0133","SBE-911+","V",9.6,31.759,7.84,31.797,1,0.6,".38",1,9.8,31
"2016001HB","HB1601","2016","201602012800010215","Representative",10572,"10",42.53979,-69.746678,257,254,254,17-MAY-16,"22:18:39",42.5483,69.7817,267,17-MAY-16,"21:24","0134","SBE-911+","V",9.38,32.686,6.57,33.807,10,1.63,".91",1,6,265
"2016001HB","HB1601","2016","201602012800060216","Representative",10571,"10",42.407907,-69.660602,251,250,250,18-MAY-16,"00:54:59",42.3833,69.6717,252,18-MAY-16,"00:11","0135","SBE-911+","V",8.53,32.47,6.56,33.759,1,1.56,".73",1,6.1,249
"2016001HB","HB1601","2016","201602012400040221","Representative",10550,"10",42.188523,-68.731855,205,206,207,18-MAY-16,"16:07:56",42.1967,68.7083,204,18-MAY-16,"15:22","0136","SBE-911+","V",8.86,32.592,6.99,33.491,1,1.16,".77",1,7.2,200
"2016001HB","HB1601","2016","201602012400010222","Representative",10552,"10",42.200973,-68.93709,179,175,176,18-MAY-16,"18:38:19",42.2167,68.9517,177,18-MAY-16,"18:06","0137","SBE-911+","V",8.88,32.483,6.52,33.277,2,1.15,".54",1,8,175
"2016001HB","HB1601","2016","201602012400030223","Representative",10554,"10",42.0105,-68.995992,130,129,129,18-MAY-16,"20:55:49",41.995,69.0033,140,18-MAY-16,"20:20","0138","SBE-911+","V",9.26,32.727,6.45,33.188,10,0.99,".6",1,8.2,136
"2016001HB","HB1601","2016","201602012300040227","Representative",10546,"10",41.4738,-68.575985,96,96,95,19-MAY-16,"07:13:15",41.4617,68.5683,94,19-MAY-16,"06:31","0139","SBE-911+","V",9.57,32.784,6.67,32.901,2,0.81,".7",1,8.9,93
"2016001HB","HB1601","2016","201602011900050232","Representative",10519,"10",40.983555,-68.142413,49,46,48,19-MAY-16,"22:18:35",40.99,68.16,41,19-MAY-16,"21:35","0141","SBE-911+","V",9.09,32.855,9.08,32.862,8,0.89,".73",1,10,39
"2016001HB","HB1601","2016","201602011300110234","Representative",11669,"10",40.728007,-67.794328,71,72,72,20-MAY-16,"02:40:38",40.7333,67.8083,72,20-MAY-16,"02:11","0142","SBE-911+","W",8.79,32.56,7.56,33.17,1,0.71,".49",1,8.6,69
"2016001HB","HB1601","2016","201602011300040235","Representative",10484,"10",40.572737,-67.882525,91,92,91,20-MAY-16,"04:34:55",40.575,67.8617,91,20-MAY-16,"04:09","0143","SBE-911+","V",9.23,32.478,12.53,34.995,0,0.96,".43",1,7.3,90
"2016001HB","HB1601","2016","201602011300050237","Representative",10488,"10",40.55495,-68.300842,95,95,95,20-MAY-16,"08:15:05",40.555,68.2717,94,20-MAY-16,"07:32","0144","SBE-911+","V",9.09,32.737,9.98,34.122,1,1.33,".72",1,7.9,89
"2016001HB","HB1601","2016","201602011300060238","Representative",10483,"10",40.604833,-68.411167,78,77,78,20-MAY-16,"09:41:11",40.5983,68.4217,79,20-MAY-16,"09:13","0145","SBE-911+","V",8.89,32.72,8.49,33.432,1,0.62,".47",1,8.5,71
"2016001HB","HB1601","2016","201602011400030240","Representative",10494,"10",40.328833,-68.378833,130,128,129,20-MAY-16,"14:45:24",40.3233,68.3967,130,20-MAY-16,"14:13","0146","SBE-911+","V",10.66,33.172,13.42,35.635,0,0.88,".54",1,6.5,128
"2016001HB","HB1601","2016","201602011500030241","Representative",10498,"10",40.290507,-67.993623,265,258,261,20-MAY-16,"18:09:53",40.3067,67.9733,280,20-MAY-16,"17:17","0147","SBE-911+","V",15.67,35.059,8.05,35.158,15,1.35,".88",1,5.2,278
"2016001HB","HB1601","2016","201602011400020242","Representative",10493,"10",40.373138,-67.745358,160,162,160,20-MAY-16,"20:34:55",40.37,67.7717,164,20-MAY-16,"20:04","0148","SBE-911+","V",12.21,33.612,11.91,35.499,4,1.22,".52",1,5.1,162
"2016001HB","HB1601","2016","201602011400010244","Representative",10496,"10",40.45968,-67.607978,142,142,142,21-MAY-16,"00:40:25",40.455,67.6267,145,21-MAY-16,"00:08","0149","SBE-911+","W",10.92,33.136,12.48,35.476,3,0.9,".54",1,6.2,143
"2016001HB","HB1601","2016","201602011900070247","Representative",10526,"10",41.200138,-67.433892,48,49,49,21-MAY-16,"09:34:43",41.1983,67.4517,49,21-MAY-16,"09:08","0150","SBE-911+","V",9.12,32.845,9.13,32.843,1,0.81,".45",1,9.9,39
"2016001HB","HB1601","2016","201602011900100248","Representative",11746,"10",41.424782,-67.593815,40,40,41,21-MAY-16,"12:45:05",41.4283,67.5833,40,21-MAY-16,"12:18","0151","SBE-911+","V",9.59,32.897,9.57,32.898,0,0.52,".45",1,9.3,33
"2016001HB","HB1601","2016","201602012000080250","Non-Representative",10532,"10",41.747,-67.833333,34,34,34,21-MAY-16,"17:31:18",41.755,67.8283,34,21-MAY-16,"17:10","0152","SBE-911+","V",9.63,32.845,9.57,32.848,0,0.53,".36",1,9.5,33
"2016001HB","HB1601","2016","201602012000050251","Representative",10532,"10",41.738478,-67.834863,33,34,34,21-MAY-16,"18:06:12",41.755,67.8283,34,21-MAY-16,"17:10","0152","SBE-911+","V",9.63,32.845,9.57,32.848,1,1.04,".94",1,9.5,33
"2016001HB","HB1601","2016","201602012100040254","Representative",10536,"10",41.831825,-68.023255,64,62,63,21-MAY-16,"21:16:29",41.825,68.0483,64,21-MAY-16,"20:32","0153","SBE-911+","V",9.22,32.791,7.37,32.938,0,1.19,".74",1,8.7,63
"2016001HB","HB1601","2016","201602012200010255","Representative",10537,"10",41.94666,-68.125827,203,205,204,21-MAY-16,"23:11:37",41.9583,68.105,204,21-MAY-16,"22:25","0154","SBE-911+","V",9.95,32.343,9.25,34.941,1,1.16,".78",1,5.3,199
"2016001HB","HB1601","2016","201602012400060256","Representative",10549,"10",42.21398,-68.357785,193,191,192,22-MAY-16,"02:07:22",42.23,68.3717,196,22-MAY-16,"01:20","0155","SBE-911+","W",10.37,32.435,8.14,34.152,3,1.14,".79",1,6,192
"2016001HB","HB1601","2016","201602012900060257","Representative",10580,"10",42.341432,-67.971117,176,173,175,22-MAY-16,"05:00:18",42.3583,67.9567,180,22-MAY-16,"04:19","0156","SBE-911+","V",9.26,32.293,8.45,34.163,4,1.2,".69",1,6.2,174
"2016001HB","HB1601","2016","201602012900030258","Representative",10579,"10",42.455977,-68.254677,189,192,190,22-MAY-16,"07:29:15",42.4733,68.2583,189,22-MAY-16,"07:00","0157","SBE-911+","V",9.72,32.392,7.95,34,0,1.05,".49",1,6.2,184
"2016001HB","HB1601","2016","201602013600090260","Representative",10603,"10",43.185935,-68.188067,197,198,198,22-MAY-16,"15:07:31",43.1917,68.2117,201,22-MAY-16,"14:20","0158","SBE-911+","V",9.87,32.243,6.96,33.396,4,1.09,".79",1,7.4,194
"2016001HB","HB1601","2016","201602013600100262","Representative",10611,"10",43.521968,-68.010998,217,218,216,22-MAY-16,"20:25:04",43.4917,68.0133,220,22-MAY-16,"19:28","0159","SBE-911+","V",9.16,32.006,8.6,34.261,3,1.82,".95",1,5.4,215
"2016001HB","HB1601","2016","201602013600060263","Representative",10604,"10",43.593143,-67.962192,212,213,214,22-MAY-16,"22:20:40",43.615,67.9467,222,22-MAY-16,"21:29","0160","SBE-911+","V",9.13,32.215,8.64,34.284,10,1.48,".86",1,5.4,218
"2016001HB","HB1601","2016","201602013600070265","Representative",10601,"10",43.351217,-67.421497,211,214,211,23-MAY-16,"04:49:26",43.335,67.425,196,23-MAY-16,"04:09","0161","SBE-911+","V",8.33,32.199,8.72,34.27,15,0.99,".67",1,6.2,191
"2016001HB","HB1601","2016","201602013600050266","Representative",10612,"10",42.973892,-67.75449,169,167,165,23-MAY-16,"09:21:57",42.9583,67.7833,184,23-MAY-16,"08:26","0162","SBE-911+","V",8.63,32.179,8.18,34.022,15,1.57,".93",1,6.5,178
"2016001HB","HB1601","2016","201602013600010267","Representative",10606,"10",42.875092,-67.675755,225,228,226,23-MAY-16,"11:46:42",42.87,67.645,222,23-MAY-16,"11:10","0163","SBE-911+","V",8.42,32.292,9.59,34.82,3,1.39,".61",1,5.7,216
"2016001HB","HB1601","2016","201602012900020269","Representative",10577,"10",42.406833,-67.5705,282,283,284,23-MAY-16,"17:46:48",42.3833,67.57,281,23-MAY-16,"17:02","0164","SBE-911+","W",9.12,32.338,9.61,35.121,1,1.41,".75",1,5.3,280
"2016001HB","HB1601","2016","201602012200040270","Representative",10540,"10",42.160473,-67.287837,162,162,163,23-MAY-16,"21:25:09",42.1667,67.2633,168,23-MAY-16,"20:34","0165","SBE-911+","V",8.7,32.412,9.01,34.654,6,1.15,".85",1,5.7,165
"2016001HB","HB1601","2016","201602012000060272","Representative",10528,"10",42.037342,-67.423228,47,48,48,24-MAY-16,"01:27:06",42.045,67.43,52,24-MAY-16,"01:05","0166","SBE-911+","V",8.89,32.75,8.35,32.865,5,0.55,".37",1,9,49
"2016001HB","HB1601","2016","201602012000020273","Representative",10531,"10",41.950747,-67.702052,44,45,44,24-MAY-16,"03:52:24",41.955,67.6867,39,24-MAY-16,"03:20","0167","SBE-911+","V",9.76,32.863,9.74,32.862,5,0.73,".54",1,9.1,38
"2016001HB","HB1601","2016","201602011900080277","Representative",10522,"10",41.456617,-67.398315,46,44,45,24-MAY-16,"12:48:50",41.4683,67.385,42,24-MAY-16,"12:18","0168","SBE-911+","V",9.32,32.858,9.3,32.857,4,0.92,".51",1,9.2,34
"2016001HB","HB1601","2016","201602011600030281","Representative",10500,"10",41.6006,-66.955115,65,64,64,24-MAY-16,"18:39:43",41.605,66.9433,63,24-MAY-16,"18:12","0169","SBE-911+","V",9.3,32.824,8.74,32.837,2,0.59,".46",1,9.2,58
"2016001HB","HB1601","2016","201602011600060282","Representative",10512,"10",41.53916,-66.84603,70,69,69,24-MAY-16,"20:37:07",41.5467,66.835,70,24-MAY-16,"20:11","0170","SBE-911+","V",9.13,32.833,8.36,32.835,0,0.67,".44",1,9.3,65
"2016001HB","HB1601","2016","201602011600120285","Representative",10503,"10",41.206187,-67.089637,65,65,65,25-MAY-16,"04:12:24",41.2167,67.0767,65,25-MAY-16,"03:26","0171","SBE-911+","V",9.09,32.718,8.43,32.746,0,0.86,".77",1,9.4,59
"2016001HB","HB1601","2016","201602011600040288","Representative",10508,"10",41.037468,-66.922912,73,73,73,25-MAY-16,"09:05:31",41.0333,66.9383,71,25-MAY-16,"08:28","0172","SBE-911+","V",9.31,32.678,7.41,32.813,2,0.74,".63",1,9.2,66
"2016001HB","HB1601","2016","201602011800060292","Representative",10514,"10",40.996928,-66.440747,293,304,298,25-MAY-16,"18:24:55",40.9567,66.4817,281,25-MAY-16,"13:31","0173","SBE-911+","V",10.77,32.824,7.9,35.139,12,3.05,"4.9",0,5.1,278
"2016001HB","HB1601","2016","201602011800040291","Non-Representative",10514,"10",41.00984,-66.418242,356,377,366,25-MAY-16,"16:00:39",40.9567,66.4817,281,25-MAY-16,"13:31","0173","SBE-911+","V",10.77,32.824,7.9,35.139,75,4.3,"2.49",0,5.1,278
"2016001HB","HB1601","2016","201602011800050290","Non-Representative",10514,"10",40.971833,-66.4615,296,297,297,25-MAY-16,"14:31:58",40.9567,66.4817,281,25-MAY-16,"13:31","0173","SBE-911+","V",10.77,32.824,7.9,35.139,15,1.29,"1.02",1,5.1,278
"2016001HB","HB1601","2016","201602011700020293","Representative",10812,"10",41.037765,-66.473705,121,120,120,25-MAY-16,"20:07:37",41.0517,66.47,119,25-MAY-16,"19:27","0174","SBE-911+","W",9.66,32.464,13.64,35.568,2,0.85,".68",1,6.7,116
"2016001HB","HB1601","2016","201602011700040295","Representative",10811,"10",41.16315,-66.364662,117,117,117,25-MAY-16,"23:58:52",41.1767,66.3483,117,25-MAY-16,"23:22","0175","SBE-911+","V",9.44,32.482,9.93,34.266,0,1.1,".61",1,7.5,114
"2016001HB","HB1601","2016","201602011700030298","Representative",10809,"10",41.461893,-66.11386,120,120,120,26-MAY-16,"05:16:36",41.4517,66.13,123,26-MAY-16,"04:33","0176","SBE-911+","V",9.27,32.37,10.4,34.863,3,0.95,".73",1,6.3,122
"2016001HB","HB1601","2016","201602011600140299","Representative",10502,"10",41.584243,-66.218265,94,90,92,26-MAY-16,"07:03:11",41.585,66.205,95,26-MAY-16,"06:25","0177","SBE-911+","V",9.96,32.391,8.19,33.441,1,0.6,".64",1,8.1,92
"2016001HB","HB1601","2016","201602011600050300","Representative",10511,"10",41.560235,-66.438027,88,87,88,26-MAY-16,"08:49:40",41.5683,66.425,88,26-MAY-16,"08:17","0178","SBE-911+","V",9.98,32.446,7.59,32.835,0,0.76,".54",1,8.9,80
"2016001HB","HB1601","2016","201602011800020304","Representative",10515,"10",42.064973,-65.959108,186,190,188,26-MAY-16,"16:54:06",42.0717,65.9767,186,26-MAY-16,"16:12","0179","SBE-911+","W",8.14,30.795,11.78,35.449,0,0.88,".7",1,5.8,180
"2016001HB","HB1601","2016","201602011800010305","Representative",10516,"10",41.94322,-65.735798,236,239,237,26-MAY-16,"19:17:34",41.92,65.72,240,26-MAY-16,"18:26","0180","SBE-911+","V",10.4,32.979,7.45,35.126,4,1.56,".86",1,5.7,239
"2016001HB","HB1601","2016","201602012900070306","Representative",10583,"10",42.076273,-65.747658,248,247,248,26-MAY-16,"21:10:26",42.0617,65.7817,261,26-MAY-16,"20:21","0181","SBE-911+","V",10.68,33.176,8.3,35.199,13,1.75,".82",1,5.7,260
"2016001HB","HB1601","2016","201602012900100307","Representative",10585,"10",42.189517,-65.643883,210,216,212,26-MAY-16,"23:16:37",42.1683,65.6267,224,26-MAY-16,"22:20","0182","SBE-911+","V",8.06,30.953,9.04,35.213,14,1.49,".94",1,4.8,222
"2016001HB","HB1601","2016","201602012200020308","Representative",10538,"10",42.15636,-66.143848,213,215,214,27-MAY-16,"02:03:40",42.1517,66.1117,218,27-MAY-16,"01:20","0183","SBE-911+","W",8.09,31.078,8.7,35.111,5,1.46,".73",1,5.9,212
"2016001HB","HB1601","2016","201602012100010309","Representative",10535,"10",42.13055,-66.263197,114,111,112,27-MAY-16,"04:22:12",42.1333,66.285,137,27-MAY-16,"03:33","0184","SBE-911+","V",8.73,31.567,8.07,33.77,23,0.99,".82",0,7.4,134
"2016001HB","HB1601","2016","201602012900040310","Representative",10584,"10",42.433845,-66.431892,265,270,268,27-MAY-16,"08:01:30",42.4583,66.3917,253,27-MAY-16,"07:08","0185","SBE-911+","V",9.01,31.861,8.5,35.111,12,2.31,".89",1,5.7,249
"2016001HB","HB1601","2016","201602013000020312","Representative",10588,"10",42.475828,-66.833897,316,316,315,27-MAY-16,"13:53:50",42.4883,66.795,298,27-MAY-16,"13:07","0186","SBE-911+","V",9.17,31.888,8.83,35.14,18,1.88,".78",1,5.7,293
"2016001HB","HB1601","2016","201602013000010313","Representative",10587,"10",42.30864,-66.632327,285,285,285,27-MAY-16,"16:32:09",42.3133,66.5983,285,27-MAY-16,"15:32","0187","SBE-911+","V",9.03,31.939,8.87,35.152,0,1.54,"1",1,5.6,284
"2016001HB","HB1601","2016","201602012200030315","Representative",10539,"10",42.200192,-66.795607,213,211,212,27-MAY-16,"20:47:13",42.2117,66.7317,220,27-MAY-16,"18:33","0188","SBE-911+","V",10.11,32.323,10.02,35.147,7,2.93,"2.24",1,5.6,219
"2016001HB","HB1601","2016","201602012200050314","Non-Representative",10539,"10",42.21039,-66.75437,219,218,218,27-MAY-16,"19:30:55",42.2117,66.7317,220,27-MAY-16,"18:33","0188","SBE-911+","V",10.11,32.323,10.02,35.147,1,1.01,".97",1,5.6,219
"2016001HB","HB1601","2016","201602013000030317","Representative",10589,"10",42.40475,-67.075695,362,360,362,28-MAY-16,"01:58:43",42.3833,67.0367,336,28-MAY-16,"01:03","0189","SBE-911+","W",10.35,32.235,8.53,35.135,26,2.16,".93",1,5.7,335
"2016001HB","HB1601","2016","201602012900010318","Representative",10581,"10",42.692777,-66.992888,215,219,217,28-MAY-16,"04:57:05",42.71,67.0183,221,28-MAY-16,"04:13","0190","SBE-911+","V",9.06,32.401,9.9,35.17,6,1.53,".73",1,5.5,220
"2016001HB","HB1601","2016","201602012900050319","Representative",10578,"10",42.72191,-67.072292,214,206,211,28-MAY-16,"06:39:09",42.715,67.0467,216,28-MAY-16,"06:05","0191","SBE-911+","V",9.2,32.384,9.8,35.169,2,1.2,".57",1,5.5,212
"2016001HB","HB1601","2016","201602013600030320","Representative",10609,"10",42.862412,-67.025277,218,218,218,28-MAY-16,"09:02:38",42.8733,66.995,205,28-MAY-16,"08:15","0192","SBE-911+","V",9.2,32.356,10.19,35.003,13,1.48,".79",1,5.9,204
"2016001HB","HB1601","2016","201602013400070321","Non-Representative",11855,"10",43.08688,-66.670035,110,114,113,28-MAY-16,"13:54:54",43.08,66.6933,113,28-MAY-16,"13:18","0193","SBE-911+","V",8.83,32.842,8.33,33.796,3,1.1,".62",1,7.1,106
"2016001HB","HB1601","2016","201602013400060322","Representative",10591,"10",43.313905,-66.857558,190,188,190,28-MAY-16,"16:58:59",43.3383,66.855,190,28-MAY-16,"16:13","0194","SBE-911+","V",9.9,32.496,9.08,34.454,0,1.47,".77",1,6.1,185
"2016001HB","HB1601","2016","201602013400080323","Representative",11617,"10",43.410598,-66.7337,158,157,158,28-MAY-16,"19:13:41",43.43,66.74,160,28-MAY-16,"18:27","0195","SBE-911+","V",9.32,32.549,8.17,33.758,2,1.2,".78",1,7.1,155
"2016001HB","HB1601","2016","201602013400050327","Representative",10590,"10",44.032918,-67.186977,154,154,154,29-MAY-16,"06:11:04",44.0483,67.185,152,29-MAY-16,"05:25","0196","SBE-911+","V",9.13,32.435,8.34,34.007,2,0.93,".77",1,6.4,147
"2016001HB","HB1601","2016","201602013400040328","Representative",10592,"10",44.016553,-66.677518,102,101,101,29-MAY-16,"10:36:38",44.0267,66.6733,102,29-MAY-16,"10:11","0197","SBE-911+","V",7.82,31.847,7.06,32.706,0,0.64,".43",1,8.5,96
"2016001HB","HB1601","2016","201602013510040329","Representative",10598,"10",44.303668,-66.824655,189,188,189,29-MAY-16,"13:37:40",44.2817,66.8283,187,29-MAY-16,"12:32","0198","SBE-911+","V",8.8,32.392,7.66,33.586,2,1.33,"1.09",1,6.8,179
"2016001HB","HB1601","2016","201602013510030330","Representative",10597,"10",44.265883,-66.863927,181,181,181,29-MAY-16,"15:01:29",44.2783,66.8467,185,29-MAY-16,"14:20","0199","SBE-911+","V",9.01,32.385,7.63,33.565,4,1.05,".69",1,6.8,180
"2016001HB","HB1601","2016","201602013510010332","Representative",10600,"10",44.27427,-67.072733,154,157,156,29-MAY-16,"19:50:22",44.2867,67.0533,134,29-MAY-16,"19:14","0200","SBE-911+","V",8.95,32.388,7.47,33.36,20,1.12,".61",1,7.2,129
"2016001HB","HB1601","2016","201602013900060333","Representative",11609,"10",44.431068,-67.470305,80,82,81,29-MAY-16,"22:35:55",44.4383,67.4817,107,29-MAY-16,"22:11","0201","SBE-911+","V",7.82,32.165,7.1,32.198,27,0.65,".42",0,9.2,103
"2016001HB","HB1601","2016","201602013900010334","Representative",10674,"10",44.242183,-67.75128,108,109,109,30-MAY-16,"01:20:47",44.255,67.77,92,30-MAY-16,"00:32","0202","SBE-911+","W",7.83,32.187,7.03,32.425,16,1.11,".81",1,8.8,87
"2016001HB","HB1601","2016","201602013600080338","Representative",10608,"10",43.798202,-67.805445,223,225,223,30-MAY-16,"11:32:28",43.775,67.815,222,30-MAY-16,"10:35","0203","SBE-911+","V",10.35,32.149,8.8,34.292,1,1.45,".96",1,6,218
"2016001HB","HB1601","2016","201602013900030339","Representative",10673,"10",43.988583,-68.219142,100,98,99,30-MAY-16,"14:45:45",43.9933,68.195,100,30-MAY-16,"14:15","0204","SBE-911+","V",8.29,32.256,6.75,32.514,0,1.08,".51",1,8.4,95
"2016001HB","HB1601","2016","201602013900070340","Non-Representative",10676,"10",43.767333,-68.745833,102,94,101,30-MAY-16,"18:54:08",43.7467,68.7467,89,30-MAY-16,"18:19","0205","SBE-911+","V",10.66,31.907,6.17,32.439,13,1.24,".59",1,8.6,82
"2016001HB","HB1601","2016","201602013900020341","Representative",10676,"10",43.77414,-68.744485,101,110,105,30-MAY-16,"20:21:44",43.7467,68.7467,89,30-MAY-16,"18:19","0205","SBE-911+","V",10.66,31.907,6.17,32.439,12,1.65,"2.05",1,8.6,82
"2016001HB","HB1601","2016","201602013800020342","Representative",10671,"10",43.64294,-69.22309,130,134,136,31-MAY-16,"04:59:58",43.62,69.2317,149,31-MAY-16,"04:20","0206","SBE-911+","V",11.36,32.241,6,32.897,19,1.43,".67",1,8.3,145
"2016001HB","HB1601","2016","201602013800050344","Representative",10670,"10",43.533802,-69.764548,125,128,127,31-MAY-16,"12:50:45",43.5467,69.75,99,31-MAY-16,"12:18","0208","SBE-911+","V",11.13,31.929,5.82,32.569,26,1,".55",0,8.5,91
"2016001HB","HB1601","2016","201602014000010345","Representative",10615,"10",43.593987,-69.839178,88,85,86,31-MAY-16,"15:22:01",43.5817,69.8283,101,31-MAY-16,"15:01","0209","SBE-911+","V",11.55,31.378,5.61,32.48,13,0.88,".35",1,8.4,93
"2016001HB","HB1601","2016","201602014000030346","Representative",10613,"10",43.505102,-69.943557,112,113,113,31-MAY-16,"17:21:18",43.495,69.9633,104,31-MAY-16,"16:34","0210","SBE-911+","V",12.25,31.669,5.56,32.53,8,1.05,".79",1,8.4,97
"2016001HB","HB1601","2016","201602013800070347","Representative",10669,"10",43.38472,-69.588537,179,179,178,31-MAY-16,"20:09:46",43.3883,69.5667,175,31-MAY-16,"19:25","0211","SBE-911+","V",12.86,31.936,6.42,33.301,4,0.98,".75",1,7.2,172
"2016001HB","HB1601","2016","201602013700050348","Representative",10661,"10",43.249358,-69.252102,176,178,178,31-MAY-16,"23:09:28",43.2283,69.2417,178,31-MAY-16,"22:23","0212","SBE-911+","W",11.68,32.335,6.39,33.173,2,1.34,".77",1,7.8,175
"2016001HB","HB1601","2016","201602013800080349","Representative",10665,"10",43.42388,-69.055923,161,166,165,01-JUN-16,"01:34:21",43.4483,69.0483,162,01-JUN-16,"01:04","0213","SBE-911+","V",11.64,32.382,6.28,33.079,1,1.5,".51",1,7.9,158
"2016001HB","HB1601","2016","201602013800060350","Representative",10668,"10",43.500167,-69.041333,140,139,139,01-JUN-16,"03:20:58",43.5,69.02,138,01-JUN-16,"02:32","0214","SBE-911+","W",11.63,32.361,5.98,32.862,2,0.93,".82",1,8,135
"2016001HB","HB1601","2016","201602013800010351","Representative",10666,"10",43.392167,-68.785643,102,103,103,01-JUN-16,"05:40:14",43.385,68.8033,100,01-JUN-16,"05:12","0215","SBE-911+","V",11.02,32.126,5.94,32.666,2,0.88,".47",1,8.4,95
"2016001HB","HB1601","2016","201602013700060355","Representative",10663,"10",42.756918,-69.060355,179,181,179,01-JUN-16,"17:10:51",42.74,69.075,158,01-JUN-16,"16:11","0216","SBE-911+","V",12,32.218,6.4,33.181,21,1.2,"1",1,7.9,155
"2016001HB","HB1601","2016","201602013700040356","Representative",10658,"10",42.758172,-69.304292,70,71,70,01-JUN-16,"19:16:42",42.75,69.2983,71,01-JUN-16,"18:31","0217","SBE-911+","V",12.64,32.082,6.28,32.861,1,0.56,".76",1,8.8,65
"2016001HB","HB1601","2016","201602012800030357","Representative",10574,"10",42.740193,-69.567835,224,224,223,01-JUN-16,"22:24:41",42.7417,69.595,237,01-JUN-16,"21:31","0218","SBE-911+","V",12.75,32.323,6.58,33.766,13,1.2,".89",1,5.8,229
"2016001HB","HB1601","2016","201602013700070358","Representative",10664,"10",42.93534,-69.656998,163,161,163,02-JUN-16,"00:38:24",42.9333,69.63,162,02-JUN-16,"00:05","0219","SBE-911+","W",12.94,31.75,6.42,33.265,1,1.19,".56",1,7.6,159
"2016001HB","HB1601","2016","201602012800020359","Representative",10573,"10",43.042578,-69.92941,210,210,210,02-JUN-16,"02:53:12",43.0483,69.9,208,02-JUN-16,"02:12","0220","SBE-911+","V",11.41,31.587,6.56,33.611,2,1.34,".69",1,6.3,202
"2016001HB","HB1601","2016","201602012700030360","Representative",10567,"10",43.051028,-70.124303,137,140,137,02-JUN-16,"05:03:49",43.0533,70.1517,148,02-JUN-16,"04:23","0221","SBE-911+","V",12.33,32.094,5.91,32.866,11,1.21,".68",1,8.1,142
"2016001HB","HB1601","2016","201602012600050361","Representative",10561,"10",42.927492,-70.061132,82,81,80,02-JUN-16,"06:46:33",42.92,70.0767,83,02-JUN-16,"06:17","0222","SBE-911+","V",13.05,31.071,5.69,32.629,1,0.82,".49",1,8.6,82
"2016001HB","HB1601","2016","201602012800040363","Representative",10576,"10",42.837023,-69.940677,212,210,210,02-JUN-16,"10:23:02",42.8233,69.91,218,02-JUN-16,"09:31","0223","SBE-911+","V",13,32.366,6.56,33.57,6,1.58,".87",1,6.7,210
"2016001HB","HB1601","2016","201602012600060364","Representative",10560,"10",42.719592,-70.31562,60,60,60,02-JUN-16,"12:43:33",42.7367,70.3017,66,02-JUN-16,"12:14","0224","SBE-911+","V",12.61,31.373,5.63,32.464,6,1.2,".49",1,8.9,59
"2016001HB","HB1601","2016","201602012600070365","Non-Representative",10564,"10",42.828812,-70.239335,61,61,61,02-JUN-16,"15:04:57",42.8183,70.2517,66,02-JUN-16,"14:29","0225","SBE-911+","V",12.7,31.941,5.57,32.402,5,0.83,".6",1,8.9,59
"2016001HB","HB1601","2016","201602012600040366","Representative",10564,"10",42.814698,-70.32994,51,53,53,02-JUN-16,"16:14:17",42.8183,70.2517,66,02-JUN-16,"14:29","0225","SBE-911+","V",12.7,31.941,5.57,32.402,15,3.45,"1.75",0,8.9,59
"2016001HB","HB1601","2016","201602036400030369","Representative",10656,"10",42.831745,-70.7431,36,34,35,02-JUN-16,"23:54:29",42.825,70.735,39,02-JUN-16,"23:25","0226","SBE-911+","V",13.47,31.477,6.38,31.983,3,0.54,".49",1,8.7,37
"2016001HB","HB1601","2016","201602036500010370","Representative",10465,"10",42.720712,-70.610947,53,54,53,03-JUN-16,"01:49:20",42.715,70.5983,55,03-JUN-16,"01:20","0227","SBE-911+","W",15.11,30.89,5.93,32.13,2,0.66,".49",1,8.8,51
"2016001HB","HB1601","2016","201602036600020371","Representative",10798,"10",42.613775,-70.488542,93,91,91,03-JUN-16,"03:48:27",42.6033,70.4733,81,03-JUN-16,"03:17","0228","SBE-911+","V",13.96,31.204,5.63,32.31,12,0.92,".52",1,9,74
"2016001HB","HB1601","2016","201602036600030372","Representative",10797,"10",42.52729,-70.621782,65,64,64,03-JUN-16,"05:33:24",42.5183,70.6367,65,03-JUN-16,"05:10","0229","SBE-911+","V",13.92,30.942,6.12,32.153,0,0.85,".39",1,9,58
"2016001HB","HB1601","2016","201602036600010373","Representative",10799,"10",42.513205,-70.700155,51,53,52,03-JUN-16,"07:06:49",42.5017,70.71,55,03-JUN-16,"06:29","0230","SBE-911+","V",14.45,30.853,6.25,32.135,4,0.82,".63",1,9.1,48
"2016001HB","HB1601","2016","201602036400010374","Representative",10655,"10",42.548073,-70.721717,35,40,38,03-JUN-16,"08:58:00",42.5583,70.7217,30,03-JUN-16,"08:25","0231","SBE-911+","V",14.79,30.921,7.16,31.949,5,0.61,".55",1,9.3,29
"2016001HB","HB1601","2016","201602036400020375","Representative",10657,"10",42.397235,-70.85724,30,31,31,03-JUN-16,"11:57:57",42.415,70.875,28,03-JUN-16,"12:25","0232","SBE-911+","V",14.52,30.81,8.55,31.733,2,1.33,".45",1,9.4,21
"2016001HB","HB1601","2016","201602012600010376","Representative",10563,"10",42.371783,-70.453733,89,87,88,03-JUN-16,"14:55:17",42.3817,70.4617,87,03-JUN-16,"14:23","0233","SBE-911+","V",14.07,31.355,5.73,32.4,2,0.69,".54",1,8.7,82
"2016001HB","HB1601","2016","201602012600030377","Representative",10559,"10",42.457402,-70.309137,97,96,96,03-JUN-16,"16:46:19",42.4533,70.2933,74,03-JUN-16,"16:16","0234","SBE-911+","V",13.71,31.472,5.67,32.447,23,0.74,".51",0,8.9,70
"2016001HB","HB1601","2016","201602012600020378","Representative",10562,"10",42.300922,-70.293657,31,34,32,03-JUN-16,"18:31:31",42.3033,70.3133,41,03-JUN-16,"18:09","0235","SBE-911+","V",10.51,31.404,6.03,32.278,10,0.88,".38",0,9.1,36
"2016001HB","HB1601","2016","201602036100030379","Representative",10461,"10",42.119162,-70.073157,47,47,47,03-JUN-16,"20:48:29",42.11,70.0583,47,03-JUN-16,"20:19","0236","SBE-911+","V",13.96,31.183,6.53,32.086,0,0.86,".49",1,8.9,44
"2016001HB","HB1601","2016","201602035600040380","Non-Representative",11912,"10",41.89259,-69.924952,27,27,27,04-JUN-16,"00:17:28",41.9,69.9283,26,04-JUN-16,"00:02","0237","SBE-911+","V",9.92,31.476,7.99,31.821,1,0.47,".26",1,8.8,24
"2016001HB","HB1601","2016","201602012300060381","Representative",10544,"10",41.994377,-69.87789,75,75,75,04-JUN-16,"01:52:30",42.005,69.885,75,04-JUN-16,"01:21","0238","SBE-911+","W",11.08,31.152,6.13,32.378,0,0.71,".53",1,8.9,70
"2016001HB","HB1601","2016","201602012500060382","Non-Representative",11648,"10",41.989667,-69.8965,63,64,63,04-JUN-16,"03:02:15",41.98,69.8917,63,04-JUN-16,"02:26","0239","SBE-911+","V",13.28,30.988,6.24,32.303,0,0.62,".6",1,8.8,57
"2016001HB","HB1601","2016","201602012500070383","Representative",11648,"10",41.980382,-69.895248,60,63,60,04-JUN-16,"04:57:31",41.98,69.8917,63,04-JUN-16,"02:26","0239","SBE-911+","V",13.28,30.988,6.24,32.303,3,0.16,"2.53",1,8.8,57
"2016001HB","HB1601","2016","201602012700040384","Representative",10569,"10",42.096685,-69.810878,176,182,180,04-JUN-16,"07:30:43",42.1117,69.8217,138,04-JUN-16,"07:04","0240","SBE-911+","V",10.47,32.267,6.37,33.164,38,1.02,".45",0,8,133
"2016001HB","HB1601","2016","201602012700050385","Representative",10568,"10",42.154767,-69.95828,138,138,139,04-JUN-16,"09:49:09",42.17,69.9783,133,04-JUN-16,"09:14","0241","SBE-911+","V",13.65,31.196,6.07,32.855,5,1.28,".59",1,8.3,126
"2016001HB","HB1601","2016","201602036100010386","Representative",10462,"10",41.983313,-70.325002,47,47,47,04-JUN-16,"12:42:53",41.98,70.34,47,04-JUN-16,"12:17","0242","SBE-911+","V",12.64,31.26,6,32.108,0,0.7,".43",1,8.4,39
"2016001HB","HB1601","2016","201602036000010387","Representative",10654,"10",41.962815,-70.306165,43,44,44,04-JUN-16,"13:53:41",41.9567,70.3183,43,04-JUN-16,"13:25","0243","SBE-911+","V",15.03,31.135,6.11,32.062,0,0.65,".48",1,8.2,33
"2016001HB","HB1601","2016","201602035900010388","Representative",10651,"10",41.810555,-70.278652,24,24,25,04-JUN-16,"15:45:30",41.8067,70.2867,25,04-JUN-16,"15:19","0244","SBE-911+","V",15.99,31.199,8.28,31.576,1,0.43,".44",1,7.3,22
"2016001HB","HB1601","2016","201602035900020389","Representative",10650,"10",41.897265,-70.469625,29,30,30,04-JUN-16,"17:47:02",41.9117,70.4767,31,04-JUN-16,"17:17","0245","SBE-911+","V",15.2,31.193,6.93,31.81,2,0.92,".5",1,7.1,29
"2016001HB","HB1601","2016","201602036000050391","Non-Representative",10652,"10",42.033778,-70.486515,41,38,39,04-JUN-16,"20:57:15",42.0383,70.4733,44,04-JUN-16,"19:10","0246","SBE-911+","V",14.52,31.19,6.17,32.096,3,0.65,"1.79",1,8.6,43
"2016001HB","HB1601","2016","201602036000040390","Non-Representative",10652,"10",42.027538,-70.46956,43,47,44,04-JUN-16,"19:33:17",42.0383,70.4733,44,04-JUN-16,"19:10","0246","SBE-911+","V",14.52,31.19,6.17,32.096,1,0.67,".39",1,8.6,43
"2016001HB","HB1601","2016","201602036000030392","Representative",11866,"10",41.937343,-70.443128,38,39,39,04-JUN-16,"22:34:57",41.925,70.44,37,04-JUN-16,"22:13","0247","SBE-911+","V",14.97,31.166,6.45,31.901,1,0.75,".37",1,7.3,33
"2016001HB","HB1601","2016","201602035900030393","Representative",10649,"10",42.036503,-70.56089,33,35,34,05-JUN-16,"01:12:54",42.0483,70.5583,35,05-JUN-16,"00:35","0248","SBE-911+","V",14.45,31.151,6.68,31.945,2,0.72,".63",1,8.7,32
"2016001HB","HB1601","2016","201602036000020394","Representative",10653,"10",42.115523,-70.517817,38,36,37,05-JUN-16,"03:21:17",42.12,70.505,42,05-JUN-16,"03:03","0249","SBE-911+","W",13.59,31.22,6.28,32.103,4,0.63,".3",1,8.8,39
"2016001HB","HB1601","2016","201602036500030395","Representative",10464,"10",42.258397,-70.602318,42,45,44,07-JUN-16,"00:11:15",42.25,70.585,36,06-JUN-16,"23:34","0250","SBE-911+","V",15.5,31.101,6.58,32.09,6,0.92,".62",1,9.2,29
"2016001HB","HB1601","2016","201602036100020397","Representative",10463,"10",42.169142,-70.499632,59,60,59,07-JUN-16,"03:47:22",42.1783,70.5117,54,07-JUN-16,"03:07","0251","SBE-911+","V",13.38,31.25,6.13,32.215,5,0.77,".67",1,9,49
"2016004HB","HB1604","2016","201604017600030012","Representative",12026,"10",38.863568,-72.916665,235,224,231,09-SEP-16,"19:51:46",38.8433,72.9367,229,09-SEP-16,"19:14","0003","SBE-911+","V",24.01,35.468,11.82,35.513,6,1.54,".63",1,4.5,226
"2016004HB","HB1604","2016","201604017400050014","Representative",12315,"10",38.81968,-73.33935,79,78,78,10-SEP-16,"01:11:30",38.8267,73.33,79,10-SEP-16,"00:41","0005","SBE-911+","V",21.34,33.782,8.54,32.824,0,0.61,".51",1,6.4,74
"2016004HB","HB1604","2016","201604017600010016","Representative",12027,"10",38.586788,-73.19466,281,281,280,10-SEP-16,"05:43:59",38.615,73.2,340,10-SEP-16,"05:03","0007","SBE-911+","V",22.19,34.066,8.98,35.207,59,1.71,".68",0,4.7,339
"2016004HB","HB1604","2016","201604017500010017","Representative",12023,"10",38.494367,-73.334535,123,121,121,10-SEP-16,"07:34:41",38.5067,73.3217,128,10-SEP-16,"07:10","0008","SBE-911+","V",23.85,35.249,13.63,35.73,5,0.96,".41",1,5.5,124
"2016004HB","HB1604","2016","201604017100030018","Representative",12018,"10",38.365128,-73.58515,166,163,164,10-SEP-16,"10:13:14",38.3333,73.5867,168,10-SEP-16,"11:02","0009","SBE-911+","V",22.84,34.351,11.91,35.524,2,1.91,".81",1,4.6,163
"2016004HB","HB1604","2016","201604017000020019","Representative",12015,"10",38.552143,-73.76403,62,60,61,10-SEP-16,"13:15:29",38.5333,73.77,62,10-SEP-16,"12:50","0010","SBE-911+","V",23.01,34.022,10.23,32.88,0,1.17,".42",1,6.5,56
"2016004HB","HB1604","2016","201604017300050020","Representative",12308,"10",38.69902,-73.73201,56,55,56,10-SEP-16,"14:48:52",38.69,73.7217,58,10-SEP-16,"14:31","0011","SBE-911+","V",22.36,32.94,9.92,32.703,2,0.73,".3",1,6.3,49
"2016004HB","HB1604","2016","201604017300060021","Representative",12310,"10",38.822138,-73.8192,47,46,48,10-SEP-16,"16:45:06",38.8283,73.815,47,10-SEP-16,"16:26","0012","SBE-911+","V",22.22,32.444,10.76,32.592,0,0.42,".32",1,5.5,46
"2016004HB","HB1604","2016","201604017000050024","Representative",12013,"10",38.391012,-73.96442,62,63,62,11-SEP-16,"01:15:32",38.405,73.9583,61,11-SEP-16,"00:52","0015","SBE-911+","V",23.21,33.677,9.88,32.895,1,0.89,".39",1,6.7,56
"2016004HB","HB1604","2016","201604016900050025","Representative",12301,"10",38.272005,-74.25805,53,53,53,11-SEP-16,"03:56:54",38.2817,74.2533,53,11-SEP-16,"03:41","0016","SBE-911+","V",22.81,32.915,11.44,32.766,0,0.62,".27",1,6,43
"2016004HB","HB1604","2016","201604017000040026","Representative",12011,"10",38.242928,-73.965068,73,73,73,11-SEP-16,"06:29:24",38.2433,73.9517,70,11-SEP-16,"06:09","0017","SBE-911+","V",23.64,33.884,9.86,33.144,3,0.63,".34",1,7.1,64
"2016004HB","HB1604","2016","201604017000030028","Representative",12014,"10",38.0156,-74.213425,71,70,70,11-SEP-16,"13:00:32",38.0217,74.2,72,11-SEP-16,"12:39","0019","SBE-911+","V",22.97,32.387,9.8,32.963,1,0.73,".36",1,6.9,66
"2016004HB","HB1604","2016","201604017100010029","Representative",12016,"10",37.953625,-74.08662,118,118,119,11-SEP-16,"14:54:20",37.9683,74.0783,117,11-SEP-16,"14:30","0020","SBE-911+","V",23.7,33.533,13.83,35.467,1,0.97,".41",1,5.8,112
"2016004HB","HB1604","2016","201604017200030030","Representative",12021,"10",37.784958,-74.119252,251,263,253,11-SEP-16,"17:45:15",37.7617,74.145,310,11-SEP-16,"16:55","0021","SBE-911+","V",24.69,34.872,10.22,35.328,59,1.86,".84",0,4.4,309
"2016004HB","HB1604","2016","201604017000010033","Representative",12012,"10",37.609578,-74.324238,107,110,108,11-SEP-16,"23:45:04",37.5933,74.335,110,11-SEP-16,"23:18","0024","SBE-911+","V",24.11,32.706,13.91,35.721,3,1.1,".45",1,5.8,103
"2016004HB","HB1604","2016","201604016800020034","Representative",12297,"10",37.529955,-74.31833,255,262,257,12-SEP-16,"01:48:35",37.5583,74.3017,350,12-SEP-16,"01:00","0025","SBE-911+","V",24.03,33.083,8.97,35.205,95,1.88,".81",0,4.6,349
"2016004HB","HB1604","2016","201604016800010035","Representative",12296,"10",37.496037,-74.359288,197,199,196,12-SEP-16,"03:22:31",37.515,74.3417,195,12-SEP-16,"02:45","0026","SBE-911+","V",24.06,33.334,13.25,35.656,2,1.41,".63",1,5.4,194
"2016004HB","HB1604","2016","201604016800030037","Representative",12295,"10",37.387392,-74.466918,228,214,224,12-SEP-16,"07:10:26",37.37,74.455,302,12-SEP-16,"06:36","0028","SBE-911+","V",23.84,33.183,9.87,35.289,74,1.19,".57",0,4.4,295
"2016004HB","HB1604","2016","201604016700020038","Representative",12010,"10",37.4186,-74.504665,135,132,132,12-SEP-16,"08:28:49",37.3967,74.5067,117,12-SEP-16,"08:02","0029","SBE-911+","V",23.35,34.189,13.22,35.664,18,1.32,".45",1,5.3,110
"2016004HB","HB1604","2016","201604016600030039","Representative",12007,"10",37.501408,-74.574582,65,66,65,12-SEP-16,"10:01:41",37.5117,74.56,67,12-SEP-16,"09:43","0030","SBE-911+","V",23.83,32.243,13.17,35.424,2,0.93,".31",1,5.6,63
"2016004HB","HB1604","2016","201604016600010042","Representative",12005,"10",37.297272,-74.721622,60,60,60,12-SEP-16,"14:38:39",37.3133,74.7167,61,12-SEP-16,"14:19","0033","SBE-911+","V",23.69,32.338,11.02,33.621,1,0.99,".33",1,6.5,57
"2016004HB","HB1604","2016","201604016500020043","Representative",12001,"10",37.031468,-74.995367,47,47,47,12-SEP-16,"17:38:30",37.0417,75.0133,45,12-SEP-16,"17:12","0034","SBE-911+","V",23.83,32.303,20.98,34.099,2,1.06,".44",1,6.9,43
"2016004HB","HB1604","2016","201604016600020044","Representative",12006,"10",36.982793,-74.756947,76,73,75,12-SEP-16,"20:11:22",36.9983,74.7583,78,12-SEP-16,"19:41","0035","SBE-911+","V",24.02,32.484,10.77,33.485,2,0.93,".51",1,7,72
"2016004HB","HB1604","2016","201604016700010045","Representative",12009,"10",36.914247,-74.642038,114,120,115,12-SEP-16,"22:02:41",36.8983,74.6467,107,12-SEP-16,"21:36","0036","SBE-911+","V",25.11,34.811,13.59,35.534,7,0.98,".44",1,5.7,98
"2016004HB","HB1604","2016","201604016300020047","Representative",12290,"10",36.424602,-74.780928,163,158,155,13-SEP-16,"04:06:26",36.44,74.785,101,13-SEP-16,"03:43","0038","SBE-911+","V",23.22,32.647,13.21,35.141,62,0.95,".39",0,6,97
"2016004HB","HB1604","2016","201604016400020048","Representative",12293,"10",36.232608,-74.756717,337,332,335,13-SEP-16,"06:47:08",36.2683,74.76,464,13-SEP-16,"05:43","0039","SBE-911+","V",23.53,33.482,6.66,35.087,127,2.15,"1.07",0,6.1,454
"2016004HB","HB1604","2016","201604016300010049","Representative",12291,"10",36.161498,-74.789038,163,163,163,13-SEP-16,"08:32:55",36.1767,74.7867,179,13-SEP-16,"08:03","0040","SBE-911+","V",23.4,33.189,13.1,35.612,16,0.92,".5",1,5,177
"2016004HB","HB1604","2016","201604016400010051","Representative",12294,"10",36.032775,-74.78465,296,270,294,13-SEP-16,"12:21:25",36.06,74.79,201,13-SEP-16,"11:41","0042","SBE-911+","V",25.18,33.752,12.93,35.633,95,1.66,".67",0,4.8,198
"2016004HB","HB1604","2016","201604016400030052","Representative",12292,"10",35.96138,-74.794438,318,311,317,13-SEP-16,"23:37:38",35.9933,74.7917,235,13-SEP-16,"22:57","0043","SBE-911+","V",24.15,33.471,11.65,35.483,83,1.92,".68",0,4.4,230
"2016004HB","HB1604","2016","201604016300030053","Representative",12289,"10",35.861135,-74.867495,118,119,121,14-SEP-16,"04:07:52",35.8783,74.8683,122,14-SEP-16,"03:42","0044","SBE-911+","V",25.11,34.134,14.41,35.453,4,1.03,".43",1,5.8,119
"2016004HB","HB1604","2016","201604016200010054","Representative",11995,"10",35.751558,-74.913157,70,70,70,14-SEP-16,"05:35:08",35.7633,74.9183,69,14-SEP-16,"05:19","0045","SBE-911+","V",22.18,33.437,15.41,35.34,1,0.75,".27",1,5.5,66
"2016004HB","HB1604","2016","201604016100040055","Representative",11990,"10",35.739153,-75.051928,47,45,46,14-SEP-16,"07:24:25",35.75,75.0533,47,14-SEP-16,"07:10","0046","SBE-911+","V",23.48,32.317,11.38,33.438,0,0.66,".24",1,6.9,38
"2016004HB","HB1604","2016","201604016200030056","Representative",11997,"10",35.659082,-74.941132,56,55,55,14-SEP-16,"08:59:47",35.6733,74.9417,53,14-SEP-16,"08:42","0047","SBE-911+","V",22.51,32.426,14.12,34.651,3,0.85,".3",1,6.1,44
"2016004HB","HB1604","2016","201604034400040057","Representative",12047,"10",35.260462,-75.296738,24,25,24,14-SEP-16,"12:51:26",35.27,75.2933,24,14-SEP-16,"12:38","0048","SBE-911+","V",25.03,32.626,24.35,33.252,0,0.6,".22",1,6,17
"2016004HB","HB1604","2016","201604085100010058","Representative",12340,"10",35.080033,-75.272623,70,69,69,14-SEP-16,"14:58:27",35.0883,75.2583,72,14-SEP-16,"14:34","0049","SBE-911+","V",26.03,33.002,20.76,36.229,2,0.86,".41",1,5.2,66
"2016004HB","HB1604","2016","201604075200050059","Representative",13119,"10",35.063333,-75.485333,25,27,26,14-SEP-16,"17:10:37",35.0667,75.4717,25,14-SEP-16,"16:46","0050","SBE-911+","V",26.29,32.882,25.13,33.854,0,0.7,".41",1,6.6,19
"2016004HB","HB1604","2016","201604075200030060","Representative",12335,"10",34.948503,-75.770143,27,28,28,14-SEP-16,"19:56:20",34.9367,75.7583,28,14-SEP-16,"19:36","0051","SBE-911+","V",26.8,34.239,27.12,35.592,1,0.92,".34",1,6.3,22
"2016004HB","HB1604","2016","201604085000020061","Representative",12339,"10",34.9365,-75.673968,34,33,34,14-SEP-16,"21:25:38",34.9433,75.6617,34,14-SEP-16,"21:10","0052","SBE-911+","V",26.75,34.169,27.25,35.946,0,0.73,".26",1,6.1,28
"2016004HB","HB1604","2016","201604085000010062","Representative",12338,"10",34.862427,-75.688282,40,40,40,14-SEP-16,"22:50:47",34.8717,75.685,40,14-SEP-16,"22:26","0053","SBE-911+","V",26.37,34.111,26.87,36.201,0,0.58,".41",1,6.3,34
"2016004HB","HB1604","2016","201604085000030063","Representative",12337,"10",34.818153,-76.049842,29,29,29,15-SEP-16,"02:02:58",34.8283,76.0367,31,15-SEP-16,"01:40","0054","SBE-911+","V",27.13,35.193,26.54,36.16,2,0.89,".38",1,6,26
"2016004HB","HB1604","2016","201604085100020064","Representative",12342,"10",34.686325,-75.730268,54,53,54,15-SEP-16,"05:08:52",34.675,75.7567,51,15-SEP-16,"05:48","0055","SBE-911+","V",27.8,36.18,24.63,36.254,3,1.47,".65",1,6.2,42
"2016004HB","HB1604","2016","201604085200030065","Representative",12058,"10",34.586482,-75.71652,136,136,137,15-SEP-16,"07:02:14",34.5983,75.705,135,15-SEP-16,"06:39","0056","SBE-911+","V",27.86,36.229,16.73,36.266,1,0.91,".39",1,4.7,129
"2016004HB","HB1604","2016","201604085300020066","Representative",12061,"10",34.402872,-75.792058,292,293,293,15-SEP-16,"09:57:12",34.38,75.8117,292,15-SEP-16,"09:15","0057","SBE-911+","V",27.42,36.182,10.6,35.341,0,1.68,".7",1,4,283
"2016004HB","HB1604","2016","201604085300030067","Representative",12059,"10",34.604042,-75.62343,332,330,334,15-SEP-16,"12:59:56",34.575,75.6467,319,15-SEP-16,"12:01","0058","SBE-911+","V",27.33,36.073,9.37,35.221,13,2.09,".98",1,4.5,313
"2016004HB","HB1604","2016","201604085300010068","Representative",12060,"10",34.7866,-75.437773,355,356,354,15-SEP-16,"16:34:26",34.8133,75.4117,345,15-SEP-16,"15:40","0059","SBE-911+","V",27.54,35.936,9.02,35.179,10,2.06,".91",1,4.5,342
"2016004HB","HB1604","2016","201604085200010069","Non-Representative",12057,"10",34.820268,-75.475832,163,161,162,15-SEP-16,"18:31:32",34.8033,75.4967,157,15-SEP-16,"17:57","0060","SBE-911+","V",27.62,36.15,14.88,35.956,6,1.45,".58",1,4.4,154
"2016004HB","HB1604","2016","201604085200040070","Representative",12057,"10",34.836642,-75.478335,133,134,133,15-SEP-16,"20:41:38",34.8033,75.4967,157,15-SEP-16,"17:57","0060","SBE-911+","V",27.62,36.15,14.88,35.956,24,2.2,"2.74",0,4.4,154
"2016004HB","HB1604","2016","201604085100030071","Representative",12341,"10",35.21927,-75.1127,73,73,73,16-SEP-16,"01:34:12",35.2383,75.0917,76,16-SEP-16,"00:57","0061","SBE-911+","V",26.92,34.641,25.38,36.277,3,1.54,".62",1,6.1,73
"2016004HB","HB1604","2016","201604085200020072","Representative",12056,"10",35.389428,-74.907425,110,114,112,16-SEP-16,"04:21:02",35.38,74.9183,107,16-SEP-16,"04:00","0062","SBE-911+","V",25.26,32.549,15.59,35.209,3,0.78,".35",1,5.8,101
"2016004HB","HB1604","2016","201604034400010073","Representative",12046,"10",35.573557,-75.232513,34,34,34,16-SEP-16,"08:03:22",35.5633,75.2317,33,16-SEP-16,"07:47","0063","SBE-911+","V",24.69,32.219,21.94,32.983,1,0.62,".27",1,6.5,26
"2016004HB","HB1604","2016","201604016100050074","Representative",11991,"10",35.693185,-75.202257,35,35,35,16-SEP-16,"09:42:15",35.6833,75.2017,35,16-SEP-16,"09:28","0064","SBE-911+","V",24.53,31.956,21.81,32.991,0,0.59,".24",1,6.8,27
"2016004HB","HB1604","2016","201604034400030075","Representative",12045,"10",35.732062,-75.226622,39,39,39,16-SEP-16,"10:43:53",35.7233,75.2233,39,16-SEP-16,"10:27","0065","SBE-911+","V",24.33,32.141,20.68,33.601,0,0.55,".28",1,6.2,32
"2016004HB","HB1604","2016","201604034100040077","Representative",12042,"10",36.056677,-75.572107,20,21,20,16-SEP-16,"17:54:56",36.0683,75.5717,20,16-SEP-16,"17:36","0067","SBE-911+","V",24.39,31.892,24.24,31.903,0,0.7,".32",1,6.5,13
"2016004HB","HB1604","2016","201604034100010078","Representative",12041,"10",36.148085,-75.646345,22,24,22,16-SEP-16,"20:03:08",36.1383,75.6483,23,16-SEP-16,"19:48","0068","SBE-911+","V",24.72,31.633,24.66,31.621,1,0.6,".25",1,6.7,14
"2016004HB","HB1604","2016","201604034100050079","Representative",12043,"10",36.2496,-75.604427,27,26,27,16-SEP-16,"21:56:27",36.2417,75.595,27,16-SEP-16,"21:39","0069","SBE-911+","V",24.16,32.077,24.16,32.074,0,0.66,".29",1,6.7,20
"2016004HB","HB1604","2016","201604016100020083","Representative",11993,"10",36.34293,-75.39599,29,29,29,17-SEP-16,"08:37:04",36.3367,75.405,27,17-SEP-16,"08:21","0073","SBE-911+","V",24.28,32.218,24.22,32.235,2,0.57,".27",1,6.9,20
"2016004HB","HB1604","2016","201604034100030084","Representative",12044,"10",36.355548,-75.575597,27,26,27,17-SEP-16,"10:38:16",36.345,75.5717,29,17-SEP-16,"10:24","0074","SBE-911+","V",23.78,32.155,23.8,32.187,2,0.66,".24",1,6.6,21
"2016004HB","HB1604","2016","201604033800010085","Representative",12133,"10",36.568352,-75.70896,24,23,23,17-SEP-16,"13:06:08",36.5567,75.7083,25,17-SEP-16,"12:47","0075","SBE-911+","V",24.42,31.504,24.41,31.505,1,0.7,".32",1,6.6,16
"2016004HB","HB1604","2016","201604033800030086","Representative",12131,"10",36.634525,-75.654783,21,22,21,17-SEP-16,"14:30:28",36.6267,75.655,21,17-SEP-16,"14:19","0076","SBE-911+","V",24.16,31.926,24.1,31.928,0,0.47,".19",1,6.7,12
"2016004HB","HB1604","2016","201604016500040087","Representative",12003,"10",36.70887,-75.42484,22,22,22,17-SEP-16,"17:02:24",36.7,75.4167,23,17-SEP-16,"16:37","0077","SBE-911+","V",24.01,32.172,23.6,32.198,1,0.66,".42",1,6.7,16
"2016004HB","HB1604","2016","201604033500030089","Representative",12038,"10",37.171145,-75.607008,17,18,19,17-SEP-16,"22:10:28",37.1617,75.61,18,17-SEP-16,"21:56","0079","SBE-911+","V",24.85,31.262,24.23,31.437,1,0.59,".24",1,6.8,14
"2016004HB","HB1604","2016","201604033500020090","Representative",12037,"10",37.443017,-75.463627,21,21,21,18-SEP-16,"00:42:14",37.4367,75.47,24,18-SEP-16,"00:23","0080","SBE-911+","V",24.38,31.996,23.77,31.987,3,0.49,".32",1,6.4,16
"2016004HB","HB1604","2016","201604033200020092","Representative",12036,"10",37.555498,-75.39761,22,24,23,18-SEP-16,"03:23:51",37.5483,75.41,21,18-SEP-16,"03:06","0082","SBE-911+","V",23.92,31.781,23.59,32.029,1,0.73,".3",1,5.3,17
"2016004HB","HB1604","2016","201604033200030096","Representative",12034,"10",37.916728,-75.066415,27,26,26,18-SEP-16,"11:32:18",37.905,75.07,27,18-SEP-16,"11:19","0086","SBE-911+","V",23.33,31.94,23.04,31.986,0,0.72,".22",1,7,21
"2016004HB","HB1604","2016","201604032900010097","Representative",12031,"10",38.320368,-74.858295,15,18,17,18-SEP-16,"14:47:38",38.31,74.8567,14,18-SEP-16,"14:32","0087","SBE-911+","V",23.33,32.024,23.32,32.025,1,0.63,".26",1,7.4,8
"2016004HB","HB1604","2016","201604032900020098","Representative",12032,"10",38.342378,-74.813043,21,22,21,18-SEP-16,"15:53:28",38.3333,74.8167,21,18-SEP-16,"15:34","0088","SBE-911+","V",23.73,32.028,23.16,32.03,0,0.57,".32",1,7.1,18
"2016004HB","HB1604","2016","201604016900060101","Representative",12303,"10",38.484745,-74.351273,48,48,47,18-SEP-16,"22:34:21",38.4733,74.3583,49,18-SEP-16,"22:18","0091","SBE-911+","V",22.42,33.001,14.83,33.037,1,0.76,".27",1,5.7,43
"2016004HB","HB1604","2016","201604016900020103","Representative",12300,"10",38.65437,-74.360568,36,37,37,19-SEP-16,"02:04:22",38.6417,74.3633,41,19-SEP-16,"01:47","0093","SBE-911+","V",22.48,32.322,15.36,32.648,5,0.77,".29",1,4.6,39
"2016004HB","HB1604","2016","201604032600030106","Representative",12030,"10",38.80952,-74.773748,20,20,19,19-SEP-16,"08:50:59",38.8017,74.7833,21,19-SEP-16,"08:38","0096","SBE-911+","V",23.19,31.79,23.11,31.891,1,0.65,".22",1,7.2,16
"2016004HB","HB1604","2016","201604032600010107","Representative",12029,"10",38.812468,-74.718027,17,21,19,19-SEP-16,"09:54:18",38.8083,74.73,20,19-SEP-16,"09:42","0097","SBE-911+","V",23.2,31.877,22.89,32.042,3,0.61,".21",1,7.4,14
"2016004HB","HB1604","2016","201604032300030108","Representative",12128,"10",39.046227,-74.509117,22,20,23,19-SEP-16,"12:55:45",39.035,74.5067,21,19-SEP-16,"12:39","0098","SBE-911+","V",23.09,31.986,22.56,32.019,1,0.68,".28",1,7.2,17
"2016004HB","HB1604","2016","201604032300020109","Representative",12130,"10",39.068772,-74.500022,24,23,23,19-SEP-16,"13:57:28",39.0633,74.5117,22,19-SEP-16,"13:43","0099","SBE-911+","V",23.11,31.993,22.69,32.007,2,0.64,".24",1,6.9,16
"2016004HB","HB1604","2016","201604032300010110","Representative",12129,"10",39.131568,-74.558437,18,18,18,19-SEP-16,"16:01:10",39.125,74.5717,21,19-SEP-16,"15:40","0100","SBE-911+","V",23.22,31.574,23.11,31.962,3,0.73,".35",1,7.1,15
"2016004HB","HB1604","2016","201604032000020112","Representative",12124,"10",39.176007,-74.25127,21,20,20,19-SEP-16,"22:07:32",39.1783,74.2717,22,19-SEP-16,"21:40","0102","SBE-911+","V",22.8,31.809,22.09,32.035,1,0.96,".46",1,6.4,16
"2016004HB","HB1604","2016","201604032000040114","Representative",12126,"10",39.37975,-73.978152,30,29,29,20-SEP-16,"01:23:38",39.3717,73.9983,28,20-SEP-16,"01:00","0104","SBE-911+","V",22.74,31.799,22.18,31.935,2,1.05,".39",1,6.5,22
"2016004HB","HB1604","2016","201604031700030116","Representative",12121,"10",39.824708,-73.946687,24,24,24,20-SEP-16,"06:16:39",39.8183,73.9533,24,20-SEP-16,"06:04","0106","SBE-911+","V",22.68,31.576,20.44,31.766,0,0.49,".21",1,4.6,19
"2016004HB","HB1604","2016","201604031700020117","Representative",12123,"10",39.9708,-73.916473,24,23,24,20-SEP-16,"07:51:12",39.9633,73.9233,23,20-SEP-16,"07:37","0107","SBE-911+","V",22.61,31.501,20.85,31.83,1,0.55,".24",1,4.9,17
"2016004HB","HB1604","2016","201604031700010118","Representative",12122,"10",40.076607,-73.878533,24,24,23,20-SEP-16,"09:12:28",40.0667,73.88,25,20-SEP-16,"08:59","0108","SBE-911+","V",22.58,31.531,19.92,31.851,1,0.6,".22",1,4.6,19
"2016004HB","HB1604","2016","201604010100040121","Representative",12065,"10",39.876775,-72.902205,56,56,56,20-SEP-16,"17:27:16",39.875,72.9167,56,20-SEP-16,"17:11","0111","SBE-911+","V",21.88,32.405,9.57,32.757,0,0.68,".27",1,6.1,55
"2016004HB","HB1604","2016","201604010200060122","Representative",12074,"10",39.695485,-72.845877,73,72,72,20-SEP-16,"19:41:00",39.6867,72.8283,72,20-SEP-16,"19:16","0112","SBE-911+","V",21.72,33.271,10.26,33.392,1,0.97,".42",1,6.3,69
"2016004HB","HB1604","2016","201604010100030124","Representative",12063,"10",39.607992,-73.252673,40,39,39,20-SEP-16,"23:34:31",39.6183,73.2383,40,20-SEP-16,"23:16","0114","SBE-911+","V",22.27,32.04,12.32,32.532,0,0.91,".31",1,6.2,36
"2016004HB","HB1604","2016","201604017400010128","Representative",12313,"10",39.28676,-73.2875,57,57,57,21-SEP-16,"07:50:16",39.3,73.2817,58,21-SEP-16,"07:31","0118","SBE-911+","V",21.53,32.634,9.59,32.686,1,0.84,".32",1,6.3,52
"2016004HB","HB1604","2016","201604017400030129","Representative",12311,"10",39.155623,-73.263117,63,63,63,21-SEP-16,"09:22:07",39.1683,73.25,63,21-SEP-16,"09:05","0119","SBE-911+","V",22.22,33.129,9.31,32.968,0,0.98,".29",1,6.3,56
"2016004HB","HB1604","2016","201604017500020130","Representative",12022,"10",39.120697,-72.79296,120,119,120,21-SEP-16,"13:09:32",39.1367,72.7833,118,21-SEP-16,"12:44","0120","SBE-911+","V",22.5,33.82,13.87,35.656,2,1.06,".43",1,5.5,110
"2016004HB","HB1604","2016","201604010200070131","Non-Representative",12076,"10",39.334308,-72.700827,106,107,107,21-SEP-16,"15:51:09",39.3233,72.71,105,21-SEP-16,"15:27","0121","SBE-911+","V",21.48,33.742,14.04,35.547,1,0.79,".4",1,5.5,98
"2016004HB","HB1604","2016","201604010200090132","Representative",12076,"10",39.345617,-72.693638,107,105,106,21-SEP-16,"16:49:46",39.3233,72.71,105,21-SEP-16,"15:27","0121","SBE-911+","V",21.48,33.742,14.04,35.547,2,1.54,"1.38",1,5.5,98
"2016004HB","HB1604","2016","201604010300030133","Representative",12080,"10",39.389422,-72.410575,136,137,137,21-SEP-16,"19:36:57",39.375,72.4267,139,21-SEP-16,"19:04","0122","SBE-911+","V",21.58,33.643,13.6,35.641,3,1.14,".55",1,5.4,135
"2016004HB","HB1604","2016","201604010300020134","Representative",12077,"10",39.396023,-72.290313,175,181,179,21-SEP-16,"21:25:53",39.4217,72.2867,172,21-SEP-16,"20:54","0123","SBE-911+","V",22.2,34.259,12.15,35.533,3,1.55,".53",1,4.7,165
"2016004HB","HB1604","2016","201604010400010135","Representative",12083,"10",39.4059,-72.255333,228,230,230,21-SEP-16,"22:58:25",39.3833,72.2533,240,21-SEP-16,"22:22","0124","SBE-911+","V",22.77,34.371,10.61,35.355,12,1.36,".61",1,4.3,238
"2016004HB","HB1604","2016","201604010400020136","Representative",12082,"10",39.570877,-72.069973,257,254,256,22-SEP-16,"01:34:57",39.5583,72.0933,257,22-SEP-16,"00:56","0125","SBE-911+","V",22.45,34.258,9.04,35.225,0,1.32,".65",1,4.7,253
"2016004HB","HB1604","2016","201604010400030137","Representative",12081,"10",39.743608,-71.842902,310,309,309,22-SEP-16,"04:15:30",39.73,71.8683,302,22-SEP-16,"03:35","0126","SBE-911+","V",22.28,34.252,9.56,35.257,8,1.43,".68",1,4.5,295
"2016004HB","HB1604","2016","201604010300010139","Representative",12079,"10",39.941653,-71.8223,115,113,114,22-SEP-16,"08:06:48",39.94,71.8,116,22-SEP-16,"07:44","0128","SBE-911+","V",21.19,33.301,13.51,35.588,1,1.03,".38",1,5.3,109
"2016004HB","HB1604","2016","201604010200030142","Representative",12073,"10",40.030515,-72.375172,72,73,72,22-SEP-16,"13:35:09",40.0433,72.3667,70,22-SEP-16,"13:16","0131","SBE-911+","V",20.95,33.258,10.04,33.267,2,0.86,".32",1,6.3,64
"2016004HB","HB1604","2016","201604010200020143","Representative",12075,"10",39.900933,-72.2871,83,84,83,22-SEP-16,"15:22:17",39.9067,72.27,85,22-SEP-16,"15:01","0132","SBE-911+","V",21.32,33.436,11.34,34.033,2,0.86,".35",1,6.2,79
"2016004HB","HB1604","2016","201604034500020148","Representative",12051,"10",41.356665,-71.15828,31,31,31,28-SEP-16,"18:06:07",41.3667,71.1333,30,28-SEP-16,"18:59","0136","SBE-911+","W",18.72,32.319,18.72,32.32,1,1.28,".88",1,7.1,22
"2016004HB","HB1604","2016","201604034600020149","Representative",12052,"10",41.346797,-70.983743,28,28,28,28-SEP-16,"20:23:57",41.35,71.0017,30,28-SEP-16,"20:04","0137","SBE-911+","V",18.69,32.333,18.62,32.333,2,0.83,".33",1,6.3,20
"2016004HB","HB1604","2016","201604010500030150","Representative",12088,"10",41.278498,-70.979953,41,42,42,28-SEP-16,"21:47:07",41.2933,70.97,38,28-SEP-16,"21:24","0138","SBE-911+","V",18.36,32.456,16.04,32.521,3,1,".39",1,4.7,33
"2016004HB","HB1604","2016","201604034600030151","Non-Representative",12054,"10",41.20635,-70.90001,29,30,29,28-SEP-16,"23:57:39",41.1967,70.9183,33,28-SEP-16,"23:36","0139","SBE-911+","V",17.94,32.723,17.94,32.725,4,1.01,".36",1,7.4,30
"2016004HB","HB1604","2016","201604010500020152","Representative",12086,"10",41.019347,-70.99113,45,43,44,29-SEP-16,"02:48:54",41.0167,71.0117,46,29-SEP-16,"02:25","0140","SBE-911+","V",19.01,33.292,15.18,32.688,1,0.95,".4",1,5.2,40
"2016004HB","HB1604","2016","201604010500060163","Representative",12084,"10",40.942213,-71.070562,52,51,52,30-SEP-16,"08:54:04",40.945,71.1,50,29-SEP-16,"04:41","0141","SBE-911+","V",18.75,33.152,13.8,32.735,2,1.35,"28.22",0,5.1,46
"2016004HB","HB1604","2016","201604010500010153","Non-Representative",12084,"10",40.952058,-71.089557,51,51,51,29-SEP-16,"05:01:57",40.945,71.1,50,29-SEP-16,"04:41","0141","SBE-911+","V",18.75,33.152,13.8,32.735,1,0.64,".35",1,5.1,46
"2016004HB","HB1604","2016","201604010900030154","Representative",12107,"10",41.0551,-70.701403,47,47,46,29-SEP-16,"09:12:35",41.0483,70.7117,50,29-SEP-16,"08:50","0142","SBE-911+","V",17.81,32.848,16.02,32.991,3,0.62,".38",1,5.2,49
"2016004HB","HB1604","2016","201604010900020155","Representative",12106,"10",41.036903,-70.39325,41,40,41,29-SEP-16,"12:21:43",41.03,70.41,41,29-SEP-16,"12:04","0143","SBE-911+","V",17.81,32.772,17.8,33.368,0,0.86,".3",1,6.7,32
"2016004HB","HB1604","2016","201604034600050156","Representative",13147,"10",41.15982,-70.194842,24,24,24,29-SEP-16,"14:43:45",41.1533,70.2067,24,29-SEP-16,"14:28","0144","SBE-911+","V",18.88,32.217,18.79,32.277,0,0.66,".26",1,7.2,23
"2016004HB","HB1604","2016","201604034600040157","Representative",12055,"10",41.065565,-70.192287,27,28,27,29-SEP-16,"16:42:17",41.055,70.1833,27,29-SEP-16,"16:27","0145","SBE-911+","V",18.65,32.289,18.65,32.291,0,0.75,".25",1,7.3,21
"2016004HB","HB1604","2016","201604010900050159","Representative",12108,"10",40.864058,-70.252778,43,40,41,29-SEP-16,"20:50:31",40.8567,70.2583,38,29-SEP-16,"20:31","0147","SBE-911+","V",17.25,33.066,17.23,33.184,5,0.51,".33",1,7.5,37
"2016004HB","HB1604","2016","201604010900010160","Representative",12105,"10",40.668207,-70.126153,47,46,46,29-SEP-16,"23:52:57",40.6617,70.1333,48,29-SEP-16,"23:28","0148","SBE-911+","V",18.42,33.883,18.58,34.09,1,0.51,".42",1,7,42
"2016004HB","HB1604","2016","201604011000070161","Representative",12140,"10",40.731007,-70.623702,59,60,59,30-SEP-16,"03:15:12",40.745,70.6183,60,30-SEP-16,"02:53","0149","SBE-911+","V",20.24,34.559,14.74,33.64,1,0.88,".37",1,6.2,54
"2016004HB","HB1604","2016","201604011000080162","Representative",12146,"10",40.638257,-70.655,63,62,62,30-SEP-16,"05:16:23",40.6283,70.6683,63,30-SEP-16,"04:56","0150","SBE-911+","V",21.45,35.078,13.54,33.62,0,0.85,".34",1,6,54
"2016004HB","HB1604","2016","201604010500010153","Non-Representative",12084,"10",40.952058,-71.089557,51,51,51,29-SEP-16,"05:01:57",40.9367,71.0817,52,30-SEP-16,"08:35","0151","SBE-911+","V",18.21,33.23,15.31,32.867,1,0.99,"27.55",0,5.1,46
"2016004HB","HB1604","2016","201604010500060163","Representative",12084,"10",40.942213,-71.070562,52,51,52,30-SEP-16,"08:54:04",40.9367,71.0817,52,30-SEP-16,"08:35","0151","SBE-911+","V",18.21,33.23,15.31,32.867,0,0.6,".32",1,5.1,46
"2016004HB","HB1604","2016","201604010600070164","Representative",12093,"10",40.75931,-71.667788,68,69,68,30-SEP-16,"13:11:11",40.75,71.6833,69,30-SEP-16,"12:46","0152","SBE-911+","V",18.92,33.482,12.56,32.812,1,0.9,".42",1,5.2,64
"2016004HB","HB1604","2016","201604034500010165","Representative",12050,"10",41.22034,-71.508912,39,37,37,30-SEP-16,"20:42:20",41.2217,71.5017,37,30-SEP-16,"20:16","0153","SBE-911+","V",17.83,32.471,17.84,32.472,2,0.34,".44",1,6.1,31
"2016004HB","HB1604","2016","201604034500030166","Representative",12049,"10",41.09982,-71.506378,27,27,27,30-SEP-16,"23:14:46",41.0983,71.5117,28,30-SEP-16,"22:54","0154","SBE-911+","V",17.92,32.546,17.94,32.544,1,0.26,".35",1,7.3,22
"2016004HB","HB1604","2016","201604030200030167","Representative",12317,"10",41.094252,-71.62954,35,36,35,01-OCT-16,"08:04:53",41.0883,71.645,36,01-OCT-16,"07:40","0155","SBE-911+","V",18.31,32.295,18.32,32.296,1,0.79,".41",1,7.2,28
"2016004HB","HB1604","2016","201604030200020168","Representative",12316,"10",40.976755,-71.854288,29,29,28,01-OCT-16,"10:19:59",40.9717,71.8633,31,01-OCT-16,"10:05","0156","SBE-911+","V",18.29,32.218,18.28,32.237,2,0.51,".25",1,7.3,21
"2016004HB","HB1604","2016","201604030200010169","Representative",12318,"10",40.956285,-71.913058,30,31,31,01-OCT-16,"11:57:52",40.9567,71.9283,29,01-OCT-16,"11:40","0157","SBE-911+","V",18.32,32.195,18.32,32.199,1,0.69,".3",1,7.3,21
"2016004HB","HB1604","2016","201604030500010170","Representative",12109,"10",40.943692,-72.044693,26,27,26,01-OCT-16,"13:48:24",40.9433,72.0567,26,01-OCT-16,"13:32","0158","SBE-911+","V",18.53,32.139,18.52,32.13,0,0.55,".27",1,7.5,17
"2016004HB","HB1604","2016","201604030500030171","Representative",12110,"10",40.85656,-72.286682,29,27,26,01-OCT-16,"16:50:10",40.8517,72.3017,25,01-OCT-16,"16:32","0159","SBE-911+","V",18.44,32.081,18.43,32.074,4,0.74,".3",1,7.5,19
"2016004HB","HB1604","2016","201604030500020173","Representative",12111,"10",40.803973,-72.393832,30,29,28,01-OCT-16,"20:18:48",40.7967,72.4017,31,01-OCT-16,"20:05","0161","SBE-911+","V",18.33,32.079,18.35,32.096,1,0.56,".23",1,7.5,27
"2016004HB","HB1604","2016","201604030800030174","Representative",12113,"10",40.71004,-72.78136,26,25,26,01-OCT-16,"22:52:16",40.705,72.7933,26,01-OCT-16,"22:39","0162","SBE-911+","V",19.08,32.01,19.06,32.025,0,0.62,".22",1,7.3,19
"2016004HB","HB1604","2016","201604030800020175","Representative",12114,"10",40.665593,-72.888385,27,27,27,02-OCT-16,"00:24:26",40.6717,72.875,27,02-OCT-16,"00:08","0163","SBE-911+","V",19.27,31.998,19.29,32.001,0,0.71,".27",1,7.3,20
"2016004HB","HB1604","2016","201604030800010176","Representative",12112,"10",40.632757,-72.973208,24,23,24,02-OCT-16,"01:32:38",40.6367,72.96,25,02-OCT-16,"01:18","0164","SBE-911+","V",19.32,31.99,19.34,31.99,1,0.65,".24",1,7.3,19
"2016004HB","HB1604","2016","201604010100070177","Representative",12068,"10",40.532457,-72.981568,34,33,33,02-OCT-16,"03:16:50",40.5367,72.9667,30,02-OCT-16,"03:01","0165","SBE-911+","V",19.12,32.269,19.14,32.271,4,0.73,".26",1,7.4,25
"2016004HB","HB1604","2016","201604031100020178","Representative",12117,"10",40.522378,-73.218732,23,24,23,02-OCT-16,"04:56:50",40.5267,73.205,27,02-OCT-16,"04:40","0166","SBE-911+","V",19.58,32.145,19.58,32.146,4,0.68,".28",1,7.1,19
"2016004HB","HB1604","2016","201604031400010179","Representative",12119,"10",40.48399,-73.725415,25,24,24,02-OCT-16,"07:40:37",40.5067,73.74,23,02-OCT-16,"08:25","0167","SBE-911+","V",20.17,31.576,20.17,31.574,2,1.52,".74",1,6.7,14
"2016004HB","HB1604","2016","201604031400030180","Representative",13416,"10",40.38178,-73.774225,35,32,33,02-OCT-16,"09:35:23",40.3933,73.775,35,02-OCT-16,"09:19","0168","SBE-911+","V",20.11,31.678,20.11,31.705,0,0.69,".27",1,6.8,26
"2016004HB","HB1604","2016","201604031400020181","Representative",12120,"10",40.301365,-73.708807,28,29,28,02-OCT-16,"10:57:31",40.3083,73.7133,28,02-OCT-16,"10:45","0169","SBE-911+","V",20.07,32.053,20,32.109,0,0.46,".21",1,7,22
"2016004HB","HB1604","2016","201604031100010182","Representative",12116,"10",40.381945,-73.627287,25,26,25,02-OCT-16,"12:27:44",40.385,73.64,26,02-OCT-16,"12:13","0170","SBE-911+","V",20.03,32.043,20.02,32.043,1,0.61,".25",1,7.1,18
"2016004HB","HB1604","2016","201604031100030183","Representative",12115,"10",40.35581,-73.573507,27,25,26,02-OCT-16,"13:34:45",40.355,73.5917,26,02-OCT-16,"13:17","0171","SBE-911+","V",20.03,32.037,20.03,32.042,1,0.83,".3",1,7,18
"2016004HB","HB1604","2016","201604010700040188","Representative",12098,"10",40.184378,-71.104243,131,130,131,03-OCT-16,"06:30:42",40.185,71.08,133,03-OCT-16,"06:06","0176","SBE-911+","V",22.9,35.303,13.14,35.561,2,1.11,".41",1,4.9,126
"2016004HB","HB1604","2016","201604010700030189","Representative",12099,"10",40.08275,-71.250977,152,151,151,03-OCT-16,"09:04:09",40.07,71.265,151,03-OCT-16,"08:36","0177","SBE-911+","V",22.67,35.236,12.96,35.609,1,1,".47",1,4.9,142
"2016004HB","HB1604","2016","201604010800020190","Representative",12103,"10",40.053918,-71.197552,201,203,202,03-OCT-16,"10:52:31",40.0433,71.2183,200,03-OCT-16,"10:20","0178","SBE-911+","V",22.68,35.244,12.65,35.591,1,1.15,".54",1,4.8,194
"2016004HB","HB1604","2016","201604010800010191","Representative",12102,"10",40.0324,-71.01856,272,270,273,03-OCT-16,"13:47:47",40.0417,70.9667,231,03-OCT-16,"13:03","0180","SBE-911+","V",22.98,35.389,11.18,35.432,41,2.45,".75",0,4.5,229
"2016004HB","HB1604","2016","201604010600080192","Representative",12094,"10",40.391787,-70.84589,90,89,89,03-OCT-16,"16:52:17",40.3867,70.865,91,03-OCT-16,"16:30","0181","SBE-911+","V",22.34,35.031,15.27,35.001,1,0.93,".37",1,6.1,85
"2016004HB","HB1604","2016","201604010700010196","Representative",12100,"10",40.213325,-70.59102,119,122,122,03-OCT-16,"21:08:23",40.215,70.5967,118,03-OCT-16,"20:34","0183","SBE-911+","V",21.68,34.729,13.7,35.621,1,0.28,".57",1,5.3,113
"2016004HB","HB1604","2016","201604010700020197","Representative",12097,"10",40.104777,-70.604028,129,130,129,03-OCT-16,"23:10:57",40.1067,70.615,129,03-OCT-16,"22:43","0184","SBE-911+","V",22.82,35.086,13.56,35.634,0,0.52,".47",1,5.2,124
"2016004HB","HB1604","2016","201604010800030198","Representative",12101,"10",39.993205,-70.583072,269,267,268,04-OCT-16,"01:37:42",40.0033,70.5483,270,04-OCT-16,"01:00","0185","SBE-911+","V",23.03,35.369,11.18,35.435,1,1.71,".63",1,4.5,265
"2016004HB","HB1604","2016","201604011200020199","Representative",12154,"10",39.993028,-70.351755,285,294,290,04-OCT-16,"05:42:30",39.9833,70.3983,308,04-OCT-16,"04:53","0187","SBE-911+","V",22.92,35.217,8.37,35.165,23,2.22,".83",1,5,307
"2016004HB","HB1604","2016","201604011100040200","Representative",12152,"10",40.06662,-70.249285,167,164,166,04-OCT-16,"07:47:55",40.0533,70.2267,177,04-OCT-16,"07:18","0188","SBE-911+","V",21.88,34.948,13.1,35.648,10,1.31,".5",1,5.1,173
"2016004HB","HB1604","2016","201604011000090202","Representative",12145,"10",40.499623,-69.807487,72,71,72,04-OCT-16,"13:13:56",40.49,69.8233,73,04-OCT-16,"12:48","0190","SBE-911+","V",21.02,34.867,16.4,33.994,1,0.93,".43",1,6.5,67
"2016004HB","HB1604","2016","201604011000010205","Representative",12147,"10",40.484472,-68.994957,75,75,76,04-OCT-16,"21:50:05",40.4783,69.0083,76,04-OCT-16,"21:27","0193","SBE-911+","V",21.88,35.363,18.72,34.807,1,0.71,".38",1,6.3,71
"2016004HB","HB1604","2016","201604011000020206","Representative",12144,"10",40.805153,-69.018147,76,78,77,05-OCT-16,"01:17:09",40.7883,69.02,77,05-OCT-16,"00:54","0194","SBE-911+","V",17.83,33.259,18.59,33.814,1,1.02,".39",1,7,70
"2016004HB","HB1604","2016","201604012300040208","Representative",12219,"10",41.143647,-69.107,105,102,104,05-OCT-16,"07:56:58",41.1483,69.0817,107,05-OCT-16,"07:30","0196","SBE-911+","V",14.65,32.708,8.23,32.8,2,1.18,".45",1,7.2,105
"2016004HB","HB1604","2016","201604012300030209","Representative",12218,"10",41.170832,-68.942892,107,106,107,05-OCT-16,"10:17:36",41.1533,68.935,105,05-OCT-16,"09:52","0197","SBE-911+","V",17.33,33.516,7.88,32.827,2,1.11,".43",1,7.5,103
"2016004HB","HB1604","2016","201604012400080210","Representative",12220,"10",41.273007,-69.091248,157,158,158,05-OCT-16,"12:32:01",41.285,69.1133,149,05-OCT-16,"12:01","0198","SBE-911+","V",15.75,32.568,6.6,33.149,8,1.23,".52",1,7.2,141
"2016004HB","HB1604","2016","201604012400070212","Representative",12226,"10",41.49963,-69.18112,165,165,165,05-OCT-16,"18:21:13",41.5183,69.1833,168,05-OCT-16,"17:50","0200","SBE-911+","V",16.02,32.215,6.56,33.178,3,1.13,".52",1,7.4,159
"2016004HB","HB1604","2016","201604012500040213","Representative",12228,"10",41.438315,-69.379398,56,57,56,05-OCT-16,"20:20:03",41.4267,69.37,59,05-OCT-16,"20:01","0201","SBE-911+","V",15.58,32.366,10.54,32.638,3,0.82,".32",1,6.9,53
"2016004HB","HB1604","2016","201604012500020214","Non-Representative",12229,"10",41.572,-69.551668,58,56,56,05-OCT-16,"22:58:18",41.5717,69.5667,57,05-OCT-16,"22:43","0202","SBE-911+","V",15.79,32.284,10.31,32.592,1,0.68,".26",1,6.7,52
"2016004HB","HB1604","2016","201604012500050215","Representative",12229,"10",41.572383,-69.565495,57,51,53,06-OCT-16,"02:51:29",41.5717,69.5667,57,05-OCT-16,"22:43","0202","SBE-911+","V",15.79,32.284,10.31,32.592,0,0.07,"4.14",1,6.7,52
"2016004HB","HB1604","2016","201604012500030216","Representative",12231,"10",41.566628,-69.684115,34,33,33,06-OCT-16,"05:18:55",41.5567,69.6717,33,06-OCT-16,"05:02","0203","SBE-911+","V",14.6,32.305,14.13,32.317,1,0.82,".28",1,7.7,23
"2016004HB","HB1604","2016","201604035600010217","Non-Representative",12320,"10",41.697818,-69.891185,23,23,22,06-OCT-16,"08:17:36",41.6917,69.8983,24,06-OCT-16,"08:04","0204","SBE-911+","V",15.24,32.231,15.07,32.262,1,0.49,".23",1,7.8,16
"2016004HB","HB1604","2016","201604035600020218","Non-Representative",12319,"10",41.695805,-69.86233,24,22,23,06-OCT-16,"15:15:35",41.6867,69.8583,25,06-OCT-16,"15:02","0205","SBE-911+","V",15.2,32.233,15,32.231,1,0.58,".23",1,7.9,17
"2016004HB","HB1604","2016","201604011100020223","Representative",12150,"10",40.045027,-69.632748,116,115,116,12-OCT-16,"11:16:47",40.0433,69.6467,118,12-OCT-16,"10:52","0209","SBE-911+","V",22.26,35.891,14.71,35.663,2,0.65,".41",1,5.5,110
"2016004HB","HB1604","2016","201604011200030224","Representative",12155,"10",39.952738,-69.583442,224,249,229,12-OCT-16,"14:03:57",39.9367,69.5517,220,12-OCT-16,"13:22","0210","SBE-911+","V",22.01,35.662,12.18,35.557,4,1.75,".7",1,4.5,210
"2016004HB","HB1604","2016","201604011100030225","Representative",12149,"10",39.960082,-69.529537,157,158,158,12-OCT-16,"16:07:38",39.9517,69.5033,164,12-OCT-16,"15:40","0211","SBE-911+","V",22.22,35.794,14.05,35.723,7,1.31,".46",1,5.5,159
"2016004HB","HB1604","2016","201604011200010227","Representative",12153,"10",40.055795,-68.973512,199,196,197,12-OCT-16,"19:52:06",40.0533,68.9917,197,12-OCT-16,"19:18","0212","SBE-911+","V",22.09,35.799,13.45,35.675,2,0.85,".57",1,5.2,191
"2016004HB","HB1604","2016","201604011100010228","Representative",12151,"10",40.201865,-68.877422,129,128,128,12-OCT-16,"21:51:16",40.2083,68.89,127,12-OCT-16,"21:22","0213","SBE-911+","V",21.87,35.719,15,35.727,2,0.69,".49",1,5.4,126
"2016004HB","HB1604","2016","201604011400030229","Representative",12167,"10",40.161512,-68.734172,160,160,160,12-OCT-16,"23:25:13",40.155,68.7533,161,12-OCT-16,"22:57","0214","SBE-911+","V",22,35.73,14.34,35.767,1,0.96,".47",1,5.5,155
"2016004HB","HB1604","2016","201604012000050235","Representative",12205,"10",41.257808,-68.456012,58,58,59,13-OCT-16,"17:11:53",41.2567,68.4417,53,13-OCT-16,"16:53","0219","SBE-911+","V",16.84,32.864,16.27,32.935,5,0.65,".31",1,7.4,45
"2016004HB","HB1604","2016","201604012300070244","Representative",12216,"10",41.619725,-68.45014,77,82,78,14-OCT-16,"11:05:53",41.63,68.4567,83,14-OCT-16,"08:57","0226","SBE-911+","W",16.83,32.766,,,6,0.68,"2.15",0,7.2,69
"2016004HB","HB1604","2016","201604012200040245","Representative",12213,"10",41.757912,-68.351035,113,107,110,14-OCT-16,"14:11:06",41.7717,68.345,158,14-OCT-16,"13:33","0227","SBE-911+","V",16.17,32.833,7.46,33.74,45,0.87,".63",0,6.3,152
"2016004HB","HB1604","2016","201604012100040246","Representative",12209,"10",41.878748,-67.978728,81,81,80,14-OCT-16,"17:25:13",41.8767,67.9917,87,14-OCT-16,"17:02","0228","SBE-911+","V",16.16,32.787,7.49,33.009,6,0.59,".39",1,7.5,81
"2016004HB","HB1604","2016","201604012200010247","Representative",12210,"10",42.015125,-67.871693,184,187,185,14-OCT-16,"19:44:49",41.9983,67.8783,184,14-OCT-16,"19:13","0229","SBE-911+","V",15.64,32.95,7.5,33.724,0,1.05,".53",1,6.5,175
"2016004HB","HB1604","2016","201604012900080248","Representative",12259,"10",42.046463,-68.126073,232,229,231,14-OCT-16,"22:30:10",42.025,68.115,231,14-OCT-16,"21:51","0230","SBE-911+","V",14.96,32.922,8.98,34.776,1,1.38,".65",1,5.5,221
"2016004HB","HB1604","2016","201604012900100250","Representative",12258,"10",42.520097,-67.974078,205,210,207,15-OCT-16,"04:53:53",42.495,67.9683,222,15-OCT-16,"04:12","0232","SBE-911+","V",14.82,32.537,9.22,34.914,17,1.53,".7",1,5.4,215
"2016004HB","HB1604","2016","201604012900040252","Representative",12257,"10",42.359123,-67.588855,278,280,279,15-OCT-16,"11:05:04",42.3367,67.5917,270,15-OCT-16,"10:26","0234","SBE-911+","V",15.06,32.719,9.03,35.103,8,1.35,".65",1,5.3,264
"2016004HB","HB1604","2016","201604013000010253","Representative",12260,"10",42.340747,-67.505407,304,308,309,15-OCT-16,"13:20:31",42.3467,67.51,303,15-OCT-16,"12:23","0235","SBE-911+","V",14.38,32.692,8.98,35.124,1,0.41,".96",1,5.2,296
"2016004HB","HB1604","2016","201604012100020254","Representative",12206,"10",42.102998,-67.421053,86,87,86,15-OCT-16,"15:41:04",42.105,67.405,85,15-OCT-16,"15:15","0236","SBE-911+","V",15.28,32.909,8.77,32.983,1,0.73,".43",1,7.4,77
"2016004HB","HB1604","2016","201604012000010257","Representative",12202,"10",41.836452,-67.681012,36,35,36,15-OCT-16,"22:35:14",41.845,67.6817,37,15-OCT-16,"22:15","0238","SBE-911+","V",16.62,32.75,16.37,32.766,1,0.51,".34",1,8.1,28
"2016004HB","HB1604","2016","201604011900110261","Representative",12196,"10",41.452968,-67.60451,41,41,40,16-OCT-16,"08:22:28",41.47,67.575,34,16-OCT-16,"07:23","0241","SBE-911+","V",16.84,32.827,16.84,32.826,7,1.68,".99",1,7.9,25
"2016004HB","HB1604","2016","201604011300030264","Representative",12159,"10",40.945783,-67.569868,71,72,71,16-OCT-16,"15:52:19",40.9583,67.5717,70,16-OCT-16,"15:31","0244","SBE-911+","V",16.24,33.246,17.22,33.789,1,0.76,".36",1,7.2,64
"2016004HB","HB1604","2016","201604011300060266","Representative",12156,"10",40.677585,-67.805287,80,79,79,16-OCT-16,"20:40:03",40.6617,67.7967,80,16-OCT-16,"20:16","0246","SBE-911+","V",16.94,33.677,16.39,34.261,0,1.03,".4",1,6.6,72
"2016004HB","HB1604","2016","201604011300110267","Representative",12164,"10",40.749538,-68.067128,74,76,75,16-OCT-16,"22:41:36",40.7517,68.0767,73,16-OCT-16,"22:19","0247","SBE-911+","V",16.51,33.188,16.83,33.513,1,0.45,".38",1,7.5,68
"2016004HB","HB1604","2016","201604011300070268","Representative",13308,"10",40.505278,-68.406322,95,95,95,17-OCT-16,"01:36:42",40.5117,68.3917,96,17-OCT-16,"01:14","0248","SBE-911+","V",19.93,35.017,16.61,34.401,1,0.77,".38",1,6.5,87
"2016004HB","HB1604","2016","201604011400020270","Representative",12166,"10",40.36173,-68.287503,136,139,138,17-OCT-16,"04:47:54",40.375,68.2767,133,17-OCT-16,"04:22","0250","SBE-911+","V",21.8,35.778,14.52,35.644,3,0.94,".43",1,5.4,127
"2016004HB","HB1604","2016","201604011500010271","Representative",12172,"10",40.365465,-68.108478,184,181,185,17-OCT-16,"07:43:12",40.3917,68.115,172,17-OCT-16,"06:53","0251","SBE-911+","V",21.7,35.714,,,12,1.6,".84",0,5.1,161
"2016004HB","HB1604","2016","201604011400010273","Representative",12169,"10",40.482748,-67.601968,144,145,144,17-OCT-16,"13:29:47",40.4833,67.5767,142,17-OCT-16,"13:02","0253","SBE-911+","V",21.59,35.529,,,2,1.15,".46",0,5.4,131
"2016004HB","HB1604","2016","201604011300100274","Representative",12165,"10",40.829842,-67.123942,95,95,95,17-OCT-16,"17:20:51",40.835,67.1083,94,17-OCT-16,"16:58","0254","SBE-911+","V",15.61,33.359,13.16,33.839,1,0.78,".38",1,6.6,88
"2016004HB","HB1604","2016","201604011500030275","Representative",12171,"10",40.647887,-66.885198,312,307,309,17-OCT-16,"20:58:22",40.6617,66.855,346,17-OCT-16,"20:10","0255","SBE-911+","W",23.41,35.944,9.26,35.269,34,1.61,".81",1,5.1,341
"2016004HB","HB1604","2016","201604011700020276","Representative",12346,"10",40.821877,-66.736305,152,150,151,17-OCT-16,"23:20:40",40.8133,66.7583,139,17-OCT-16,"22:54","0256","SBE-911+","V",15.95,33.527,12.33,34.516,13,1.12,".44",1,6.2,131
"2016004HB","HB1604","2016","201604011800040277","Representative",12187,"10",40.826318,-66.69091,197,203,199,18-OCT-16,"01:03:36",40.8167,66.7117,188,18-OCT-16,"00:30","0257","SBE-911+","W",15.88,33.525,14.31,35.446,9,1.11,".56",1,5.6,179
"2016004HB","HB1604","2016","201604011800030278","Representative",12190,"10",40.849615,-66.612418,308,304,305,18-OCT-16,"02:44:43",40.8317,66.6467,263,18-OCT-16,"01:57","0258","SBE-911+","V",16.14,33.654,10.11,35.318,45,1.89,".8",1,4.7,261
"2016004HB","HB1604","2016","201604011600030279","Representative",12173,"10",40.934337,-66.68975,99,99,99,18-OCT-16,"04:36:12",40.9267,66.7117,98,18-OCT-16,"04:12","0259","SBE-911+","V",15.67,33.401,11.94,33.838,1,1.1,".4",1,6.6,91
"2016004HB","HB1604","2016","201604011600110280","Representative",12183,"10",40.981272,-66.542717,110,107,108,18-OCT-16,"06:12:19",40.9867,66.5283,114,18-OCT-16,"05:50","0260","SBE-911+","V",15.71,33.244,11.57,33.858,4,0.73,".37",1,6.7,106
"2016004HB","HB1604","2016","201604011700040281","Representative",12345,"10",41.133955,-66.371812,138,136,137,18-OCT-16,"08:36:32",41.1467,66.3533,139,18-OCT-16,"08:09","0261","SBE-911+","V",15.3,33.185,10.2,33.979,1,1.13,".46",1,6.6,135
"2016004HB","HB1604","2016","201604011700030282","Representative",12343,"10",41.349125,-66.23172,129,130,130,18-OCT-16,"11:40:47",41.3183,66.2433,134,18-OCT-16,"12:27","0262","SBE-911+","V",14.99,33.18,10.6,34.541,5,1.92,".77",1,6.2,125
"2016004HB","HB1604","2016","201604011600120283","Representative",12176,"10",41.45724,-66.38708,100,99,100,18-OCT-16,"14:07:34",41.4633,66.4017,101,18-OCT-16,"13:40","0263","SBE-911+","V",15.29,33.115,10.88,33.238,1,0.75,".46",1,7.2,92
"2016004HB","HB1604","2016","201604011600100284","Representative",12178,"10",41.55265,-66.22571,96,93,94,18-OCT-16,"15:52:50",41.5617,66.235,96,18-OCT-16,"15:29","0264","SBE-911+","V",14.89,32.919,10.78,33.106,0,0.69,".4",1,7.5,89
"2016004HB","HB1604","2016","201604011600020285","Representative",12177,"10",41.674727,-66.15929,95,95,95,18-OCT-16,"18:40:16",41.6817,66.1417,96,18-OCT-16,"18:13","0265","SBE-911+","W",14.68,32.92,10.33,33.109,1,0.89,".45",1,7.5,90
"2016004HB","HB1604","2016","201604011600040287","Representative",12181,"10",41.754037,-66.740255,68,66,67,18-OCT-16,"23:50:48",41.7567,66.755,66,18-OCT-16,"23:31","0267","SBE-911+","V",14.9,33,14.89,32.999,2,0.68,".33",1,8,59
"2016004HB","HB1604","2016","201604011600080293","Representative",12182,"10",41.289132,-66.875923,72,72,72,19-OCT-16,"10:34:34",41.295,66.8633,72,19-OCT-16,"10:14","0272","SBE-911+","V",15.12,33.133,14.48,33.198,0,0.67,".34",1,7.6,65
"2016004HB","HB1604","2016","201604011900120297","Representative",12197,"10",41.92173,-67.23816,57,62,56,19-OCT-16,"19:23:51",41.9367,67.2517,62,19-OCT-16,"18:04","0275","SBE-911+","W",15.79,32.91,15.8,32.918,5,1.08,"1.33",1,8,52
"2016004HB","HB1604","2016","201604011900010296","Non-Representative",12197,"10",41.923565,-67.247412,54,54,54,19-OCT-16,"18:23:35",41.9367,67.2517,62,19-OCT-16,"18:04","0275","SBE-911+","W",15.79,32.91,15.8,32.918,8,0.81,".33",1,8,52
"2016004HB","HB1604","2016","201604012000040298","Representative",12200,"10",42.067812,-67.154685,53,52,52,19-OCT-16,"21:27:25",42.0617,67.1533,51,19-OCT-16,"21:06","0276","SBE-911+","V",15.21,32.769,14.53,32.901,2,0.37,".36",1,7.9,42
"2016004HB","HB1604","2016","201604012100010299","Representative",12208,"10",42.133583,-66.983372,71,74,72,20-OCT-16,"00:35:42",42.13,67.0033,69,20-OCT-16,"00:13","0277","SBE-911+","W",15.86,32.918,9.57,33.094,2,0.91,".38",1,7.4,60
"2016004HB","HB1604","2016","201604012900020301","Representative",12250,"10",42.273585,-66.401973,257,251,254,20-OCT-16,"06:10:36",42.275,66.4367,263,20-OCT-16,"05:30","0280","SBE-911+","V",14.38,32.818,9.17,34.99,6,1.55,".68",1,5.3,255
"2016004HB","HB1604","2016","201604012100030304","Non-Representative",12207,"10",42.106625,-66.28097,96,104,103,20-OCT-16,"11:27:50",42.1,66.265,94,20-OCT-16,"10:50","0282","SBE-911+","V",14.07,32.777,10.13,33.283,2,0.82,".63",1,7.3,86
"2016004HB","HB1604","2016","201604011700010305","Non-Representative",12344,"10",41.962868,-65.934257,113,113,113,20-OCT-16,"16:02:54",41.9383,65.9233,116,20-OCT-16,"15:30","0283","SBE-911+","V",13.81,32.886,8.61,33.681,3,1.55,".55",1,6.9,108
"2016004HB","HB1604","2016","201604011700050306","Representative",12344,"10",41.97426,-65.938742,112,113,113,20-OCT-16,"16:50:26",41.9383,65.9233,116,20-OCT-16,"15:30","0283","SBE-911+","V",13.81,32.886,8.61,33.681,4,2.27,"1.34",1,6.9,108
"2016004HB","HB1604","2016","201604011800020307","Representative",12188,"10",42.052208,-65.880657,241,239,239,20-OCT-16,"19:05:00",42.07,65.8933,250,20-OCT-16,"18:23","0284","SBE-911+","W",15.28,33.06,7.89,35.157,9,1.21,".7",1,6.1,244
"2016004HB","HB1604","2016","201604011800010308","Representative",12189,"10",41.982562,-65.756373,252,253,252,20-OCT-16,"21:04:56",41.9617,65.7367,241,20-OCT-16,"20:26","0285","SBE-911+","V",17.87,34.013,6.69,35.091,11,1.53,".65",1,6.6,234
"2016004HB","HB1604","2016","201604012900050309","Representative",12251,"10",42.173793,-65.799447,251,248,249,20-OCT-16,"23:57:35",42.1883,65.8183,249,20-OCT-16,"22:59","0286","SBE-911+","W",17.02,33.977,8.08,35.193,2,1.21,".98",1,6.1,244
"2016004HB","HB1604","2016","201604012900070310","Non-Representative",12256,"10",42.494005,-66.372873,250,254,252,21-OCT-16,"04:12:25",42.5033,66.4017,248,21-OCT-16,"03:26","0287","SBE-911+","V",14.53,32.632,9.79,35.012,2,1.39,".77",1,5.4,238
"2016004HB","HB1604","2016","201604012900110311","Non-Representative",12256,"10",42.482047,-66.368907,256,255,256,21-OCT-16,"05:42:46",42.5033,66.4017,248,21-OCT-16,"03:26","0287","SBE-911+","V",14.53,32.632,9.79,35.012,8,1.93,"2.28",1,5.4,238
"2016004HB","HB1604","2016","201604013000020312","Representative",12261,"10",42.446903,-66.683402,335,335,335,21-OCT-16,"08:43:19",42.455,66.7167,336,21-OCT-16,"07:59","0288","SBE-911+","V",15.16,32.878,9.15,35.165,1,1.55,".74",1,5.1,328
"2016004HB","HB1604","2016","201604012100050313","Representative",13188,"10",42.104593,-66.965918,65,67,65,21-OCT-16,"12:31:46",42.0967,66.98,64,21-OCT-16,"12:09","0289","SBE-911+","V",14.46,32.829,10.93,32.939,1,0.79,".38",1,7.4,57
"2016004HB","HB1604","2016","201604013000030314","Representative",12262,"10",42.469598,-67.166368,356,355,356,21-OCT-16,"17:17:14",42.4817,67.1267,344,21-OCT-16,"16:26","0291","SBE-911+","W",14.7,32.633,9.23,35.175,12,1.9,".85",1,5.1,338
"2016004HB","HB1604","2016","201604012700020318","Representative",12239,"10",42.314575,-70.00071,190,195,191,22-OCT-16,"09:43:19",42.3,70.0167,109,22-OCT-16,"09:13","0294","SBE-911+","V",15.03,32.415,7.5,33.235,81,1.13,".51",0,7.1,101
"2016004HB","HB1604","2016","201604012600020319","Representative",12235,"10",42.224803,-70.217473,34,36,36,22-OCT-16,"12:19:59",42.2333,70.23,31,22-OCT-16,"12:02","0295","SBE-911+","V",15.15,32.271,14.72,32.315,3,0.76,".3",1,7.7,23
"2016004HB","HB1604","2016","201604036100040321","Representative",12135,"10",42.10471,-70.2472,64,65,65,22-OCT-16,"16:47:59",42.1067,70.2217,64,22-OCT-16,"15:16","0296","SBE-911+","V",15.07,32.288,12.93,32.69,0,1.14,"1.53",1,7.4,58
"2016004HB","HB1604","2016","201604036100010320","Non-Representative",12135,"10",42.105045,-70.239312,65,64,64,22-OCT-16,"15:34:13",42.1067,70.2217,64,22-OCT-16,"15:16","0296","SBE-911+","V",15.07,32.288,12.93,32.69,1,0.79,".3",1,7.4,58
"2016004HB","HB1604","2016","201604036100020322","Representative",12136,"10",42.091065,-70.382268,62,62,62,22-OCT-16,"18:37:45",42.0933,70.3983,62,22-OCT-16,"18:19","0297","SBE-911+","V",15.3,32.275,10.52,32.757,0,0.73,".31",1,3.6,57
"2016004HB","HB1604","2016","201604036100030323","Representative",12134,"10",42.020585,-70.357773,54,54,54,22-OCT-16,"20:08:33",42.025,70.3767,55,22-OCT-16,"19:51","0298","SBE-911+","V",15.61,32.216,13.89,32.41,1,0.89,".29",1,7.3,45
"2016004HB","HB1604","2016","201604036000030324","Representative",12325,"10",41.978415,-70.218593,39,38,38,22-OCT-16,"21:49:41",41.9883,70.2117,40,22-OCT-16,"21:33","0299","SBE-911+","V",15.58,32.151,14.09,32.408,1,0.67,".28",1,7.5,30
"2016004HB","HB1604","2016","201604035900020326","Representative",12323,"10",41.821657,-70.28974,23,25,25,23-OCT-16,"02:18:59",41.8283,70.275,24,23-OCT-16,"02:05","0301","SBE-911+","V",15.69,32.04,15.71,32.041,1,0.77,".23",1,7.8,14
"2016004HB","HB1604","2016","201604035900010327","Representative",12324,"10",41.834745,-70.404902,25,26,25,23-OCT-16,"04:44:54",41.8367,70.3917,26,23-OCT-16,"04:30","0302","SBE-911+","V",15.52,32.03,15.52,32.031,1,0.6,".25",1,7.5,16
"2016004HB","HB1604","2016","201604036000020328","Representative",12326,"10",41.965945,-70.459213,40,37,39,23-OCT-16,"07:10:41",41.9733,70.4417,43,23-OCT-16,"06:51","0303","SBE-911+","V",15.29,32.117,14.64,32.29,3,0.9,".33",1,7.3,35
"2016004HB","HB1604","2016","201604036000010329","Representative",12327,"10",42.003155,-70.520157,39,37,38,23-OCT-16,"09:10:57",42.015,70.5017,40,23-OCT-16,"08:47","0304","SBE-911+","V",15.03,32.149,14.97,32.196,1,1.09,".4",1,7.7,31
"2016004HB","HB1604","2016","201604036400010330","Representative",12328,"10",42.233828,-70.608622,34,34,34,23-OCT-16,"13:48:23",42.2283,70.595,33,23-OCT-16,"13:27","0305","SBE-911+","V",14.78,32.201,14.59,32.223,1,0.69,".36",1,7.8,24
"2016004HB","HB1604","2016","201604036600020331","Representative",12332,"10",42.256897,-70.5414,62,63,63,23-OCT-16,"15:38:55",42.2717,70.5583,62,23-OCT-16,"15:11","0306","SBE-911+","V",14.58,32.318,11.66,32.428,0,1.16,".47",1,6.5,53
"2016004HB","HB1604","2016","201604036400030332","Non-Representative",12329,"10",42.258973,-70.629447,38,39,39,23-OCT-16,"17:54:07",42.2517,70.61,37,23-OCT-16,"17:33","0307","SBE-911+","V",14.67,32.24,14.57,32.245,1,0.97,".35",1,7.7,27
"2016004HB","HB1604","2016","201604036500010333","Representative",12138,"10",42.324998,-70.68303,50,47,48,23-OCT-16,"20:40:09",42.3217,70.6667,48,23-OCT-16,"20:23","0308","SBE-911+","W",14.58,32.327,14.11,32.361,2,0.75,".29",1,7.3,42
"2016004HB","HB1604","2016","201604036400040334","Representative",13358,"10",42.408483,-70.836318,34,32,33,23-OCT-16,"22:57:28",42.4067,70.8717,31,23-OCT-16,"22:25","0309","SBE-911+","W",14.36,32.248,14.34,32.27,3,1.57,".54",1,7.8,21
"2016004HB","HB1604","2016","201604036600030335","Representative",12331,"10",42.619367,-70.534085,68,68,69,24-OCT-16,"02:34:12",42.635,70.535,63,24-OCT-16,"02:14","0310","SBE-911+","V",14.23,32.412,11.29,32.646,5,0.94,".34",1,6.3,55
"2016004HB","HB1604","2016","201604036600010336","Representative",12333,"10",42.654967,-70.500728,88,85,87,24-OCT-16,"04:09:28",42.64,70.5033,83,24-OCT-16,"03:45","0311","SBE-911+","V",14.08,32.425,10.77,32.871,5,0.91,".41",1,6.6,76
"2016004HB","HB1604","2016","201604036400020338","Representative",12330,"10",42.824647,-70.747082,34,34,34,24-OCT-16,"09:55:56",42.805,70.7433,35,24-OCT-16,"09:34","0313","SBE-911+","V",13.64,31.536,11.55,32.642,1,1.19,".37",1,6.5,25
"2016004HB","HB1604","2016","201604014000010339","Representative",12288,"10",42.868595,-70.604235,85,85,85,24-OCT-16,"13:52:31",42.8833,70.5983,73,24-OCT-16,"13:32","0314","SBE-911+","V",13.91,32.392,9.22,32.729,12,0.92,".34",1,6.5,66
"2016004HB","HB1604","2016","201604014000030340","Representative",12286,"10",42.961495,-70.45441,103,98,101,24-OCT-16,"16:21:38",42.9683,70.4383,101,24-OCT-16,"15:59","0315","SBE-911+","W",13.78,32.495,8.66,32.921,2,0.82,".38",1,6.6,93
"2016004HB","HB1604","2016","201604012600030341","Representative",12232,"10",42.751227,-70.400652,90,93,92,24-OCT-16,"18:41:59",42.7367,70.3933,77,24-OCT-16,"18:18","0316","SBE-911+","V",13.53,32.529,11.6,32.776,13,0.93,".4",1,6.8,72
"2016004HB","HB1604","2016","201604012600060342","Representative",12233,"10",42.667945,-70.294545,150,147,148,24-OCT-16,"20:45:53",42.6883,70.2883,148,24-OCT-16,"20:17","0317","SBE-911+","V",13.52,32.557,10.06,33.122,2,1.25,".48",1,6.8,139
"2016004HB","HB1604","2016","201604012600010343","Representative",12236,"10",42.750713,-70.286328,65,66,65,24-OCT-16,"22:32:52",42.765,70.28,60,24-OCT-16,"22:14","0318","SBE-911+","W",13.35,32.548,9.77,33.012,5,0.9,".31",1,6.8,53
"2016004HB","HB1604","2016","201604012600050344","Representative",12234,"10",42.852485,-70.194138,60,60,60,25-OCT-16,"00:42:03",42.8567,70.175,61,25-OCT-16,"00:23","0319","SBE-911+","V",13.25,32.548,11.72,32.777,1,0.88,".32",1,7.2,52
"2016004HB","HB1604","2016","201604013700020347","Representative",11971,"10",42.815193,-69.310328,77,76,77,25-OCT-16,"13:01:40",42.805,69.2883,76,25-OCT-16,"12:30","0322","SBE-911+","V",12.56,33.131,8.46,33.207,1,1.15,".53",1,7,68
"2016004HB","HB1604","2016","201604013700080349","Representative",11970,"10",42.782075,-69.328285,72,73,72,25-OCT-16,"16:07:49",42.7767,69.2883,73,25-OCT-16,"14:23","0323","SBE-911+","V",12.55,33.128,8.7,33.171,1,1.79,"1.75",1,7,64
"2016004HB","HB1604","2016","201604013700040348","Non-Representative",11970,"10",42.779195,-69.308783,73,72,72,25-OCT-16,"14:42:36",42.7767,69.2883,73,25-OCT-16,"14:23","0323","SBE-911+","V",12.55,33.128,8.7,33.171,0,0.92,".33",1,7,64
"2016004HB","HB1604","2016","201604013700060352","Representative",11975,"10",43.069958,-69.149645,186,188,189,26-OCT-16,"03:07:07",43.085,69.1267,156,26-OCT-16,"02:37","0326","SBE-911+","V",12.6,33.223,7.84,33.387,30,1.35,".5",0,6.6,147
"2016004HB","HB1604","2016","201604013700090353","Representative",13458,"10",43.14431,-69.209343,214,213,213,26-OCT-16,"06:02:16",43.165,69.1983,196,26-OCT-16,"05:30","0327","SBE-911+","V",12.52,33.122,7.48,33.497,18,1.33,".54",1,6.3,189
"2016004HB","HB1604","2016","201604013700050354","Representative",11973,"10",43.229397,-69.175282,180,182,182,26-OCT-16,"08:35:28",43.2417,69.145,183,26-OCT-16,"08:00","0328","SBE-911+","V",12.49,33.238,8.59,33.765,3,1.52,".59",1,6,174
"2016004HB","HB1604","2016","201604013700010355","Representative",11974,"10",43.196342,-68.935997,167,166,168,26-OCT-16,"13:06:37",43.2083,68.91,163,26-OCT-16,"12:35","0329","SBE-911+","V",12.5,33.107,9.31,33.978,4,1.35,".53",1,5.7,157
"2016004HB","HB1604","2016","201604013800020357","Representative",11983,"10",43.406038,-68.410212,189,189,188,26-OCT-16,"19:41:59",43.3917,68.3883,185,26-OCT-16,"19:11","0331","SBE-911+","V",12.88,32.894,8.64,34.176,4,1.29,".52",1,5.7,176
"2016004HB","HB1604","2016","201604013600100359","Representative",12284,"10",43.266723,-67.844867,244,242,242,27-OCT-16,"02:14:19",43.245,67.8433,236,27-OCT-16,"01:28","0333","SBE-911+","V",12.7,33.029,10.02,34.826,8,1.31,".77",1,5.3,228
"2016004HB","HB1604","2016","201604013600080360","Representative",12281,"10",42.993287,-67.938328,192,198,194,27-OCT-16,"06:47:55",42.9783,67.965,178,27-OCT-16,"06:08","0334","SBE-911+","V",13.06,32.794,8.79,34.371,14,1.48,".67",1,5.7,169
"2016004HB","HB1604","2016","201604013600090361","Representative",12276,"10",42.805213,-68.373753,213,214,213,27-OCT-16,"11:22:27",42.83,68.3633,231,27-OCT-16,"10:41","0335","SBE-911+","V",12.8,32.88,8.88,34.532,18,1.56,".69",1,5.4,224
"2016004HB","HB1604","2016","201604012400010362","Representative",12225,"10",42.421343,-68.600565,199,197,197,27-OCT-16,"15:06:35",42.4067,68.6117,201,27-OCT-16,"14:35","0336","SBE-911+","V",13.06,32.858,8.43,34.242,2,1.01,".53",1,5.7,194
"2016004HB","HB1604","2016","201604036500050363","Representative",13320,"10",42.200585,-70.575365,47,48,47,02-NOV-16,"04:45:34",42.2117,70.585,40,02-NOV-16,"04:25","0337","SBE-911+","V",12.92,32.265,12.76,32.3,7,0.79,".34",1,7.4,32
"2016004HB","HB1604","2016","201604035600050364","Representative",13396,"10",42.086548,-70.11733,20,21,20,02-NOV-16,"09:10:38",42.08,70.1,22,02-NOV-16,"08:51","0338","SBE-911+","W",12.76,32.461,12.76,32.46,2,0.87,".33",1,8.2,12
"2016004HB","HB1604","2016","201604035600060365","Representative",13236,"10",41.81492,-69.906332,23,22,23,02-NOV-16,"12:49:17",41.8033,69.9,24,02-NOV-16,"12:34","0339","SBE-911+","V",12.77,32.548,12.77,32.552,1,0.75,".25",1,8.3,17
"2016004HB","HB1604","2016","201604035600030366","Representative",12321,"10",41.792017,-69.90337,22,23,22,02-NOV-16,"14:49:01",41.7833,69.8983,22,02-NOV-16,"14:34","0340","SBE-911+","V",12.76,32.542,12.72,32.548,0,0.57,".25",1,8.3,12
"2016004HB","HB1604","2016","201604012500010367","Representative",12230,"10",41.73833,-69.841697,42,45,44,02-NOV-16,"17:20:29",41.7267,69.835,41,02-NOV-16,"17:01","0341","SBE-911+","V",12.83,32.585,12.34,32.715,1,0.76,".32",1,8,32
"2016004HB","HB1604","2016","201604012300060368","Representative",12217,"10",41.82738,-69.780855,116,117,116,02-NOV-16,"19:13:10",41.845,69.7833,119,02-NOV-16,"18:51","0342","SBE-911+","V",12.8,32.592,9.11,33.116,3,1.06,".37",1,6.9,110
"2016004HB","HB1604","2016","201604012300050369","Representative",12215,"10",41.872658,-69.78779,117,115,115,02-NOV-16,"21:43:48",41.8583,69.79,117,02-NOV-16,"21:18","0343","SBE-911+","V",12.71,32.644,8.68,33.116,0,0.87,".43",1,7,109
"2016004HB","HB1604","2016","201604012700010370","Representative",12238,"10",42.158127,-69.763777,217,216,215,03-NOV-16,"00:47:06",42.185,69.77,214,03-NOV-16,"00:09","0344","SBE-911+","V",12.5,32.746,7.77,33.924,3,1.64,".63",1,6,207
"2016004HB","HB1604","2016","201604012800010371","Representative",12245,"10",42.556935,-69.69343,259,259,259,03-NOV-16,"04:34:20",42.5833,69.6933,253,03-NOV-16,"03:54","0345","SBE-911+","W",11.92,32.952,8.73,34.49,6,1.58,".67",1,5,247
"2016004HB","HB1604","2016","201604012800060372","Representative",12244,"10",42.387763,-69.518432,248,245,246,03-NOV-16,"07:14:19",42.4,69.5483,272,03-NOV-16,"06:36","0347","SBE-911+","V",12.19,32.834,8.46,34.314,24,1.51,".64",1,5.4,266
"2016004HB","HB1604","2016","201604012800020373","Representative",12246,"10",42.212312,-69.517727,233,232,232,03-NOV-16,"09:43:42",42.1917,69.5233,234,03-NOV-16,"09:05","0348","SBE-911+","V",12.21,32.842,,,1,1.26,".65",0,5.6,222
"2016004HB","HB1604","2016","201604012800050375","Representative",12243,"10",42.02018,-69.188945,208,207,208,03-NOV-16,"14:48:02",42.0133,69.1633,208,03-NOV-16,"14:11","0350","SBE-911+","V",13.14,32.654,,,0,1.22,".62",0,5.9,197
"2016004HB","HB1604","2016","201604012400060376","Representative",12222,"10",41.874205,-69.123587,207,208,207,03-NOV-16,"17:31:53",41.85,69.125,205,03-NOV-16,"16:58","0351","SBE-911+","V",13.14,32.639,7.64,33.863,2,1.46,".56",1,5.9,197
"2016004HB","HB1604","2016","201604012400050377","Representative",12221,"10",41.899657,-68.945978,174,170,171,03-NOV-16,"19:53:13",41.9167,68.935,167,03-NOV-16,"19:22","0352","SBE-911+","V",13.12,32.656,6.89,33.391,7,1.14,".52",1,6.7,159
"2016004HB","HB1604","2016","201604012800030380","Representative",12247,"10",42.337913,-68.845697,216,215,215,04-NOV-16,"05:49:36",42.3167,68.8317,210,04-NOV-16,"05:13","0355","SBE-911+","W",12.67,32.747,8.62,34.29,6,1.42,".61",1,5.6,201
"2016004HB","HB1604","2016","201604013600060381","Representative",12277,"10",42.949988,-67.628863,216,215,216,04-NOV-16,"14:30:59",42.9717,67.6067,211,04-NOV-16,"13:52","0356","SBE-911+","W",12.43,33.172,,,5,1.63,".65",0,5.6,192
"2016004HB","HB1604","2016","201604012900060383","Representative",12253,"10",42.738117,-67.205992,237,237,236,04-NOV-16,"20:43:05",42.72,67.195,227,04-NOV-16,"19:59","0359","SBE-911+","V",12.41,32.371,9.4,35.159,10,1.19,".73",1,5.1,222
"2016004HB","HB1604","2016","201604012900120384","Representative",13415,"10",42.634732,-67.206122,287,286,286,04-NOV-16,"22:48:09",42.6467,67.245,269,04-NOV-16,"22:04","0360","SBE-911+","V",12.39,32.444,9.52,35.152,18,1.86,".74",1,5,262
"2016004HB","HB1604","2016","201604012900010385","Representative",12254,"10",42.682233,-66.890875,202,202,202,05-NOV-16,"01:34:29",42.68,66.9217,214,05-NOV-16,"00:52","0361","SBE-911+","V",13.42,32.387,9.42,35.224,12,1.37,".71",1,5.2,211
"2016004HB","HB1604","2016","201604013600020386","Representative",12275,"10",42.846985,-66.959318,214,214,215,05-NOV-16,"04:31:33",42.87,66.9533,208,05-NOV-16,"03:43","0362","SBE-911+","W",12.49,32.136,,,6,1.41,".81",0,5.3,197
"2016004HB","HB1604","2016","201604013400050387","Representative",12263,"10",43.34067,-66.631228,100,98,99,05-NOV-16,"09:53:58",43.3117,66.5467,90,05-NOV-16,"08:50","0363","SBE-911+","V",11.92,31.939,11.95,33.515,10,4.08,"1.07",0,6.9,84
"2016004HB","HB1604","2016","201604013400010388","Representative",12266,"10",43.31301,-66.8569,192,194,192,05-NOV-16,"12:26:05",43.2967,66.8567,192,05-NOV-16,"11:52","0364","SBE-911+","W",12.34,32.708,10.06,34.713,0,0.98,".57",1,5.6,186
"2016004HB","HB1604","2016","201604013400030390","Representative",12268,"10",43.899485,-67.100383,162,160,161,05-NOV-16,"18:24:31",43.9183,67.1017,161,05-NOV-16,"17:57","0366","SBE-911+","V",12.19,32.574,10.88,34.705,1,1.13,".46",1,5.5,154
"2016004HB","HB1604","2016","201604013600070391","Representative",12274,"10",43.811558,-67.394398,206,212,210,05-NOV-16,"20:54:05",43.835,67.3717,219,05-NOV-16,"20:15","0367","SBE-911+","V",12.03,32.839,10.58,34.802,13,1.72,".65",1,5.4,212
"2016004HB","HB1604","2016","201604013400060392","Representative",12264,"10",43.895132,-67.357183,227,223,225,05-NOV-16,"23:24:23",43.89,67.3367,218,05-NOV-16,"22:16","0368","SBE-911+","V",11.89,32.639,10.67,34.847,9,0.94,"1.14",1,5.3,211
"2016004HB","HB1604","2016","201604013400040393","Representative",12265,"10",44.067005,-67.295802,157,162,159,06-NOV-16,"01:29:53",44.0583,67.3167,158,06-NOV-16,"01:01","0370","SBE-911+","V",11.93,32.726,10.55,34.736,1,1.04,".48",1,5.3,151
"2016004HB","HB1604","2016","201604013400020394","Representative",12267,"10",44.006562,-67.068033,153,155,154,06-NOV-16,"03:49:00",44.0217,67.0483,141,06-NOV-16,"03:16","0371","SBE-911+","V",11.86,32.716,10.84,34.707,12,1.25,".55",1,5.5,133
"2016004HB","HB1604","2016","201604013510020396","Representative",12272,"10",44.269017,-66.682757,191,193,192,06-NOV-16,"09:17:42",44.2917,66.6767,191,06-NOV-16,"08:39","0373","SBE-911+","W",12.09,32.796,11.31,34.502,0,1.39,".65",1,5.8,185
"2016004HB","HB1604","2016","201604013510030397","Representative",12270,"10",44.299557,-66.628213,197,200,199,06-NOV-16,"11:41:35",44.2733,66.6233,203,06-NOV-16,"10:59","0374","SBE-911+","V",12.12,32.884,11.7,34.246,6,1.59,".71",1,6,196
"2016004HB","HB1604","2016","201604013510040398","Representative",12271,"10",44.244933,-67.24927,192,195,191,06-NOV-16,"15:42:28",44.255,67.2117,193,06-NOV-16,"15:02","0375","SBE-911+","W",12.13,32.592,10.39,34.66,1,1.73,".67",1,5.4,189
"2016004HB","HB1604","2016","201604013900080399","Representative",13326,"10",44.34041,-67.496445,101,97,101,06-NOV-16,"19:15:41",44.3217,67.5067,102,06-NOV-16,"18:50","0376","SBE-911+","V",12.02,32.737,11.78,33.188,1,1.21,".43",1,7.5,96
"2016004HB","HB1604","2016","201604013600110401","Representative",12283,"10",44.187928,-67.526785,195,194,194,06-NOV-16,"23:25:07",44.1767,67.5417,197,06-NOV-16,"22:47","0378","SBE-911+","V",11.79,32.766,10.07,34.745,2,0.93,".64",1,5.2,194
"2016004HB","HB1604","2016","201604013600030402","Representative",12282,"10",44.060325,-67.601578,204,196,200,07-NOV-16,"02:21:14",44.08,67.5817,262,07-NOV-16,"01:38","0379","SBE-911+","V",11.69,32.849,9.95,34.751,58,1.46,".72",0,5.2,256
"2016004HB","HB1604","2016","201604013900040403","Representative",11989,"10",44.240873,-67.932023,74,75,74,07-NOV-16,"05:49:03",44.2333,67.955,75,07-NOV-16,"05:24","0380","SBE-911+","W",11.66,32.794,11.99,32.991,1,1.09,".42",1,7.7,69
"2016004HB","HB1604","2016","201604013900030404","Representative",11985,"10",44.054998,-68.007138,127,127,127,07-NOV-16,"10:03:54",44.0383,67.995,144,07-NOV-16,"09:25","0381","SBE-911+","V",11.78,32.879,11.53,33.887,17,1.13,".65",1,6.3,139
"2016004HB","HB1604","2016","201604013600010405","Representative",12279,"10",43.914832,-67.833892,178,181,179,07-NOV-16,"12:54:22",43.8983,67.8567,187,07-NOV-16,"12:14","0382","SBE-911+","W",11.94,32.517,10.11,34.636,9,1.4,".67",1,5.3,179
"2016004HB","HB1604","2016","201604013800030407","Representative",11979,"10",43.721543,-68.060353,175,173,175,07-NOV-16,"17:40:52",43.71,68.07,174,07-NOV-16,"17:12","0384","SBE-911+","V",12.06,32.581,9.51,34.628,1,0.81,".48",1,4.9,167
"2016004HB","HB1604","2016","201604013900090409","Representative",11986,"10",43.839413,-68.597032,112,110,109,07-NOV-16,"23:30:17",43.83,68.615,104,07-NOV-16,"22:14","0385","SBE-911+","V",11.77,32.701,12.12,33.218,8,0.96,"1.27",1,7.3,95
"2016004HB","HB1604","2016","201604013900010408","Non-Representative",11986,"10",43.842578,-68.594385,113,110,112,07-NOV-16,"22:41:46",43.83,68.615,104,07-NOV-16,"22:14","0385","SBE-911+","V",11.77,32.701,12.12,33.218,9,1.17,".46",1,7.3,95
"2016004HB","HB1604","2016","201604013800040410","Representative",11984,"10",43.61592,-68.930347,124,128,129,08-NOV-16,"07:57:35",43.6317,68.9033,120,08-NOV-16,"07:23","0386","SBE-911+","W",11.76,32.563,12.17,33.426,4,1.51,".58",1,6.9,114
"2016004HB","HB1604","2016","201604014000060412","Representative",13359,"10",43.694195,-69.521853,119,124,121,08-NOV-16,"18:08:00",43.7067,69.515,113,08-NOV-16,"14:27","0387","SBE-911+","W",11.86,32.962,11.59,33.366,6,0.81,"3.68",1,6.6,110
"2016004HB","HB1604","2016","201604013800010413","Representative",11978,"10",43.602187,-69.455955,156,151,152,08-NOV-16,"20:46:01",43.6167,69.455,142,08-NOV-16,"20:21","0388","SBE-911+","V",12.2,32.689,10.63,33.588,14,0.87,".42",1,6.1,137
"2016004HB","HB1604","2016","201604013800060414","Representative",11980,"10",43.526543,-69.574505,160,156,157,08-NOV-16,"23:05:18",43.5083,69.5817,158,08-NOV-16,"22:36","0389","SBE-911+","V",12.02,32.619,9.36,33.557,2,1.14,".49",1,5.9,152
"2016004HB","HB1604","2016","201604013800050415","Representative",11982,"10",43.296743,-69.52282,163,165,164,09-NOV-16,"02:00:48",43.31,69.5083,189,09-NOV-16,"01:31","0390","SBE-911+","V",11.99,33.069,7.72,33.454,26,1.02,".5",0,6,181
"2016004HB","HB1604","2016","201604012700050416","Representative",12241,"10",43.319252,-70.021405,164,164,162,09-NOV-16,"05:11:07",43.325,70.0483,199,09-NOV-16,"04:38","0391","SBE-911+","W",12.03,32.954,8.93,33.484,35,1.22,".55",0,5.9,193
"2016004HB","HB1604","2016","201604012800080418","Representative",12249,"10",43.033818,-69.949597,215,214,214,09-NOV-16,"09:37:04",43.0667,69.915,198,09-NOV-16,"07:42","0392","SBE-911+","W",11.98,33.138,8.21,34.169,17,2.49,"1.92",1,5.5,190
"2016004HB","HB1604","2016","201604012800040417","Non-Representative",12249,"10",43.05099,-69.93792,209,210,209,09-NOV-16,"08:18:27",43.0667,69.915,198,09-NOV-16,"07:42","0392","SBE-911+","W",11.98,33.138,8.21,34.169,11,1.38,".61",1,5.5,190
"2017002HB","HB1702","2017","201702017400030002","Representative",14871,"10",38.744243,-73.374938,80,79,79,07-MAR-17,"10:16:11",38.7517,73.36,79,07-MAR-17,"09:55","0001","SBE-911+","V",9.71,34.315,9.36,34.446,1,0.83,".35",1,7.9,73
"2017002HB","HB1702","2017","201702017100010006","Representative",14826,"10",38.467433,-73.368272,119,120,119,07-MAR-17,"19:23:20",38.475,73.3517,124,07-MAR-17,"18:59","0005","SBE-911+","W",10.15,34.352,13.1,35.479,5,0.9,".41",1,6.6,116
"2017002HB","HB1702","2017","201702017200010007","Representative",14862,"10",38.409667,-73.402667,276,276,276,07-MAR-17,"21:10:18",38.43,73.38,403,07-MAR-17,"20:22","0006","SBE-911+","V",10.85,34.61,6.84,35.162,127,1.62,".81",0,5.3,402
"2017002HB","HB1702","2017","201702017000050009","Representative",14728,"10",38.498162,-73.701427,68,69,69,08-MAR-17,"01:36:45",38.4983,73.6883,70,08-MAR-17,"01:06","0007","SBE-911+","V",10.24,34.641,10.02,34.612,2,0.62,".51",1,8.1,68
"2017002HB","HB1702","2017","201702016900070011","Representative",14887,"10",38.700958,-73.809547,51,51,51,08-MAR-17,"07:00:19",38.7133,73.7967,51,08-MAR-17,"06:40","0008","SBE-911+","V",8.94,34.366,8.28,34.326,0,0.96,".34",1,8.6,44
"2017002HB","HB1702","2017","201702016900050014","Representative",14802,"10",38.257887,-74.208745,57,59,58,08-MAR-17,"14:47:03",38.2783,74.2033,59,08-MAR-17,"14:23","0010","SBE-911+","V",8.33,34.281,8.33,34.284,2,1.25,".4",1,8.7,52
"2017002HB","HB1702","2017","201702017100030015","Representative",14748,"10",38.100862,-73.884722,130,131,131,08-MAR-17,"17:32:07",38.1183,73.8783,129,08-MAR-17,"17:08","0011","SBE-911+","V",11.12,34.845,12.04,35.172,1,1.09,".4",1,7,119
"2017002HB","HB1702","2017","201702017000010016","Representative",14733,"10",37.960193,-74.180667,93,90,91,08-MAR-17,"19:50:14",37.9717,74.17,95,08-MAR-17,"19:30","0012","SBE-911+","V",11.15,34.83,11.06,34.908,2,0.86,".34",1,7.8,89
"2017002HB","HB1702","2017","201702017000020017","Representative",14704,"10",37.89832,-74.364025,66,69,68,08-MAR-17,"21:42:27",37.91,74.37,66,08-MAR-17,"21:24","0013","SBE-911+","V",10.49,34.727,10.26,34.745,0,0.76,".31",1,8.2,58
"2017002HB","HB1702","2017","201702017000040018","Representative",14833,"10",37.86601,-74.266983,78,79,79,08-MAR-17,"23:22:16",37.855,74.2767,80,08-MAR-17,"23:00","0014","SBE-911+","V",11,34.84,10.77,34.852,2,0.81,".37",1,7.9,73
"2017002HB","HB1702","2017","201702017200020019","Representative",14720,"10",37.848355,-74.110062,228,227,228,09-MAR-17,"01:25:20",37.875,74.1067,185,09-MAR-17,"00:48","0015","SBE-911+","V",11.86,35.058,12.71,35.437,43,1.61,".62",0,6.7,176
"2017002HB","HB1702","2017","201702017200030020","Representative",14657,"10",37.681865,-74.213365,235,241,242,09-MAR-17,"03:42:43",37.705,74.2033,197,09-MAR-17,"03:05","0016","SBE-911+","V",12.01,35.127,,,38,1.47,".63",0,4.4,185
"2017002HB","HB1702","2017","201702016600020022","Representative",14815,"10",37.582428,-74.466678,71,72,72,09-MAR-17,"07:24:25",37.5967,74.46,68,09-MAR-17,"07:03","0017","SBE-911+","V",11.46,35.054,11.47,35.065,3,0.91,".36",1,7.9,61
"2017002HB","HB1702","2017","201702016800030023","Representative",14895,"10",37.505943,-74.346217,216,214,215,09-MAR-17,"09:27:59",37.5283,74.3267,225,09-MAR-17,"08:53","0018","SBE-911+","V",12,35.156,12.04,35.588,9,1.63,".58",1,4.4,218
"2017002HB","HB1702","2017","201702016800010024","Representative",14828,"10",37.449352,-74.412872,221,216,219,09-MAR-17,"11:44:02",37.4767,74.385,280,09-MAR-17,"10:24","0019","SBE-911+","V",11.9,35.17,9.85,35.361,59,2.11,"1.33",0,4.2,277
"2017002HB","HB1702","2017","201702016700030027","Representative",14878,"10",37.152722,-74.568977,125,125,125,09-MAR-17,"17:22:40",37.17,74.57,122,09-MAR-17,"16:59","0022","SBE-911+","V",11.25,34.999,11.99,35.282,3,1.04,".39",1,7.6,114
"2017002HB","HB1702","2017","201702016600030028","Representative",14727,"10",36.811098,-74.741752,82,82,82,09-MAR-17,"20:14:05",36.825,74.7433,81,09-MAR-17,"19:54","0023","SBE-911+","W",9.85,34.557,10.68,34.969,1,0.84,".33",1,8.1,73
"2017002HB","HB1702","2017","201702016700010029","Representative",14778,"10",36.76571,-74.659847,179,178,180,09-MAR-17,"21:59:05",36.79,74.6583,187,09-MAR-17,"21:21","0024","SBE-911+","V",11.26,34.979,12.41,35.523,8,1.46,".63",1,5.9,186
"2017002HB","HB1702","2017","201702016800020030","Representative",14794,"10",36.550448,-74.731455,227,225,219,10-MAR-17,"00:20:41",36.575,74.7267,190,09-MAR-17,"23:47","0025","SBE-911+","V",11.14,34.952,12.26,35.483,37,1.49,".56",0,6.1,180
"2017002HB","HB1702","2017","201702016300020031","Representative",14835,"10",36.459075,-74.772098,126,125,124,10-MAR-17,"02:22:23",36.485,74.785,93,10-MAR-17,"01:46","0026","SBE-911+","V",9.33,34.411,10.83,34.982,33,1.68,".61",0,7.9,86
"2017002HB","HB1702","2017","201702016400030032","Representative",14821,"10",36.422162,-74.782387,150,150,149,10-MAR-17,"03:46:21",36.4433,74.7867,100,10-MAR-17,"03:20","0027","SBE-911+","V",9.58,34.393,11.9,35.26,50,1.29,".44",0,7.3,92
"2017002HB","HB1702","2017","201702016200020033","Representative",14673,"10",36.401217,-74.847493,70,69,70,10-MAR-17,"05:26:13",36.4133,74.845,69,10-MAR-17,"05:06","0028","SBE-911+","V",12.46,35.143,11.47,34.979,1,0.74,".34",1,8.1,63
"2017002HB","HB1702","2017","201702016300030034","Representative",14841,"10",36.392623,-74.784278,126,127,126,10-MAR-17,"07:12:04",36.4117,74.78,180,10-MAR-17,"06:37","0029","SBE-911+","V",9.22,34.361,11.96,35.351,54,1.16,".58",0,6.7,172
"2017002HB","HB1702","2017","201702016400010035","Representative",14588,"10",36.283032,-74.781583,170,166,173,10-MAR-17,"09:00:39",36.305,74.7833,215,10-MAR-17,"08:23","0030","SBE-911+","V",14.31,35.579,,,45,1.32,".63",0,5.5,199
"2017002HB","HB1702","2017","201702016200010036","Representative",14866,"10",36.173,-74.841333,94,94,94,10-MAR-17,"11:10:52",36.19,74.84,93,10-MAR-17,"10:46","0031","SBE-911+","V",16.48,35.981,12.77,35.412,1,1.02,".41",1,7.4,85
"2017002HB","HB1702","2017","201702016100040037","Representative",14908,"10",35.868368,-75.014652,47,44,46,10-MAR-17,"18:44:33",35.855,75.0067,49,10-MAR-17,"18:26","0032","SBE-911+","V",15.65,35.354,,,2,0.89,".31",0,7.9,38
"2017002HB","HB1702","2017","201702016100030038","Representative",14693,"10",35.905187,-75.102655,34,35,35,10-MAR-17,"20:10:41",35.8967,75.0983,33,10-MAR-17,"19:56","0033","SBE-911+","V",14.02,34.647,13.79,35.423,1,0.55,".24",1,7.2,24
"2017002HB","HB1702","2017","201702034400030040","Representative",14854,"10",35.71963,-75.397815,27,29,28,11-MAR-17,"06:47:44",35.7083,75.4033,25,11-MAR-17,"00:07","0034","SBE-911+","V",12.9,33.943,13.22,34.106,2,0.73,"6.68",1,7.7,19
"2017002HB","HB1702","2017","201702034400030039","Non-Representative",14854,"10",35.718333,-75.405833,25,27,25,11-MAR-17,"00:23:11",35.7083,75.4033,25,11-MAR-17,"00:07","0034","SBE-911+","V",12.9,33.943,13.22,34.106,0,0.62,".27",1,7.7,19
"2017002HB","HB1702","2017","201702034400030040","Representative",14854,"10",35.71963,-75.397815,27,29,28,11-MAR-17,"06:47:44",35.6933,75.4017,25,11-MAR-17,"06:16","0035","SBE-911+","V",12.23,33.847,12.22,33.841,2,1.59,".53",1,7.9,16
"2017002HB","HB1702","2017","201702034400030039","Non-Representative",14854,"10",35.718333,-75.405833,25,27,25,11-MAR-17,"00:23:11",35.6933,75.4017,25,11-MAR-17,"06:16","0035","SBE-911+","V",12.23,33.847,12.22,33.841,0,1.52,"5.88",1,7.9,16
"2017002HB","HB1702","2017","201702016100010041","Representative",14540,"10",35.535653,-75.087058,39,39,39,11-MAR-17,"10:21:49",35.5217,75.08,37,11-MAR-17,"09:52","0036","SBE-911+","V",16.17,35.265,16.33,35.304,2,0.91,".5",1,6.9,30
"2017002HB","HB1702","2017","201702034400010042","Representative",14651,"10",35.506945,-75.266838,30,29,29,11-MAR-17,"12:47:02",35.495,75.2633,30,11-MAR-17,"12:26","0037","SBE-911+","V",14.58,34.509,14.63,34.66,0,0.74,".35",1,7.3,21
"2017002HB","HB1702","2017","201702034400020043","Representative",14546,"10",35.399797,-75.398347,23,23,23,11-MAR-17,"14:44:25",35.3917,75.3983,22,11-MAR-17,"14:28","0038","SBE-911+","V",13.92,34.381,13.89,34.386,1,0.49,".27",1,7.4,14
"2017002HB","HB1702","2017","201702085000020044","Representative",14643,"10",35.268733,-75.244613,26,25,25,11-MAR-17,"17:02:04",35.2617,75.2517,28,11-MAR-17,"16:47","0039","SBE-911+","V",18.69,35.99,18.78,36.03,2,0.55,".25",1,6.8,19
"2017002HB","HB1702","2017","201702034400040045","Representative",14580,"10",35.237048,-75.29928,27,22,25,11-MAR-17,"18:26:14",35.2217,75.295,29,11-MAR-17,"18:08","0040","SBE-911+","V",17.46,35.646,17.31,35.634,2,0.95,".3",1,7.1,21
"2017002HB","HB1702","2017","201702085000010046","Representative",14760,"10",35.028872,-75.509653,39,38,39,11-MAR-17,"21:03:22",35.0333,75.4917,39,11-MAR-17,"20:42","0041","SBE-911+","V",15.89,35.097,17.16,35.831,0,0.92,".36",1,7.1,30
"2017002HB","HB1702","2017","201702075200010047","Representative",14927,"10",34.947165,-75.750745,30,29,28,11-MAR-17,"23:55:52",34.9483,75.7333,30,11-MAR-17,"23:36","0042","SBE-911+","V",20.59,36.554,17.95,36.422,0,0.86,".33",1,7,23
"2017002HB","HB1702","2017","201702075200030048","Representative",15005,"10",34.952052,-75.808057,27,27,26,12-MAR-17,"01:05:25",34.95,75.78,29,12-MAR-17,"00:42","0043","SBE-911+","V",20.17,36.569,17.82,36.381,2,1.39,".39",1,7,19
"2017002HB","HB1702","2017","201702085000030049","Representative",14906,"10",34.853572,-75.77517,33,33,33,12-MAR-17,"02:40:52",34.8583,75.7883,29,12-MAR-17,"02:21","0044","SBE-911+","V",20.01,36.556,19.9,36.554,4,0.71,".33",1,6.8,20
"2017002HB","HB1702","2017","201702085100020050","Representative",14548,"10",34.586435,-75.7843,65,64,65,12-MAR-17,"05:26:40",34.5767,75.8,63,12-MAR-17,"05:07","0045","SBE-911+","V",21.8,36.53,17.84,36.433,2,0.97,".33",1,6.9,58
"2017002HB","HB1702","2017","201702085300010052","Representative",14717,"10",34.443882,-75.73893,341,339,340,12-MAR-17,"10:07:28",34.4567,75.7317,340,12-MAR-17,"09:07","0047","SBE-911+","V",22.74,36.624,10.62,35.43,1,0.85,"1.01",1,4,331
"2017002HB","HB1702","2017","201702085300020053","Representative",14674,"10",34.604712,-75.63348,277,279,279,12-MAR-17,"13:03:56",34.625,75.6183,265,12-MAR-17,"12:21","0048","SBE-911+","V",22.7,36.579,11.13,35.488,12,1.43,".72",1,3.9,261
"2017002HB","HB1702","2017","201702085200010054","Representative",14796,"10",34.672313,-75.609858,177,177,178,12-MAR-17,"15:13:24",34.69,75.595,168,12-MAR-17,"14:40","0049","SBE-911+","V",23.21,36.558,14.84,36.03,9,1.29,".56",1,4.2,162
"2017002HB","HB1702","2017","201702085100030055","Representative",14761,"10",34.718737,-75.644677,68,68,68,12-MAR-17,"16:47:02",34.7117,75.6533,67,12-MAR-17,"16:27","0050","SBE-911+","V",23.12,36.553,20.14,36.463,1,0.6,".33",1,6.1,61
"2017002HB","HB1702","2017","201702085100010056","Representative",14771,"10",34.770793,-75.545467,124,125,125,12-MAR-17,"18:16:26",34.76,75.5567,124,12-MAR-17,"17:51","0051","SBE-911+","V",22.37,36.561,18.81,36.478,0,0.85,".42",1,6.2,118
"2017002HB","HB1702","2017","201702085300030057","Representative",14885,"10",34.895517,-75.351093,266,273,271,12-MAR-17,"20:28:00",34.88,75.37,260,12-MAR-17,"19:51","0052","SBE-911+","V",22.29,36.606,11.52,35.543,6,1.32,".62",1,4,257
"2017002HB","HB1702","2017","201702085200030058","Representative",14622,"10",35.31541,-74.975572,116,118,118,13-MAR-17,"00:28:47",35.2983,74.9917,116,12-MAR-17,"23:44","0053","SBE-911+","V",22.93,36.613,19.29,36.355,0,1.3,".75",1,6.5,111
"2017002HB","HB1702","2017","201702016300010060","Representative",15014,"10",35.591168,-74.802603,117,117,119,13-MAR-17,"06:08:36",35.6083,74.8133,142,13-MAR-17,"05:39","0054","SBE-911+","V",14.66,35.188,12.45,35.377,25,1.15,".49",0,6.7,137
"2017002HB","HB1702","2017","201702016200030061","Representative",14645,"10",35.740993,-74.893483,77,76,77,13-MAR-17,"08:30:37",35.7217,74.8817,78,13-MAR-17,"08:09","0055","SBE-911+","V",15.78,35.752,12.9,35.195,1,1.29,".36",1,7.5,71
"2017002HB","HB1702","2017","201702034100030063","Representative",14558,"10",36.219523,-75.624702,28,28,28,16-MAR-17,"03:25:59",36.2333,75.6217,25,16-MAR-17,"03:07","0056","SBE-911+","W",8.76,33.283,8.81,33.299,3,0.84,".32",1,8.5,16
"2017002HB","HB1702","2017","201702034100040064","Representative",14800,"10",35.915618,-75.460007,24,23,24,16-MAR-17,"06:29:49",35.9317,75.455,23,16-MAR-17,"06:12","0057","SBE-911+","V",8.86,33.243,8.88,33.243,1,1,".3",1,8.4,15
"2017002HB","HB1702","2017","201702016100050066","Representative",14899,"10",36.123803,-75.34816,35,34,35,19-MAR-17,"01:08:15",36.125,75.3483,36,19-MAR-17,"00:48","0058","SBE-911+","V",8.94,33.275,9.47,34.033,1,0.07,".34",1,8.3,26
"2017002HB","HB1702","2017","201702034100010069","Representative",14822,"10",36.456735,-75.599262,27,26,26,19-MAR-17,"07:12:50",36.4433,75.6033,28,19-MAR-17,"06:55","0059","SBE-911+","V",8.81,33.284,9.01,33.896,1,0.83,".3",1,8.4,20
"2017002HB","HB1702","2017","201702033800030070","Representative",14882,"10",36.812865,-75.685008,21,22,22,19-MAR-17,"10:38:38",36.8067,75.695,19,19-MAR-17,"10:18","0060","SBE-911+","V",7.64,30.806,7.65,32.524,2,0.61,".34",1,8.7,13
"2017002HB","HB1702","2017","201702033800010071","Representative",14675,"10",37.118608,-75.638192,,,,19-MAR-17,"14:31:57",37.11,75.6483,18,19-MAR-17,"14:09","0061","SBE-911+","V",7.42,33.311,7.42,33.312,,0.71,".38",0,8.8,13
"2017002HB","HB1702","2017","201702033500020072","Representative",14837,"10",37.289742,-75.496665,21,24,23,19-MAR-17,"21:07:12",37.2817,75.5017,22,19-MAR-17,"17:34","0062","SBE-911+","V",7.04,33.567,7.03,33.569,1,0.54,"3.55",1,8.8,13
"2017002HB","HB1702","2017","201702033500020072","Representative",14837,"10",37.289742,-75.496665,21,24,23,19-MAR-17,"21:07:12",37.2833,75.5017,21,19-MAR-17,"20:51","0063","SBE-911+","W",7.08,33.64,7.07,33.642,0,0.46,".27",1,8.8,13
"2017002HB","HB1702","2017","201702033500010075","Representative",14695,"10",37.48056,-75.396713,23,23,23,20-MAR-17,"01:57:39",37.4567,75.3917,27,20-MAR-17,"01:33","0064","SBE-911+","V",6.82,33.643,6.82,33.643,4,1.45,".41",1,8.9,20
"2017002HB","HB1702","2017","201702033200030076","Representative",14664,"10",37.56064,-75.36489,25,25,26,20-MAR-17,"03:52:10",37.55,75.375,24,20-MAR-17,"03:33","0065","SBE-911+","V",6.66,33.476,6.7,33.489,1,0.8,".32",1,8.9,16
"2017002HB","HB1702","2017","201702033200020077","Representative",14578,"10",37.632787,-75.332008,24,22,23,20-MAR-17,"05:12:12",37.62,75.3383,25,20-MAR-17,"04:53","0066","SBE-911+","V",6.45,33.233,6.46,33.237,1,0.82,".32",1,8.9,18
"2017002HB","HB1702","2017","201702016500050079","Representative",14671,"10",37.328553,-75.192167,30,30,30,20-MAR-17,"10:28:21",37.32,75.205,29,20-MAR-17,"10:05","0067","SBE-911+","V",7.04,33.924,7.05,33.926,1,0.8,".39",1,8.9,22
"2017002HB","HB1702","2017","201702016500010082","Representative",14681,"10",37.74026,-74.965977,30,33,30,20-MAR-17,"17:41:00",37.73,74.9667,33,20-MAR-17,"17:25","0068","SBE-911+","V",6.68,33.477,6.49,33.485,3,0.62,".27",1,9.1,25
"2017002HB","HB1702","2017","201702033200010085","Representative",14635,"10",37.804793,-75.134508,26,27,27,20-MAR-17,"21:41:54",37.7967,75.145,25,20-MAR-17,"21:25","0069","SBE-911+","V",6.13,32.956,6.01,32.989,1,0.7,".28",1,9.2,16
"2017002HB","HB1702","2017","201702032900010088","Representative",14886,"10",38.215645,-74.969332,24,23,23,21-MAR-17,"07:35:03",38.2117,74.9833,23,21-MAR-17,"07:15","0070","SBE-911+","V",5.73,32.411,5.56,32.462,1,0.7,".33",1,9.3,15
"2017002HB","HB1702","2017","201702032900030090","Representative",14583,"10",38.481637,-74.837068,25,24,25,21-MAR-17,"11:37:44",38.4683,74.8283,25,21-MAR-17,"11:16","0071","SBE-911+","V",5.24,32.341,5.22,32.6,0,0.9,".36",1,9.2,17
"2017002HB","HB1702","2017","201702032600020091","Representative",14889,"10",38.662152,-74.848597,29,27,28,21-MAR-17,"13:25:34",38.65,74.8417,30,21-MAR-17,"13:07","0072","SBE-911+","V",5.18,31.641,5.14,32.88,1,0.8,".31",1,9.2,22
"2017002HB","HB1702","2017","201702032600010093","Representative",14875,"10",38.75835,-74.778813,18,20,19,21-MAR-17,"15:57:01",38.7483,74.7883,18,21-MAR-17,"15:40","0073","SBE-911+","V",5.29,33.239,5,33.249,0,0.75,".28",1,9.1,12
"2017002HB","HB1702","2017","201702032300030095","Representative",14911,"10",38.96948,-74.563347,17,17,17,21-MAR-17,"20:54:31",38.965,74.5483,16,21-MAR-17,"20:33","0074","SBE-911+","W",4.97,32.94,4.66,32.979,1,0.75,".36",1,9,8
"2017002HB","HB1702","2017","201702032300020096","Representative",14584,"10",39.088885,-74.511285,21,22,22,21-MAR-17,"22:30:08",39.0817,74.5233,22,21-MAR-17,"22:12","0075","SBE-911+","V",4.95,32.882,4.37,32.894,1,0.71,".3",1,8.8,16
"2017002HB","HB1702","2017","201702032300010097","Representative",14867,"10",39.106543,-74.31853,32,29,32,22-MAR-17,"00:05:41",39.1017,74.335,27,21-MAR-17,"23:47","0076","SBE-911+","V",5.2,33.204,4.95,33.267,5,0.82,".31",1,9.1,19
"2017002HB","HB1702","2017","201702017300040099","Representative",14660,"10",39.040155,-74.106137,37,34,36,22-MAR-17,"02:50:12",39.0383,74.1233,38,22-MAR-17,"02:33","0077","SBE-911+","V",5.31,33.334,5.05,33.391,1,0.81,".29",1,9.1,30
"2017002HB","HB1702","2017","201702032000020101","Representative",14910,"10",39.200293,-74.227328,23,24,23,22-MAR-17,"06:16:21",39.1917,74.2367,22,22-MAR-17,"05:58","0078","SBE-911+","V",4.89,33.112,4.91,33.184,1,0.68,".31",1,9.1,14
"2017002HB","HB1702","2017","201702032000040103","Representative",14774,"10",39.456275,-73.99086,27,26,26,22-MAR-17,"10:19:48",39.4467,73.9917,23,22-MAR-17,"10:03","0079","SBE-911+","V",5.61,33.587,5.53,33.604,4,0.58,".28",1,9.2,17
"2017002HB","HB1702","2017","201702017300030104","Representative",14824,"10",39.489185,-73.876135,31,32,31,22-MAR-17,"12:02:48",39.4967,73.8783,31,22-MAR-17,"11:33","0080","SBE-911+","V",5.66,33.684,6.56,34.051,0,0.46,".5",1,8.9,27
"2017002HB","HB1702","2017","201702032000010105","Representative",14839,"10",39.5993,-73.914625,29,30,29,22-MAR-17,"13:56:54",39.5883,73.915,27,22-MAR-17,"13:40","0081","SBE-911+","V",5.54,33.548,5.54,33.551,2,0.66,".28",1,9.3,19
"2017002HB","HB1702","2017","201702031700010106","Representative",14576,"10",39.65926,-73.96596,25,25,25,22-MAR-17,"15:34:46",39.6517,73.965,26,22-MAR-17,"15:18","0082","SBE-911+","V",5.33,33.203,5.33,33.306,1,0.46,".28",1,9.3,17
"2017002HB","HB1702","2017","201702010600060107","Representative",14842,"10",40.91325,-71.325538,59,59,59,29-MAR-17,"01:16:14",40.93,71.34,58,29-MAR-17,"00:48","0083","SBE-911+","V",4.79,33.084,4.8,33.129,1,1.2,".47",1,9.7,52
"2017002HB","HB1702","2017","201702010600020109","Representative",14739,"10",40.608925,-70.967315,72,72,72,29-MAR-17,"05:44:50",40.605,70.9817,73,29-MAR-17,"05:24","0084","SBE-911+","W",4.81,32.914,4.59,33.009,1,0.7,".35",1,10,66
"2017002HB","HB1702","2017","201702010800010112","Non-Representative",14789,"10",39.984187,-70.543305,328,356,341,29-MAR-17,"14:58:10",40.0183,70.5167,288,29-MAR-17,"13:46","0085","SBE-911+","V",7.89,33.724,10.39,35.33,40,2.39,"1.2",1,4.3,287
"2017002HB","HB1702","2017","201702010800010113","Representative",14789,"10",40.004903,-70.553805,264,253,258,29-MAR-17,"16:36:37",40.0183,70.5167,288,29-MAR-17,"13:46","0085","SBE-911+","V",7.89,33.724,10.39,35.33,24,1.89,"2.84",1,4.3,287
"2017002HB","HB1702","2017","201702010800030114","Representative",14890,"10",39.999297,-70.670517,259,258,260,29-MAR-17,"18:47:01",39.9967,70.6267,258,29-MAR-17,"18:08","0087","SBE-911+","V",9.77,34.388,10.12,35.301,1,2.02,".65",1,4.3,252
"2017002HB","HB1702","2017","201702010800020115","Representative",14654,"10",40.020112,-70.933003,262,260,261,29-MAR-17,"21:57:43",40.0217,70.97,269,29-MAR-17,"21:03","0088","SBE-911+","V",6.18,33.22,,,7,1.7,".91",0,4.6,255
"2017002HB","HB1702","2017","201702010700030116","Representative",14710,"10",40.071702,-70.901188,179,178,178,30-MAR-17,"00:11:35",40.075,70.9267,180,29-MAR-17,"23:35","0089","SBE-911+","V",6.26,33.226,12.41,35.276,1,1.19,".61",1,6.3,171
"2017002HB","HB1702","2017","201702010700020117","Representative",14827,"10",40.1585,-70.955333,145,144,145,30-MAR-17,"02:14:15",40.1417,70.9317,147,30-MAR-17,"01:40","0090","SBE-911+","V",6.3,33.251,8.82,34.052,2,1.48,".57",1,8,137
"2017002HB","HB1702","2017","201702010700040118","Representative",14770,"10",40.090333,-71.138167,179,182,180,30-MAR-17,"05:27:18",40.0917,71.1567,178,30-MAR-17,"04:55","0091","SBE-911+","V",6.14,33.208,12.54,35.416,1,0.86,".54",1,5.7,170
"2017002HB","HB1702","2017","201702010600070119","Representative",14631,"10",40.324833,-71.015167,99,96,97,30-MAR-17,"08:17:28",40.305,71.015,103,30-MAR-17,"07:49","0092","SBE-911+","V",5.93,33.166,5.58,33.17,4,1.19,".47",1,9.8,97
"2017002HB","HB1702","2017","201702010400010122","Representative",14566,"10",39.718,-71.950333,202,206,204,30-MAR-17,"19:01:45",39.74,71.9283,197,30-MAR-17,"18:23","0093","SBE-911+","V",9.11,34.124,12.6,35.42,5,1.67,".65",1,6.9,187
"2017002HB","HB1702","2017","201702010400020123","Representative",14700,"10",39.622,-72.037,201,196,198,30-MAR-17,"21:13:51",39.605,72.05,210,30-MAR-17,"20:34","0094","SBE-911+","V",10.72,34.697,12.66,35.472,9,1.19,".66",1,6.4,202
"2017002HB","HB1702","2017","201702010300030124","Representative",14551,"10",39.698,-72.218167,126,126,126,30-MAR-17,"23:38:55",39.69,72.2333,126,30-MAR-17,"23:13","0095","SBE-911+","V",6.86,33.356,,,0,0.85,".43",0,9.6,115
"2017002HB","HB1702","2017","201702010200050125","Representative",14652,"10",39.7075,-72.347167,106,105,105,31-MAR-17,"01:23:05",39.7167,72.3267,104,31-MAR-17,"00:56","0096","SBE-911+","V",6.61,33.254,5.6,33.183,2,1.1,".45",1,9.8,94
"2017002HB","HB1702","2017","201702010200080126","Representative",14876,"10",39.677333,-72.537167,82,82,82,31-MAR-17,"03:09:20",39.665,72.5283,83,31-MAR-17,"02:45","0097","SBE-911+","V",5.57,33.079,6.51,33.487,1,0.85,".41",1,9.5,73
"2017002HB","HB1702","2017","201702010200060127","Representative",14628,"10",39.723667,-72.587167,79,77,78,31-MAR-17,"04:23:30",39.7183,72.5683,80,31-MAR-17,"04:00","0098","SBE-911+","W",6.01,33.141,6.7,33.526,1,0.93,".39",1,9.5,74
"2017002HB","HB1702","2017","201702010200040128","Representative",14893,"10",39.8015,-72.711,58,59,57,31-MAR-17,"06:00:36",39.81,72.6967,58,31-MAR-17,"05:39","0099","SBE-911+","V",5.9,33.136,6.99,33.674,0,0.83,".36",1,9.3,51
"2017002HB","HB1702","2017","201702010100010130","Representative",14901,"10",40.265333,-73.421,35,33,34,31-MAR-17,"12:17:17",40.26,73.4333,35,31-MAR-17,"12:01","0100","SBE-911+","V",4.85,33.019,4.67,33.097,0,0.65,".27",1,10.1,25
"2017002HB","HB1702","2017","201702030800020131","Representative",14689,"10",40.527333,-73.149167,28,31,28,31-MAR-17,"15:10:01",40.5283,73.1617,29,31-MAR-17,"14:49","0101","SBE-911+","V",4.82,32.972,4.67,32.965,1,0.58,".35",1,10,20
"2017002HB","HB1702","2017","201702030800010132","Representative",14812,"10",40.672333,-72.8945,26,25,25,31-MAR-17,"17:28:42",40.6683,72.9083,25,31-MAR-17,"17:10","0102","SBE-911+","V",4.57,32.638,4.56,32.648,1,0.67,".31",1,10.1,17
"2017002HB","HB1702","2017","201702031100030134","Representative",14764,"10",40.488333,-73.419167,26,22,23,01-APR-17,"12:15:55",40.4917,73.3883,24,31-MAR-17,"20:37","0103","SBE-911+","V",4.58,32.768,4.58,32.768,2,1.42,"15.65",1,10.3,16
"2017002HB","HB1702","2017","201702031100030134","Representative",14764,"10",40.488333,-73.419167,26,22,23,01-APR-17,"12:15:55",40.4917,73.4367,20,01-APR-17,"11:55","0104","SBE-911+","V",4.51,32.804,4.51,32.805,6,0.83,".35",1,10,12
"2017002HB","HB1702","2017","201702031100010135","Representative",14754,"10",40.479833,-73.5575,26,24,24,01-APR-17,"14:16:12",40.4817,73.5667,25,01-APR-17,"13:56","0105","SBE-911+","V",4.47,32.71,4.47,32.758,1,0.44,".34",1,7.7,18
"2017002HB","HB1702","2017","201702031100020136","Representative",14550,"10",40.422,-73.601,25,25,25,01-APR-17,"15:48:15",40.4367,73.5917,24,01-APR-17,"15:27","0106","SBE-911+","V",4.57,32.789,4.55,32.789,1,0.98,".35",1,10.1,17
"2017002HB","HB1702","2017","201702031400030137","Representative",14872,"10",40.4035,-73.770833,36,34,35,01-APR-17,"17:27:50",40.3933,73.7717,35,01-APR-17,"17:10","0107","SBE-911+","V",5.04,32.732,5.04,32.735,1,0.61,".3",1,9.8,27
"2017002HB","HB1702","2017","201702031400020138","Representative",14567,"10",40.2695,-73.909667,22,22,21,01-APR-17,"19:37:49",40.2583,73.905,23,01-APR-17,"19:18","0108","SBE-911+","V",5.7,31.923,5.56,32.466,1,0.71,".33",1,9.6,16
"2017002HB","HB1702","2017","201702031700020141","Representative",14560,"10",39.861333,-73.968167,23,23,23,02-APR-17,"01:33:03",39.8733,73.9683,23,02-APR-17,"01:14","0109","SBE-911+","V",5.81,32.259,5.82,32.274,0,0.72,".32",1,9.7,16
"2017002HB","HB1702","2017","201702017400010145","Representative",14804,"10",39.185167,-73.257833,64,64,64,02-APR-17,"13:15:51",39.1967,73.27,63,02-APR-17,"12:49","0110","SBE-911+","W",7.13,33.565,7.07,33.92,1,0.89,".45",1,9.2,58
"2017002HB","HB1702","2017","201702017400020146","Representative",14691,"10",39.284,-73.130833,68,67,68,02-APR-17,"15:09:55",39.2783,73.1467,66,02-APR-17,"14:48","0111","SBE-911+","V",6.36,33.255,6.82,33.855,2,0.81,".37",1,9.2,60
"2017002HB","HB1702","2017","201702017400040147","Representative",14860,"10",39.067333,-72.928167,90,86,87,02-APR-17,"17:35:08",39.0867,72.9283,89,02-APR-17,"17:14","0112","SBE-911+","V",6.96,33.369,7.49,33.703,1,1.16,".35",1,9.2,83
"2017002HB","HB1702","2017","201702017600010148","Non-Representative",14613,"10",39.054833,-72.794167,126,128,126,02-APR-17,"19:32:59",39.04,72.8217,124,02-APR-17,"18:55","0113","SBE-911+","V",7.89,33.64,11.94,35.233,2,1.56,".63",1,7.1,116
"2017002HB","HB1702","2017","201702017600030150","Representative",14745,"10",39.146167,-72.742,129,129,130,02-APR-17,"22:54:39",39.1467,72.775,119,02-APR-17,"22:21","0114","SBE-911+","V",6.9,33.316,8.68,34.071,10,1.54,".56",1,8.8,110
"2017002HB","HB1702","2017","201702010400030151","Representative",14797,"10",39.147833,-72.628,200,202,201,03-APR-17,"01:00:56",39.135,72.65,295,03-APR-17,"00:14","0115","SBE-911+","V",7.47,33.517,12.33,35.374,95,1.28,".78",0,6.7,286
"2017002HB","HB1702","2017","201702010300010153","Representative",14607,"10",39.266667,-72.558333,145,146,146,03-APR-17,"03:58:34",39.2517,72.535,149,03-APR-17,"02:38","0116","SBE-911+","V",7.14,33.417,10.31,34.686,4,1.41,"1.34",1,7.9,139
"2017002HB","HB1702","2017","201702010300020154","Representative",14916,"10",39.387667,-72.430667,137,138,139,03-APR-17,"06:19:57",39.4,72.4167,138,03-APR-17,"05:57","0117","SBE-911+","V",6.66,33.303,10.08,34.536,1,0.98,".38",1,8.2,130
"2017002HB","HB1702","2017","201702010300040155","Representative",14849,"10",39.2985,-72.674833,125,126,126,03-APR-17,"08:54:43",39.2883,72.6817,122,03-APR-17,"08:31","0118","SBE-911+","V",6.17,33.194,6.26,33.392,3,0.69,".4",1,9.4,117
"2017002HB","HB1702","2017","201702010200070156","Representative",14561,"10",39.396667,-72.924667,74,72,73,03-APR-17,"11:39:39",39.38,72.9333,75,03-APR-17,"11:01","0119","SBE-911+","V",6.41,33.254,6.91,33.758,1,1.08,".64",1,9.2,71
"2017002HB","HB1702","2017","201702010200030157","Representative",14644,"10",39.467333,-72.944833,64,65,64,03-APR-17,"13:28:47",39.4583,72.9583,66,03-APR-17,"13:08","0120","SBE-911+","V",6.68,33.326,6.74,33.767,2,0.83,".35",1,9.3,61
"2017002HB","HB1702","2017","201702010200010158","Representative",14724,"10",40.083333,-72.491333,63,63,63,03-APR-17,"17:59:33",40.07,72.4967,62,03-APR-17,"17:41","0121","SBE-911+","V",5.96,33.15,5.83,33.268,1,0.84,".31",1,9.7,53
"2017002HB","HB1702","2017","201702010100050161","Representative",14632,"10",40.3325,-72.5535,53,54,53,03-APR-17,"22:55:42",40.3317,72.5717,52,03-APR-17,"22:39","0122","SBE-911+","V",6.62,33.268,5.88,33.26,1,0.83,".28",1,9.9,44
"2017002HB","HB1702","2017","201702010500050164","Representative",14725,"10",40.560667,-72.18,59,56,57,04-APR-17,"05:14:45",40.55,72.1883,56,04-APR-17,"04:58","0123","SBE-911+","V",5.75,33.103,5.11,33.102,3,0.74,".28",1,9.8,49
"2017002HB","HB1702","2017","201702010100030165","Representative",14806,"10",40.734167,-72.547167,32,34,33,04-APR-17,"08:08:09",40.74,72.5617,32,04-APR-17,"07:50","0124","SBE-911+","W",5.77,31.942,5.14,32.637,0,0.75,".3",1,9.9,22
"2017002HB","HB1702","2017","201702030800030166","Representative",14737,"10",40.7545,-72.590833,29,29,29,04-APR-17,"09:59:14",40.7683,72.6067,24,04-APR-17,"09:36","0125","SBE-911+","V",5.38,32.166,5.26,32.186,5,1.1,".39",1,10,15
"2017002HB","HB1702","2017","201702030500010167","Representative",14683,"10",40.809667,-72.412833,27,32,30,04-APR-17,"11:59:36",40.82,72.4283,24,04-APR-17,"11:40","0126","SBE-911+","V",5.3,32.044,5.28,32.047,3,0.94,".33",1,10,17
"2017002HB","HB1702","2017","201702030500020168","Representative",14600,"10",40.822,-72.364,28,31,30,04-APR-17,"13:19:19",40.83,72.3733,26,04-APR-17,"12:58","0127","SBE-911+","V",5.35,32.148,5.32,32.149,2,0.64,".36",1,10,19
"2017002HB","HB1702","2017","201702030500030169","Representative",14601,"10",40.923,-72.097333,26,28,28,04-APR-17,"15:55:12",40.9167,72.11,24,04-APR-17,"15:32","0128","SBE-911+","V",5.23,31.981,5.2,31.995,2,0.69,".39",1,10,16
"2017002HB","HB1702","2017","201702030200020171","Representative",14767,"10",41.007,-71.82,30,31,29,04-APR-17,"21:06:55",41.0017,71.8333,28,04-APR-17,"20:46","0129","SBE-911+","V",4.86,32.139,4.8,32.228,2,0.68,".35",1,9.9,19
"2017002HB","HB1702","2017","201702030200030172","Representative",14740,"10",41.031,-71.7525,28,28,28,04-APR-17,"22:34:21",41.025,71.7633,27,04-APR-17,"22:16","0130","SBE-911+","V",4.73,32.414,4.63,32.639,1,0.61,".31",1,9.9,20
"2017002HB","HB1702","2017","201702010500020174","Non-Representative",14752,"10",41.022,-71.695167,42,41,42,05-APR-17,"01:46:21",41,71.7167,47,05-APR-17,"01:00","0131","SBE-911+","V",4.45,32.844,4.39,32.852,5,1.64,".77",1,10,40
"2017002HB","HB1702","2017","201702010500020175","Representative",14752,"10",41.010167,-71.691167,41,42,42,05-APR-17,"02:29:22",41,71.7167,47,05-APR-17,"01:00","0131","SBE-911+","V",4.45,32.844,4.39,32.852,6,1.31,"1.49",1,10,40
"2017002HB","HB1702","2017","201702034500020176","Non-Representative",14542,"10",41.079333,-71.527833,27,27,26,05-APR-17,"04:26:08",41.0767,71.5417,29,05-APR-17,"04:10","0132","SBE-911+","V",4.11,32.777,4.1,32.784,2,0.65,".27",1,10.2,19
"2017002HB","HB1702","2017","201702034500010177","Representative",14569,"10",41.369833,-71.414167,35,36,36,05-APR-17,"08:38:02",41.3783,71.4267,34,05-APR-17,"08:19","0133","SBE-911+","V",3.84,32.376,3.76,32.471,1,0.76,".32",1,10.3,26
"2017002HB","HB1702","2017","201702034500030178","Non-Representative",14741,"10",41.389,-71.196167,27,27,27,05-APR-17,"10:56:38",41.4,71.2,26,05-APR-17,"10:41","0134","SBE-911+","V",3.84,32.434,3.83,32.527,1,0.68,".26",1,10.3,19
"2017002HB","HB1702","2017","201702034500030179","Representative",14741,"10",41.395167,-71.224833,28,29,29,05-APR-17,"19:41:30",41.4,71.2,26,05-APR-17,"10:41","0134","SBE-911+","V",3.84,32.434,3.83,32.527,2,1.16,"9.01",1,10.3,19
"2017002HB","HB1702","2017","201702034500030179","Representative",14741,"10",41.395167,-71.224833,28,29,29,05-APR-17,"19:41:30",41.3983,71.2017,26,05-APR-17,"19:16","0135","SBE-911+","V",4.26,32.434,3.86,32.521,2,1.06,".42",1,10.2,19
"2017002HB","HB1702","2017","201702034500030178","Non-Representative",14741,"10",41.389,-71.196167,27,27,27,05-APR-17,"10:56:38",41.3983,71.2017,26,05-APR-17,"19:16","0135","SBE-911+","V",4.26,32.434,3.86,32.521,1,0.61,"8.32",1,10.2,19
"2017002HB","HB1702","2017","201702034600020181","Non-Representative",14900,"10",41.2105,-70.901,31,32,31,06-APR-17,"01:46:32",41.195,70.91,31,06-APR-17,"01:22","0136","SBE-911+","V",4.74,32.595,4.67,32.668,0,1.02,".41",1,10.3,23
"2017002HB","HB1702","2017","201702034600040183","Representative",14655,"10",41.279333,-70.550167,25,28,26,06-APR-17,"07:02:03",41.29,70.5483,24,06-APR-17,"06:43","0137","SBE-911+","W",4.74,32.41,4.73,32.407,1,0.65,".32",1,10.1,16
"2017002HB","HB1702","2017","201702010900030184","Representative",14615,"10",41.041833,-70.781833,50,48,49,12-APR-17,"23:34:13",41.03,70.7683,50,12-APR-17,"23:10","0138","SBE-911+","W",6.55,32.728,5.21,32.791,0,0.94,".4",1,9.9,43
"2017002HB","HB1702","2017","201702034600010185","Representative",14847,"10",40.946167,-70.135833,25,26,25,13-APR-17,"03:25:57",40.9533,70.1467,25,13-APR-17,"03:04","0139","SBE-911+","V",6.38,32.787,6.39,32.786,0,0.65,".37",1,11.1,20
"2017002HB","HB1702","2017","201702011000020189","Representative",14685,"10",40.626167,-70.344167,60,59,60,13-APR-17,"13:50:14",40.63,70.3583,60,13-APR-17,"13:29","0140","SBE-911+","V",6.87,32.96,5.99,33.051,0,0.68,".35",1,9.6,51
"2017002HB","HB1702","2017","201702010900040190","Representative",14712,"10",40.718333,-70.444,55,56,55,13-APR-17,"15:40:50",40.72,70.4267,55,13-APR-17,"15:21","0141","SBE-911+","V",7.21,33.104,6.23,33.107,0,0.79,".33",1,9.6,46
"2017002HB","HB1702","2017","201702011000070191","Representative",14853,"10",40.693167,-70.540333,59,60,59,13-APR-17,"17:30:40",40.6983,70.5233,58,13-APR-17,"17:13","0142","SBE-911+","V",7.62,33.224,6.4,33.184,1,0.83,".29",1,9.5,53
"2017002HB","HB1702","2017","201702011000080192","Representative",14616,"10",40.265,-70.332,100,98,99,13-APR-17,"21:12:43",40.255,70.345,102,13-APR-17,"20:49","0143","SBE-911+","V",7.37,33.048,8.35,34.031,2,0.85,".4",1,8,96
"2017002HB","HB1702","2017","201702011200030194","Representative",14638,"10",39.989,-70.377333,287,289,288,14-APR-17,"00:56:11",39.9917,70.4217,290,14-APR-17,"00:07","0144","SBE-911+","V",9.52,33.893,10.86,35.367,3,2.05,".82",1,4.4,282
"2017002HB","HB1702","2017","201702011200010195","Representative",14742,"10",40.0265,-70.312333,232,227,230,14-APR-17,"02:42:32",40.0183,70.35,233,14-APR-17,"01:58","0145","SBE-911+","V",8.22,33.309,11.69,35.406,1,1.8,".74",1,5.4,229
"2017002HB","HB1702","2017","201702011100030196","Representative",14816,"10",40.133167,-70.171,126,128,126,14-APR-17,"05:04:14",40.1333,70.1917,124,14-APR-17,"04:41","0146","SBE-911+","V",7.58,32.934,10.43,34.712,2,0.95,".39",1,7.5,114
"2017002HB","HB1702","2017","201702011100020197","Representative",14785,"10",40.108667,-69.992833,130,133,132,14-APR-17,"06:56:59",40.11,69.9733,128,14-APR-17,"06:35","0147","SBE-911+","V",6.91,32.808,10.4,34.832,2,0.9,".37",1,6.9,118
"2017002HB","HB1702","2017","201702011100040198","Representative",14547,"10",39.944167,-69.835833,159,162,160,14-APR-17,"09:24:48",39.9417,69.8067,158,14-APR-17,"08:56","0148","SBE-911+","V",7.26,32.735,11.7,35.317,1,1.35,".48",1,7.4,148
"2017002HB","HB1702","2017","201702011200020199","Representative",14641,"10",39.954333,-69.593167,311,326,318,14-APR-17,"13:01:59",39.995,69.6217,158,14-APR-17,"12:18","0149","SBE-911+","V",6.89,32.748,,,153,2.77,".73",0,6.8,147
"2017002HB","HB1702","2017","201702011000010200","Representative",14599,"10",40.179833,-69.441167,88,88,88,14-APR-17,"15:40:40",40.1767,69.4633,89,14-APR-17,"15:16","0150","SBE-911+","V",6.9,32.707,8.58,34.162,1,1.03,".41",1,8,81
"2017002HB","HB1702","2017","201702011100010201","Representative",14697,"10",40.1295,-69.1925,121,123,121,14-APR-17,"18:06:43",40.15,69.1867,116,14-APR-17,"17:40","0151","SBE-911+","W",7.51,32.487,10.76,34.965,5,1.26,".45",1,7.4,109
"2017002HB","HB1702","2017","201702011500010202","Representative",14749,"10",40.1335,-68.622167,190,190,191,14-APR-17,"22:00:41",40.125,68.6533,187,14-APR-17,"21:21","0152","SBE-911+","V",8.4,33.038,11.07,35.316,3,1.52,".66",1,6.5,181
"2017002HB","HB1702","2017","201702011400010203","Representative",14719,"10",40.2375,-68.6475,126,126,126,14-APR-17,"23:54:07",40.2483,68.61,130,14-APR-17,"23:20","0153","SBE-911+","V",8.93,33.358,10.21,34.775,4,1.84,".57",1,7.9,127
"2017002HB","HB1702","2017","201702011300090205","Representative",14763,"10",40.349833,-68.750333,91,94,93,15-APR-17,"04:05:38",40.35,68.7283,93,15-APR-17,"03:44","0154","SBE-911+","V",8.19,32.999,9.83,34.626,2,1.01,".36",1,8,85
"2017002HB","HB1702","2017","201702012500040215","Representative",14903,"10",41.095167,-69.216667,58,57,57,16-APR-17,"04:25:43",41.115,69.22,57,16-APR-17,"04:03","0155","SBE-911+","V",6.26,32.969,6.18,32.979,1,1.2,".38",1,9.4,48
"2017002HB","HB1702","2017","201702012500030216","Non-Representative",14640,"10",41.093,-69.359,49,50,50,16-APR-17,"06:27:14",41.08,69.3533,49,16-APR-17,"06:09","0156","SBE-911+","V",6,32.808,5.77,32.836,0,0.82,".3",1,7.3,41
"2017002HB","HB1702","2017","201702012500030217","Representative",14640,"10",41.1105,-69.341333,51,50,51,16-APR-17,"08:05:33",41.08,69.3533,49,16-APR-17,"06:09","0156","SBE-911+","V",6,32.808,5.77,32.836,2,1.91,"1.94",1,7.3,41
"2017002HB","HB1702","2017","201702012500020218","Representative",14897,"10",41.221333,-69.365167,52,52,51,16-APR-17,"10:32:50",41.21,69.345,51,16-APR-17,"10:10","0157","SBE-911+","V",5.79,32.788,5.56,32.799,1,1.14,".38",1,7.5,43
"2017002HB","HB1702","2017","201702012300030219","Representative",14639,"10",41.262167,-69.2915,76,77,76,16-APR-17,"12:34:50",41.2533,69.2833,76,16-APR-17,"12:11","0158","SBE-911+","V",5.75,32.704,5.29,32.773,0,0.65,".4",1,9.9,68
"2017002HB","HB1702","2017","201702012500010220","Non-Representative",14840,"10",41.459833,-69.469667,41,40,41,16-APR-17,"15:00:51",41.4667,69.4733,42,16-APR-17,"14:43","0159","SBE-911+","V",5.52,32.591,5.17,32.647,1,0.44,".3",1,8.2,35
"2017002HB","HB1702","2017","201702012500010221","Representative",14840,"10",41.459,-69.462,43,43,43,16-APR-17,"18:51:01",41.4667,69.4733,42,16-APR-17,"14:43","0159","SBE-911+","V",5.52,32.591,5.17,32.647,1,0.69,"4.13",1,8.2,35
"2017002HB","HB1702","2017","201702012500010220","Non-Representative",14840,"10",41.459833,-69.469667,41,40,41,16-APR-17,"15:00:51",41.4733,69.4683,44,16-APR-17,"18:32","0160","SBE-911+","W",5.81,32.622,5.53,32.665,3,0.81,"3.52",1,7.7,36
"2017002HB","HB1702","2017","201702012500010221","Representative",14840,"10",41.459,-69.462,43,43,43,16-APR-17,"18:51:01",41.4733,69.4683,44,16-APR-17,"18:32","0160","SBE-911+","W",5.81,32.622,5.53,32.665,1,0.9,".32",1,7.7,36
"2017002HB","HB1702","2017","201702012300010222","Representative",14715,"10",41.617667,-69.453167,99,100,100,16-APR-17,"22:06:12",41.6183,69.45,100,16-APR-17,"21:37","0161","SBE-911+","V",6.23,32.585,5.19,32.803,1,0.15,".49",1,9.6,91
"2017002HB","HB1702","2017","201702035600020223","Representative",14808,"10",41.722833,-69.891333,16,18,17,17-APR-17,"01:38:42",41.7117,69.8867,21,17-APR-17,"01:17","0162","SBE-911+","V",6.3,32.423,5.75,32.687,5,0.7,".36",0,9,15
"2017002HB","HB1702","2017","201702012400030225","Representative",14577,"10",41.907833,-69.045667,193,194,193,17-APR-17,"09:31:45",41.9183,69.0233,194,17-APR-17,"08:59","0163","SBE-911+","V",7.14,33.109,6.09,33.193,1,1.18,".55",1,9.2,184
"2017002HB","HB1702","2017","201702012400060226","Representative",14753,"10",41.720833,-68.8275,165,166,166,17-APR-17,"12:34:57",41.7417,68.815,162,17-APR-17,"12:07","0164","SBE-911+","V",6.98,33.082,6.18,33.252,3,1.37,".47",1,9.3,153
"2017002HB","HB1702","2017","201702012400020227","Representative",14676,"10",41.740333,-68.709667,176,175,176,17-APR-17,"14:46:22",41.76,68.6983,175,17-APR-17,"14:16","0165","SBE-911+","V",6.86,32.929,6.15,33.288,1,1.29,".51",1,9,165
"2017002HB","HB1702","2017","201702012000060230","Representative",14844,"10",41.353833,-68.325167,59,59,59,18-APR-17,"01:04:18",41.3567,68.3067,58,18-APR-17,"00:44","0166","SBE-911+","V",6.92,33.118,6.67,33.088,1,0.85,".34",1,10.8,52
"2017002HB","HB1702","2017","201702012300050231","Representative",14805,"10",41.379167,-68.664333,97,98,98,18-APR-17,"04:31:37",41.3667,68.6733,95,18-APR-17,"04:10","0167","SBE-911+","V",7.33,32.969,6.13,33.127,2,0.85,".36",1,9.6,89
"2017002HB","HB1702","2017","201702012300020232","Representative",14874,"10",41.300667,-68.661167,77,77,77,18-APR-17,"06:14:49",41.31,68.645,75,18-APR-17,"05:54","0168","SBE-911+","V",7.27,33.022,6.5,33.119,2,0.92,".35",1,9.8,70
"2017002HB","HB1702","2017","201702012300040233","Representative",14585,"10",41.252167,-68.767667,79,85,81,18-APR-17,"07:34:16",41.2583,68.7467,79,18-APR-17,"07:12","0169","SBE-911+","V",7.15,32.934,6.24,33.038,0,1.02,".37",1,9.8,73
"2017002HB","HB1702","2017","201702012400080234","Representative",14864,"10",41.326667,-69.031,163,164,164,18-APR-17,"09:52:58",41.3383,69.0083,157,18-APR-17,"09:27","0170","SBE-911+","V",6.63,32.736,6.19,33.229,6,1.24,".43",1,9.4,152
"2017002HB","HB1702","2017","201702012300060235","Non-Representative",14714,"10",41.1405,-68.887833,95,94,94,18-APR-17,"12:39:33",41.13,68.905,93,18-APR-17,"12:09","0171","SBE-911+","V",7.08,32.889,6.01,33.035,2,1,".51",1,9.7,88
"2017002HB","HB1702","2017","201702012300060236","Representative",14714,"10",41.143333,-68.885833,94,93,94,18-APR-17,"13:26:41",41.13,68.905,93,18-APR-17,"12:09","0171","SBE-911+","V",7.08,32.889,6.01,33.035,1,1.18,"1.29",1,9.7,88
"2017002HB","HB1702","2017","201702011900080238","Representative",14803,"10",40.879667,-68.638833,59,61,60,18-APR-17,"19:21:26",40.8933,68.6267,60,18-APR-17,"18:57","0172","SBE-911+","V",6.51,32.907,6.47,32.936,1,0.99,".41",1,11,56
"2017002HB","HB1702","2017","201702011300040239","Representative",14830,"10",40.811667,-68.005167,68,66,68,18-APR-17,"23:06:16",40.8083,67.9867,69,18-APR-17,"22:46","0173","SBE-911+","W",6.57,32.488,4.95,32.535,1,0.86,".34",1,9.9,62
"2017002HB","HB1702","2017","201702011300080240","Representative",14627,"10",40.760167,-67.970167,75,75,75,19-APR-17,"00:35:52",40.7767,67.9917,72,19-APR-17,"00:11","0174","SBE-911+","V",6.53,32.476,4.99,32.585,3,1.39,".41",1,9.8,67
"2017002HB","HB1702","2017","201702011300060241","Representative",14870,"10",40.933833,-67.838167,60,60,60,19-APR-17,"03:34:54",40.9467,67.8467,60,19-APR-17,"03:11","0175","SBE-911+","V",6.16,32.641,6.15,32.639,0,0.86,".4",1,10.9,54
"2017002HB","HB1702","2017","201702011400020243","Representative",14907,"10",40.491,-67.815667,117,123,120,19-APR-17,"08:20:33",40.4817,67.8267,120,19-APR-17,"07:56","0176","SBE-911+","V",5.81,32.413,10.47,34.976,3,0.75,".41",1,7,115
"2017002HB","HB1702","2017","201702011400040247","Representative",14781,"10",40.619333,-67.143,138,139,139,19-APR-17,"19:02:21",40.605,67.15,146,19-APR-17,"18:38","0177","SBE-911+","V",6.9,33.279,12.03,35.413,8,0.92,".41",1,7.1,141
"2017002HB","HB1702","2017","201702011500030248","Representative",14766,"10",40.685667,-66.888,199,200,199,19-APR-17,"21:29:09",40.675,66.9083,198,19-APR-17,"20:52","0178","SBE-911+","V",6.99,32.905,10.76,35.371,1,1.12,".62",1,4.8,191
"2017002HB","HB1702","2017","201702011500020249","Representative",14851,"10",40.730333,-66.815333,220,218,220,19-APR-17,"23:51:28",40.7117,66.84,211,19-APR-17,"23:11","0179","SBE-911+","W",8.52,33.753,11.5,35.453,9,1.59,".67",1,4.9,203
"2017002HB","HB1702","2017","201702011700040250","Representative",14769,"10",40.8185,-66.7735,118,117,117,20-APR-17,"01:29:44",40.8033,66.79,120,20-APR-17,"01:04","0180","SBE-911+","V",7.95,33.725,12.23,35.5,2,1.18,".43",1,6.5,114
"2017002HB","HB1702","2017","201702011800030251","Representative",14559,"10",40.904333,-66.571833,215,207,212,20-APR-17,"03:49:34",40.8883,66.6,197,20-APR-17,"03:09","0181","SBE-911+","V",10.46,34.574,12.28,35.509,18,1.6,".68",1,6.7,190
"2017002HB","HB1702","2017","201702011700020252","Representative",14553,"10",40.972,-66.5095,166,170,167,20-APR-17,"05:33:18",40.96,66.5217,174,20-APR-17,"05:05","0182","SBE-911+","V",8.29,33.694,12.33,35.483,8,0.91,".47",1,6.8,166
"2017002HB","HB1702","2017","201702011800040253","Representative",14855,"10",41.0285,-66.427667,277,274,274,20-APR-17,"07:40:05",41.055,66.425,252,20-APR-17,"06:58","0183","SBE-911+","V",8.78,33.746,9.84,35.286,25,1.6,".7",1,5,243
"2017002HB","HB1702","2017","201702011600050255","Representative",14612,"10",41.0705,-66.689333,79,79,79,20-APR-17,"11:31:12",41.0567,66.665,80,20-APR-17,"10:45","0184","SBE-911+","V",5.22,32.45,7.11,33.564,1,1.38,".77",1,8.4,77
"2017002HB","HB1702","2017","201702011600120263","Representative",14846,"10",41.7025,-66.9155,63,62,62,21-APR-17,"07:41:53",41.7033,66.935,63,21-APR-17,"07:17","0185","SBE-911+","V",5.83,32.598,5.84,32.655,0,0.88,".41",1,11,58
"2017002HB","HB1702","2017","201702011600020267","Representative",14832,"10",41.378,-66.392833,98,98,97,21-APR-17,"16:06:22",41.39,66.4033,96,21-APR-17,"15:44","0186","SBE-911+","V",5.68,32.454,5.88,32.892,2,0.86,".37",1,9.6,90
"2017002HB","HB1702","2017","201702011600130268","Representative",14868,"10",41.291333,-66.376667,95,95,94,21-APR-17,"18:02:51",41.2983,66.3883,98,21-APR-17,"17:46","0187","SBE-911+","V",5.69,32.511,,,3,0.67,".28",0,9.5,37
"2017002HB","HB1702","2017","201702011700010269","Representative",14790,"10",41.247667,-66.280833,135,138,138,21-APR-17,"20:05:32",41.2317,66.2917,127,21-APR-17,"19:36","0188","SBE-911+","W",5.62,32.397,11.49,35.239,8,1.08,".49",1,7,121
"2017002HB","HB1702","2017","201702011800010272","Representative",14726,"10",42.041333,-65.868667,238,241,239,22-APR-17,"06:22:55",42.025,65.835,257,22-APR-17,"05:38","0189","SBE-911+","V",2.56,31.588,9.41,35.182,19,1.79,".75",1,5.8,250
"2017002HB","HB1702","2017","201702011600040274","Representative",14736,"10",42.0415,-66.139167,97,96,97,22-APR-17,"10:28:26",42.0467,66.1517,96,22-APR-17,"10:06","0190","SBE-911+","V",5.99,32.713,6.47,33.248,1,0.64,".37",1,8.7,92
"2017002HB","HB1702","2017","201702012200030275","Representative",14703,"10",42.145833,-66.115667,215,211,212,22-APR-17,"12:47:17",42.1583,66.1467,220,22-APR-17,"12:09","0191","SBE-911+","V",5.58,32.552,9.89,34.829,5,1.57,".64",1,6.3,215
"2017002HB","HB1702","2017","201702012900060277","Representative",14792,"10",42.363167,-66.394167,274,273,274,22-APR-17,"19:39:46",42.4,66.4083,273,22-APR-17,"18:42","0192","SBE-911+","V",4.39,32.013,10.61,35.266,1,2.3,".96",1,6.3,266
"2017002HB","HB1702","2017","201702012900020278","Representative",14898,"10",42.239333,-66.450833,242,241,241,22-APR-17,"22:29:00",42.2317,66.4933,237,22-APR-17,"21:38","0193","SBE-911+","V",5.81,32.357,9.46,34.797,5,1.94,".85",1,5.7,229
"2017002HB","HB1702","2017","201702011600070280","Non-Representative",14592,"10",42.049833,-66.6215,78,78,78,23-APR-17,"02:31:19",42.04,66.6267,79,23-APR-17,"01:06","0194","SBE-911+","V",6.22,32.885,6.21,32.897,1,0.63,"1.42",1,10.5,73
"2017002HB","HB1702","2017","201702011600070279","Non-Representative",14592,"10",42.050167,-66.608167,80,79,79,23-APR-17,"01:26:33",42.04,66.6267,79,23-APR-17,"01:06","0194","SBE-911+","V",6.22,32.885,6.21,32.897,1,1.03,".34",1,10.5,73
"2017002HB","HB1702","2017","201702012900070281","Representative",14629,"10",42.276,-66.778,287,285,286,23-APR-17,"05:44:25",42.2783,66.7417,286,23-APR-17,"05:02","0195","SBE-911+","V",5.83,32.433,9.45,35.072,1,1.62,".71",1,5.3,281
"2017002HB","HB1702","2017","201702013000020282","Representative",14810,"10",42.377,-66.877,350,350,350,23-APR-17,"07:59:06",42.3783,66.8267,348,23-APR-17,"07:11","0196","SBE-911+","V",5.79,32.398,9.5,35.136,2,2.23,".8",1,5.3,338
"2017002HB","HB1702","2017","201702013000010283","Representative",14850,"10",42.484167,-67.1615,352,351,351,23-APR-17,"11:53:58",42.4817,67.2167,350,23-APR-17,"10:44","0197","SBE-911+","V",5.5,32.383,,,2,2.45,"1.17",0,5.3,339
"2017002HB","HB1702","2017","201702012900090284","Non-Representative",14707,"10",42.575333,-66.7925,238,235,235,23-APR-17,"15:28:48",42.555,66.765,250,23-APR-17,"14:41","0198","SBE-911+","V",3.88,31.793,10.46,35.187,12,1.72,".8",1,6.4,242
"2017002HB","HB1702","2017","201702012900090285","Representative",14707,"10",42.584167,-66.81,233,236,234,23-APR-17,"16:26:31",42.555,66.765,250,23-APR-17,"14:41","0198","SBE-911+","V",3.88,31.793,10.46,35.187,17,2.65,"1.76",1,6.4,242
"2017002HB","HB1702","2017","201702012900050286","Representative",14873,"10",42.615167,-67.373833,274,268,272,23-APR-17,"21:15:43",42.6067,67.3283,282,23-APR-17,"20:32","0199","SBE-911+","W",6.03,32.343,9.59,34.895,8,2.08,".73",1,5.8,273
"2017002HB","HB1702","2017","201702012900030287","Representative",14848,"10",42.4955,-67.502167,289,285,288,23-APR-17,"23:35:59",42.5,67.4633,304,23-APR-17,"22:54","0200","SBE-911+","V",5.88,32.404,9.92,35.13,15,1.74,".7",1,5.5,299
"2017002HB","HB1702","2017","201702013000030288","Representative",14735,"10",42.3025,-67.384667,292,295,293,24-APR-17,"03:20:11",42.2983,67.35,291,24-APR-17,"02:35","0201","SBE-911+","V",5.9,32.574,9.61,35.104,1,1.56,".75",1,5.3,281
"2017002HB","HB1702","2017","201702012100040290","Representative",14555,"10",42.154167,-67.253333,133,132,133,24-APR-17,"09:11:13",42.1567,67.2317,129,24-APR-17,"08:46","0202","SBE-911+","V",6.33,32.805,6.28,33.278,4,0.98,".42",1,8.9,122
"2017002HB","HB1702","2017","201702012200020291","Representative",14880,"10",42.2125,-67.158667,199,198,200,24-APR-17,"11:41:49",42.2117,67.125,200,24-APR-17,"10:48","0203","SBE-911+","V",6.3,32.69,6.68,33.48,1,1.5,".9",1,8.3,193
"2017002HB","HB1702","2017","201702012100010292","Representative",14573,"10",42.167333,-67.059333,103,104,104,24-APR-17,"13:36:38",42.165,67.0467,99,24-APR-17,"13:11","0204","SBE-911+","V",6.37,32.977,6.29,32.999,4,0.58,".43",1,9.9,97
"2017002HB","HB1702","2017","201702011600150293","Representative",15184,"10",41.957167,-66.83,65,62,65,24-APR-17,"17:02:10",41.965,66.8083,66,24-APR-17,"16:32","0205","SBE-911+","V",6.57,32.872,6.28,32.895,1,1.08,".5",1,10.5,61
"2017002HB","HB1702","2017","201702011900030296","Representative",14784,"10",41.888167,-67.203167,60,60,57,25-APR-17,"00:19:07",41.9017,67.1767,62,24-APR-17,"23:50","0206","SBE-911+","V",6.52,32.896,6.52,32.897,2,1.44,".49",1,10.8,57
"2017002HB","HB1702","2017","201702012000050298","Representative",14562,"10",41.896167,-67.848333,51,51,51,25-APR-17,"06:20:48",41.905,67.8333,49,25-APR-17,"06:02","0207","SBE-911+","V",7.14,33.118,6.85,33.142,2,0.86,".31",1,10.2,45
"2017002HB","HB1702","2017","201702012000010303","Representative",14677,"10",41.761833,-68.059833,37,42,42,25-APR-17,"14:28:07",41.77,68.055,40,25-APR-17,"14:10","0208","SBE-911+","V",6.95,33.054,6.93,33.056,3,0.54,".3",1,10.6,36
"2017002HB","HB1702","2017","201702012100020304","Representative",14688,"10",41.843667,-68.080333,88,86,87,25-APR-17,"16:39:04",41.8533,68.0633,89,25-APR-17,"16:13","0209","SBE-911+","V",6.97,33.109,6.72,33.132,1,0.96,".43",1,9.9,85
"2017002HB","HB1702","2017","201702012200010305","Representative",14904,"10",41.853333,-68.230333,190,191,190,25-APR-17,"18:37:04",41.865,68.2083,193,25-APR-17,"18:01","0210","SBE-911+","W",7.35,33.087,7.58,33.911,3,1.21,".6",1,6.9,184
"2017002HB","HB1702","2017","201702012400040306","Representative",14709,"10",42.062667,-68.521667,183,182,183,25-APR-17,"22:28:36",42.085,68.525,170,25-APR-17,"21:49","0211","SBE-911+","V",7.13,32.878,6.49,33.289,13,1.35,".66",1,8.7,162
"2017002HB","HB1702","2017","201702036100010307","Representative",14617,"10",42.069,-69.993333,57,57,57,26-APR-17,"06:32:33",42.0817,70.0017,63,26-APR-17,"06:14","0212","SBE-911+","V",6.24,32.026,4.6,32.411,6,0.85,".31",1,9.7,62
"2017002HB","HB1702","2017","201702036100020308","Representative",14589,"10",42.130333,-70.0545,51,50,51,26-APR-17,"08:41:44",42.1333,70.0367,74,26-APR-17,"08:20","0213","SBE-911+","V",6.29,32.002,4.73,32.469,23,0.81,".36",0,9.7,72
"2017002HB","HB1702","2017","201702035900010311","Representative",14672,"10",41.807667,-70.403833,21,23,22,03-MAY-17,"03:26:44",41.795,70.44,21,03-MAY-17,"01:43","0215","SBE-911+","W",9.16,31.211,9.03,31.268,0,1.79,"1.73",1,9.8,16
"2017002HB","HB1702","2017","201702035900010310","Non-Representative",14672,"10",41.800333,-70.4285,24,23,24,03-MAY-17,"02:14:35",41.795,70.44,21,03-MAY-17,"01:43","0215","SBE-911+","W",9.16,31.211,9.03,31.268,3,0.61,".53",1,9.8,16
"2017002HB","HB1702","2017","201702035900020312","Representative",14731,"10",41.807,-70.378667,24,23,24,03-MAY-17,"05:05:03",41.805,70.3667,24,03-MAY-17,"04:49","0216","SBE-911+","V",8.43,30.691,8.34,31.041,0,0.55,".27",1,10.1,18
"2017002HB","HB1702","2017","201702036000020313","Representative",14669,"10",41.926667,-70.192167,33,34,33,03-MAY-17,"07:30:08",41.9333,70.18,32,03-MAY-17,"07:11","0217","SBE-911+","V",8.72,30.943,8.41,31.806,1,0.67,".32",1,9.4,26
"2017002HB","HB1702","2017","201702036000010314","Representative",14650,"10",41.980667,-70.1845,35,36,36,03-MAY-17,"08:50:26",41.97,70.1883,33,03-MAY-17,"08:30","0218","SBE-911+","V",8.85,31.204,7.3,31.766,2,0.66,".34",1,9.3,27
"2017002HB","HB1702","2017","201702036100030315","Representative",14680,"10",42.116667,-70.188333,62,62,62,03-MAY-17,"11:15:22",42.1067,70.1717,44,03-MAY-17,"10:53","0219","SBE-911+","V",8.27,31.476,5.94,32.121,18,0.95,".37",0,9.2,36
"2017002HB","HB1702","2017","201702035600030316","Non-Representative",14630,"10",42.080833,-70.084,31,31,30,03-MAY-17,"12:52:52",42.0933,70.1067,35,03-MAY-17,"12:32","0220","SBE-911+","V",8.18,31.532,7.13,31.906,4,1.26,".35",1,9.4,29
"2017002HB","HB1702","2017","201702012700050317","Representative",14575,"10",42.307333,-69.924833,202,210,207,03-MAY-17,"16:08:38",42.31,69.925,202,03-MAY-17,"15:14","0221","SBE-911+","V",7.27,32.244,,,0,0.16,".91",0,8.4,190
"2017002HB","HB1702","2017","201702012800020320","Representative",14705,"10",42.529167,-69.8655,211,219,216,04-MAY-17,"00:15:34",42.5133,69.885,203,03-MAY-17,"23:36","0224","SBE-911+","V",7.66,32.423,7.19,33.521,8,1.29,".66",1,7.3,196
"2017002HB","HB1702","2017","201702012800030321","Representative",14698,"10",42.5395,-69.618667,267,263,264,04-MAY-17,"04:02:35",42.5367,69.59,273,04-MAY-17,"03:18","0226","SBE-911+","V",7.91,32.601,,,6,1.28,".74",0,4.5,260
"2017002HB","HB1702","2017","201702012800070322","Representative",14696,"10",42.5525,-69.373167,239,240,240,04-MAY-17,"07:18:23",42.5567,69.3367,239,04-MAY-17,"06:38","0227","SBE-911+","W",7.85,32.622,,,0,1.63,".67",0,6,227
"2017002HB","HB1702","2017","201702012800050323","Representative",14888,"10",42.362333,-69.254,255,256,255,04-MAY-17,"09:59:58",42.36,69.2767,253,04-MAY-17,"09:21","0228","SBE-911+","V",7.72,32.557,,,2,1.02,".65",0,4.9,240
"2017002HB","HB1702","2017","201702012800040324","Representative",14658,"10",42.450667,-69.061667,234,231,231,04-MAY-17,"13:21:15",42.4617,69.0717,226,04-MAY-17,"12:21","0229","SBE-911+","V",7.48,32.681,7.34,33.581,8,0.8,"1",1,7,217
"2017002HB","HB1702","2017","201702012800060325","Representative",14845,"10",42.4805,-68.928333,226,231,227,04-MAY-17,"15:59:57",42.49,68.915,319,04-MAY-17,"15:09","0230","SBE-911+","V",7.76,32.719,,,93,0.82,".85",0,7.4,221
"2017002HB","HB1702","2017","201702012900040327","Representative",14625,"10",42.3035,-68.299167,213,213,213,04-MAY-17,"22:55:13",42.3083,68.2717,207,04-MAY-17,"22:19","0231","SBE-911+","V",8.23,32.682,8.49,34.394,6,1.25,".6",1,5.8,200
"2017002HB","HB1702","2017","201702012900010330","Representative",14777,"10",42.713167,-67.869833,188,192,189,05-MAY-17,"16:18:44",42.6967,67.895,187,05-MAY-17,"15:30","0233","SBE-911+","V",7.66,32.455,,,1,1.49,".81",0,6.1,174
"2017002HB","HB1702","2017","201702013600060332","Representative",14744,"10",42.9715,-68.088167,181,177,180,05-MAY-17,"22:23:32",42.9817,68.0467,180,05-MAY-17,"21:43","0234","SBE-911+","V",6.36,32.234,,,1,1.92,".68",0,6.9,168
"2017002HB","HB1702","2017","201702013600030333","Representative",14649,"10",43.377,-67.669333,250,249,249,06-MAY-17,"05:02:59",43.3983,67.6883,250,06-MAY-17,"04:09","0235","SBE-911+","V",5.75,31.905,,,0,1.52,".9",0,4.9,238
"2017002HB","HB1702","2017","201702013600050334","Representative",14543,"10",43.059833,-67.637,202,200,202,06-MAY-17,"10:50:01",43.0733,67.6367,183,06-MAY-17,"10:16","0236","SBE-911+","V",5.79,31.94,7.68,33.716,19,0.81,".57",1,6.7,175
"2017002HB","HB1702","2017","201702013600070335","Non-Representative",14883,"10",43.197333,-67.313667,215,214,215,06-MAY-17,"14:29:20",43.2033,67.3167,213,06-MAY-17,"13:38","0237","SBE-911+","V",6.03,32.024,8.09,33.91,2,0.38,".86",1,6.4,207
"2017002HB","HB1702","2017","201702013600070336","Representative",14883,"10",43.1725,-67.313333,208,212,210,06-MAY-17,"15:38:54",43.2033,67.3167,213,06-MAY-17,"13:38","0237","SBE-911+","V",6.03,32.024,8.09,33.91,5,1.86,"2.02",1,6.4,207
"2017002HB","HB1702","2017","201702013600080337","Representative",14653,"10",42.985495,-67.044485,206,208,208,06-MAY-17,"20:08:49",42.9733,67.0167,210,06-MAY-17,"19:24","0238","SBE-911+","V",6.18,32.229,,,4,1.42,".75",0,6.2,197
"2017002HB","HB1702","2017","201702013400020339","Non-Representative",14610,"10",43.096013,-66.624078,108,108,108,07-MAY-17,"05:47:13",43.1033,66.5767,124,07-MAY-17,"04:56","0240","SBE-911+","V",5.84,32.396,6.15,32.998,16,2.12,".85",1,8.6,119
"2017002HB","HB1702","2017","201702013600040340","Representative",14656,"10",43.5667,-67.132338,227,227,227,07-MAY-17,"16:20:35",43.59,67.155,221,07-MAY-17,"15:43","0241","SBE-911+","V",6.15,32.132,,,6,1.71,".63",0,6.1,209
"2017002HB","HB1702","2017","201702013400040341","Representative",14857,"10",43.67707,-66.958872,150,148,150,07-MAY-17,"19:06:33",43.6833,66.9283,152,07-MAY-17,"18:30","0242","SBE-911+","V",6.72,32.337,7.16,33.531,2,1.38,".61",1,7.4,151
"2017002HB","HB1702","2017","201702013400070343","Representative",14591,"10",43.870378,-66.80356,132,132,132,07-MAY-17,"23:07:20",43.88,66.7833,132,07-MAY-17,"22:34","0243","SBE-911+","V",6.65,32.371,,,0,1.05,".56",0,8.1,117
"2017002HB","HB1702","2017","201702013400060345","Representative",14869,"10",44.054483,-66.854555,157,156,158,08-MAY-17,"03:05:07",44.0917,66.8033,154,08-MAY-17,"01:11","0244","SBE-911+","V",4.94,31.802,,,3,3.14,"1.9",0,9.5,142
"2017002HB","HB1702","2017","201702013400060344","Non-Representative",14869,"10",44.0805,-66.815107,156,155,156,08-MAY-17,"01:41:46",44.0917,66.8033,154,08-MAY-17,"01:11","0244","SBE-911+","V",4.94,31.802,,,2,0.84,".51",0,9.5,142
"2017002HB","HB1702","2017","201702013510010346","Representative",14597,"10",44.109825,-66.916018,179,180,179,08-MAY-17,"05:26:08",44.09,66.925,178,08-MAY-17,"04:43","0245","SBE-911+","W",4.99,31.936,6.49,33.231,1,1.25,".72",1,7.7,170
"2017002HB","HB1702","2017","201702013510030347","Representative",14809,"10",44.230387,-66.927993,180,175,178,08-MAY-17,"07:42:16",44.2467,66.91,179,08-MAY-17,"07:15","0246","SBE-911+","V",4.89,31.6,6.74,33.349,1,1.25,".45",1,7.5,171
"2017002HB","HB1702","2017","201702013510040348","Representative",14647,"10",44.37017,-66.981543,135,132,134,08-MAY-17,"09:45:18",44.3583,66.97,137,08-MAY-17,"09:11","0247","SBE-911+","V",5.04,31.276,5.04,32.459,2,0.87,".57",1,9.3,131
"2017002HB","HB1702","2017","201702013400030350","Representative",14596,"10",43.969117,-67.369765,205,204,202,08-MAY-17,"17:07:35",43.9833,67.3367,209,08-MAY-17,"16:18","0248","SBE-911+","V",5.97,32.001,8.59,34.119,4,1.66,".83",1,5.8,208
"2017002HB","HB1702","2017","201702013600120351","Representative",14730,"10",44.14609,-67.5769,238,246,244,08-MAY-17,"20:21:48",44.1667,67.5683,214,08-MAY-17,"19:44","0249","SBE-911+","V",5.63,31.814,,,24,1.29,".63",0,5.6,199
"2017002HB","HB1702","2017","201702013900010352","Representative",14711,"10",44.239723,-67.895432,78,81,80,08-MAY-17,"23:07:14",44.25,67.9167,75,08-MAY-17,"22:43","0250","SBE-911+","V",5.62,31.495,4.79,31.664,3,1.1,".4",1,9.9,66
"2017002HB","HB1702","2017","201702013900040353","Representative",14614,"10",44.097765,-68.083573,106,106,107,09-MAY-17,"01:57:09",44.0767,68.09,109,09-MAY-17,"01:30","0251","SBE-911+","V",5.44,31.542,,,3,1.3,".45",0,9.6,98
"2017002HB","HB1702","2017","201702013800020354","Representative",14747,"10",43.687618,-68.244517,193,194,195,09-MAY-17,"06:42:59",43.6717,68.2733,208,09-MAY-17,"06:01","0252","SBE-911+","V",5.99,31.921,8.62,34.111,15,1.57,".7",1,5.4,201
"2017002HB","HB1702","2017","201702013800040356","Representative",14594,"10",43.580043,-69.600813,138,140,149,09-MAY-17,"19:01:17",43.6017,69.5983,119,09-MAY-17,"18:32","0253","SBE-911+","V",6.54,31.761,4.55,32.304,19,1.31,".49",1,9.7,113
"2017002HB","HB1702","2017","201702013800030357","Representative",14881,"10",43.45714,-69.648627,135,136,136,09-MAY-17,"20:56:20",43.44,69.6567,138,09-MAY-17,"20:27","0254","SBE-911+","V",7.16,32.18,4.53,32.485,3,1.09,".49",1,9.4,129
"2017002HB","HB1702","2017","201702012700010358","Representative",14713,"10",43.346715,-70.030098,169,167,169,10-MAY-17,"00:23:49",43.32,70.0417,192,09-MAY-17,"23:43","0255","SBE-911+","V",7.91,31.623,5.07,32.743,23,1.68,".68",1,9.1,183
"2017002HB","HB1702","2017","201702013700030359","Representative",14684,"10",43.19292,-69.647255,62,62,62,10-MAY-17,"03:23:57",43.185,69.63,89,10-MAY-17,"02:59","0256","SBE-911+","V",7.94,32.223,4.33,32.449,27,0.89,".42",0,9.5,81
"2017002HB","HB1702","2017","201702013700010360","Representative",14620,"10",43.178865,-69.497132,134,119,130,10-MAY-17,"06:22:55",43.1867,69.4733,132,10-MAY-17,"05:45","0257","SBE-911+","V",8.22,32.387,5.37,32.847,2,1.14,".63",1,9.1,128
"2017002HB","HB1702","2017","201702013800080361","Representative",14905,"10",43.372133,-68.977625,148,147,148,10-MAY-17,"10:34:48",43.3917,68.98,150,10-MAY-17,"10:05","0258","SBE-911+","V",6.6,31.922,5.08,32.678,2,1.18,".5",1,8.6,142
"2017002HB","HB1702","2017","201702013700060362","Representative",14608,"10",43.304342,-68.7494,141,142,138,10-MAY-17,"13:12:34",43.3067,68.735,146,10-MAY-17,"12:28","0259","SBE-911+","W",6.25,31.868,5.87,32.963,5,0.65,".74",1,8.1,138
"2017002HB","HB1702","2017","201702013800070363","Representative",14799,"10",43.34706,-68.586887,176,166,174,10-MAY-17,"15:52:38",43.3583,68.56,183,10-MAY-17,"15:06","0260","SBE-911+","V",6.53,31.888,,,7,1.35,".78",0,7.1,172
"2017002HB","HB1702","2017","201702013700050364","Representative",14634,"10",43.027275,-68.729565,198,196,195,10-MAY-17,"19:07:03",43.005,68.745,204,10-MAY-17,"18:32","0261","SBE-911+","V",7.61,31.911,,,6,1.5,".58",0,6.5,192
"2017002HB","HB1702","2017","201702013700070365","Representative",14571,"10",42.831158,-68.639297,201,203,204,10-MAY-17,"22:01:47",42.805,68.6483,204,10-MAY-17,"21:22","0262","SBE-911+","V",8.54,32.324,,,3,1.62,".66",0,6.3,190
"2017002HB","HB1702","2017","201702013700020366","Representative",14791,"10",42.847978,-69.590745,187,185,186,11-MAY-17,"03:15:03",42.8267,69.585,188,11-MAY-17,"02:40","0263","SBE-911+","V",9.2,32.6,6.65,33.334,1,1.3,".58",1,8.1,178
"2017002HB","HB1702","2017","201702012700020367","Representative",14679,"10",43.061758,-70.104925,145,138,142,11-MAY-17,"06:57:23",43.0783,70.1317,152,11-MAY-17,"06:23","0264","SBE-911+","V",8.54,30.637,5.2,32.811,7,1.54,".57",1,9,144
"2017002HB","HB1702","2017","201702014000030368","Representative",15266,"10",42.889958,-70.449532,124,127,125,11-MAY-17,"09:41:07",42.9117,70.44,76,11-MAY-17,"09:13","0265","SBE-911+","V",8.94,29.687,4.27,32.295,48,1.37,".47",0,9.6,67
"2017002HB","HB1702","2017","201702014000020369","Representative",14702,"10",42.848305,-70.459437,127,125,125,11-MAY-17,"11:48:09",42.865,70.44,129,11-MAY-17,"10:48","0266","SBE-911+","V",8.43,30.027,4.45,32.546,2,1.32,"1",1,9.4,123
"2017002HB","HB1702","2017","201702012600060370","Representative",14706,"10",42.775397,-70.442253,99,93,104,11-MAY-17,"13:42:59",42.7833,70.4283,96,11-MAY-17,"13:08","0267","SBE-911+","V",8.93,30.224,4.49,32.49,3,0.78,".58",1,9.4,91
"2017002HB","HB1702","2017","201702036400030372","Representative",14807,"10",42.789167,-70.73647,36,35,35,11-MAY-17,"17:55:53",42.8067,70.74,35,11-MAY-17,"17:31","0268","SBE-911+","V",9.64,24.754,5.05,31.669,1,1.06,".41",1,9.7,25
"2017002HB","HB1702","2017","201702012600010373","Representative",14564,"10",42.69497,-70.285005,126,123,126,11-MAY-17,"20:44:36",42.6933,70.3117,121,11-MAY-17,"20:15","0269","SBE-911+","V",9.56,30.425,4.74,32.514,5,1.18,".49",1,9.4,111
"2017002HB","HB1702","2017","201702012600050374","Representative",14699,"10",42.690695,-70.16935,107,107,111,11-MAY-17,"22:33:50",42.6783,70.1833,93,11-MAY-17,"22:08","0270","SBE-911+","V",9.35,30.837,4.71,32.491,14,0.97,".43",1,9.4,86
"2017002HB","HB1702","2017","201702012600030375","Representative",14756,"10",42.63485,-70.335218,89,90,89,12-MAY-17,"00:36:27",42.6317,70.3583,75,12-MAY-17,"00:13","0271","SBE-911+","V",9.43,30.392,4.59,32.418,14,1.04,".39",1,9.5,66
"2017002HB","HB1702","2017","201702012600040376","Representative",14554,"10",42.467245,-70.563727,61,59,60,12-MAY-17,"03:23:27",42.47,70.5833,82,12-MAY-17,"02:55","0272","SBE-911+","V",10.01,28.695,4.69,32.424,21,0.88,".47",0,9.5,75
"2017002HB","HB1702","2017","201702036600020377","Representative",14788,"10",42.51965,-70.62853,69,68,69,12-MAY-17,"05:17:06",42.5283,70.6133,70,12-MAY-17,"04:55","0273","SBE-911+","V",7.82,29.662,4.83,32.31,1,0.85,".37",1,9.6,64
"2017002HB","HB1702","2017","201702036500030378","Representative",14884,"10",42.456113,-70.79079,47,48,47,12-MAY-17,"06:55:51",42.45,70.8017,47,12-MAY-17,"06:36","0274","SBE-911+","W",9.68,30.035,4.54,32.112,0,0.61,".33",1,9.2,45
"2017002HB","HB1702","2017","201702036500020379","Non-Representative",14701,"10",42.443842,-70.754095,52,51,51,12-MAY-17,"08:39:56",42.4533,70.77,49,12-MAY-17,"08:20","0275","SBE-911+","V",9.55,30.03,4.48,32.126,3,0.91,".33",1,9.2,43
"2017002HB","HB1702","2017","201702036500020380","Representative",14701,"10",42.443792,-70.743453,51,46,50,12-MAY-17,"09:52:36",42.4533,70.77,49,12-MAY-17,"08:20","0275","SBE-911+","V",9.55,30.03,4.48,32.126,2,1.31,"1.54",1,9.2,43
"2017002HB","HB1702","2017","201702036600030381","Representative",14817,"10",42.423095,-70.703478,53,52,52,12-MAY-17,"11:42:28",42.4183,70.68,67,12-MAY-17,"10:58","0276","SBE-911+","V",9.68,29.731,4.61,32.346,14,1.08,".74",0,9.4,60
"2017002HB","HB1702","2017","201702036400010382","Representative",14858,"10",42.300957,-70.724353,38,34,36,12-MAY-17,"13:53:26",42.2983,70.7167,34,12-MAY-17,"13:24","0277","SBE-911+","V",9.71,29.546,5.34,31.766,4,0.38,".49",1,8.8,31
"2017002HB","HB1702","2017","201702036500010383","Representative",14865,"10",42.3028,-70.66275,48,46,48,12-MAY-17,"15:45:43",42.2933,70.6317,51,12-MAY-17,"15:20","0278","SBE-911+","V",9.28,29.937,4.75,32.062,3,1.49,".43",1,9,44
"2017002HB","HB1702","2017","201702036400020384","Representative",14587,"10",42.216193,-70.586122,35,34,35,12-MAY-17,"18:19:32",42.2133,70.5833,36,12-MAY-17,"17:49","0279","SBE-911+","V",9.73,29.913,5.29,31.792,1,0.21,".51",1,9.6,28
"2017002HB","HB1702","2017","201702035900030385","Representative",14743,"10",42.140697,-70.570693,29,30,29,12-MAY-17,"20:55:27",42.1567,70.57,29,12-MAY-17,"20:33","0280","SBE-911+","V",9.79,29.805,6.12,31.272,0,0.96,".37",1,9.7,20
"2017002HB","HB1702","2017","201702036000030386","Representative",14793,"10",42.114998,-70.520938,34,34,34,12-MAY-17,"22:28:59",42.12,70.505,40,12-MAY-17,"22:10","0281","SBE-911+","V",9.85,29.694,,,6,0.77,".32",0,9.5,29
"2018002HB","HB1802","2018","201802033500030009","Representative",16299,"10",37.488978,-75.38703,22,22,22,15-MAR-18,"06:35:30",37.5,75.3833,20,15-MAR-18,"06:18","0002","SBE-911+","V",5.39,31.502,5.36,31.408,2,0.69,".29",1,6.5,17
"2018002HB","HB1802","2018","201802016500050014","Representative",16205,"10",36.775978,-75.573143,24,25,25,15-MAR-18,"19:06:26",36.7883,75.57,25,15-MAR-18,"18:51","0003","SBE-911+","W",6.14,32.689,6.05,32.752,1,0.76,".26",1,9.7,21
"2018002HB","HB1802","2018","201802033800010015","Representative",16209,"10",36.660885,-75.689243,20,20,19,15-MAR-18,"21:02:39",36.6683,75.68,20,15-MAR-18,"20:45","0004","SBE-911+","V",6.33,28.796,6.14,32.744,0,0.63,".29",1,9.7,15
"2018002HB","HB1802","2018","201802033800020016","Representative",16306,"10",36.513958,-75.631943,26,26,26,15-MAR-18,"23:32:05",36.515,75.61,27,15-MAR-18,"23:13","0005","SBE-911+","V",6.22,30.946,6.37,32.887,1,1.06,".32",1,9.6,21
"2018002HB","HB1802","2018","201802034100040017","Representative",16334,"10",36.43024,-75.616125,26,26,26,16-MAR-18,"01:41:34",36.435,75.6083,23,16-MAR-18,"01:15","0006","SBE-911+","V",6.24,31.445,6.58,33.149,3,0.47,".44",1,9.6,22
"2018002HB","HB1802","2018","201802016100020022","Representative",16140,"10",36.43048,-75.317408,33,35,35,16-MAR-18,"11:52:10",36.4433,75.3167,32,16-MAR-18,"11:30","0007","SBE-911+","V",7.01,33.565,7.13,33.604,1,0.77,".37",1,9.5,28
"2018002HB","HB1802","2018","201802016100050024","Representative",16433,"10",36.134122,-75.133568,36,33,35,16-MAR-18,"15:57:49",36.1333,75.12,37,16-MAR-18,"15:43","0008","SBE-911+","W",7.67,33.65,7.83,33.872,1,0.66,".25",1,9.2,32
"2018002HB","HB1802","2018","201802034100050025","Representative",16115,"10",36.120622,-75.53557,26,26,26,16-MAR-18,"18:48:21",36.135,75.5333,25,16-MAR-18,"18:28","0009","SBE-911+","V",6.82,28.6,6.89,33.235,1,0.87,".34",1,9.4,21
"2018002HB","HB1802","2018","201802034100010026","Representative",16356,"10",36.025688,-75.60146,25,23,24,16-MAR-18,"20:14:16",36.035,75.6067,24,16-MAR-18,"20:00","0010","SBE-911+","V",7.1,30.275,6.87,32.756,1,0.61,".24",1,9.4,20
"2018002HB","HB1802","2018","201802034100030027","Representative",16092,"10",35.938717,-75.403717,24,26,25,16-MAR-18,"22:56:39",35.9267,75.4117,24,16-MAR-18,"22:42","0011","SBE-911+","V",6.83,30.902,7.24,33.337,0,0.82,".24",1,9.3,20
"2018002HB","HB1802","2018","201802016100030028","Non-Representative",16227,"10",35.983172,-75.330987,35,34,35,17-MAR-18,"00:35:11",35.9983,75.3467,22,17-MAR-18,"00:11","0012","SBE-911+","V",6.84,31.398,7.2,33.24,13,1.19,".4",0,9.4,18
"2018002HB","HB1802","2018","201802034400020029","Representative",16080,"10",35.643413,-75.298752,25,25,25,17-MAR-18,"06:15:46",35.625,75.2867,25,17-MAR-18,"05:52","0013","SBE-911+","V",12.74,33.758,15.01,34.707,0,1.25,".4",1,7.4,23
"2018002HB","HB1802","2018","201802034400040030","Representative",16114,"10",35.544245,-75.338513,28,28,28,17-MAR-18,"08:26:59",35.53,75.3483,27,17-MAR-18,"08:09","0014","SBE-911+","V",11.5,33.174,14,34.359,1,0.98,".3",1,7.7,24
"2018002HB","HB1802","2018","201802034400030032","Representative",16388,"10",35.407312,-75.396465,23,23,23,17-MAR-18,"12:48:09",35.395,75.4017,23,17-MAR-18,"12:30","0015","SBE-911+","V",12.1,33.568,13.02,33.891,0,0.78,".3",1,7.5,19
"2018002HB","HB1802","2018","201802016400030033","Representative",16355,"10",35.651533,-74.79871,,,,17-MAR-18,"18:22:46",35.6467,74.7967,228,17-MAR-18,"17:23","0016","SBE-911+","W",20.91,36.582,12.25,35.25,,0.31,"1",0,7,225
"2018002HB","HB1802","2018","201802016200010034","Representative",16400,"10",36.001088,-74.910325,78,77,77,17-MAR-18,"21:14:44",35.985,74.9033,83,17-MAR-18,"20:58","0017","SBE-911+","V",7.69,32.765,11.11,34.882,5,1.02,".28",1,7.4,81
"2018002HB","HB1802","2018","201802016300010035","Representative",16332,"10",35.989058,-74.810988,140,139,139,18-MAR-18,"01:59:50",35.975,74.815,122,18-MAR-18,"01:22","0018","SBE-911+","V",9,33.325,12.2,35.171,18,0.87,".63",1,7.5,117
"2018002HB","HB1802","2018","201802016200020036","Representative",16207,"10",36.092745,-74.819585,108,108,108,18-MAR-18,"04:11:24",36.1067,74.82,110,18-MAR-18,"03:47","0019","SBE-911+","V",7.37,32.75,12.1,35.296,2,0.84,".41",1,6.6,105
"2018002HB","HB1802","2018","201802016400010037","Representative",16122,"10",36.092912,-74.783502,244,232,239,18-MAR-18,"06:36:59",36.1217,74.785,216,18-MAR-18,"05:49","0020","SBE-911+","V",9.26,33.401,12.36,35.492,28,1.73,".8",1,5.5,214
"2018002HB","HB1802","2018","201802016200030038","Representative",16179,"10",36.201242,-74.904108,68,65,66,18-MAR-18,"09:50:18",36.18,74.9083,65,18-MAR-18,"09:18","0021","SBE-911+","W",7.27,32.568,11.83,35.162,3,1.29,".54",1,6.9,63
"2018002HB","HB1802","2018","201802016400020040","Representative",16310,"10",36.430805,-74.777818,175,201,183,18-MAR-18,"15:41:29",36.41,74.7817,135,18-MAR-18,"15:05","0022","SBE-911+","V",8.51,33.78,11.23,34.983,40,1.26,".61",0,7.1,129
"2018002HB","HB1802","2018","201802016700010042","Representative",16312,"10",36.705305,-74.677445,152,158,156,18-MAR-18,"18:23:53",36.6783,74.6883,145,18-MAR-18,"17:54","0023","SBE-911+","V",11.66,34.645,12.31,35.528,7,1.7,".5",1,5.1,139
"2018002HB","HB1802","2018","201802016700020046","Representative",16195,"10",37.101572,-74.75713,126,123,126,19-MAR-18,"05:18:08",37.125,74.7433,94,19-MAR-18,"04:47","0024","SBE-911+","V",8.87,34.08,12.23,35.449,32,1.56,".52",0,6.2,93
"2018002HB","HB1802","2018","201802016800010047","Representative",16362,"10",37.107328,-74.710515,183,190,192,19-MAR-18,"09:22:55",37.12,74.6833,92,19-MAR-18,"08:29","0025","SBE-911+","W",8.54,33.963,11.96,35.197,91,1.51,".9",0,7.1,84
"2018002HB","HB1802","2018","201802016700030048","Representative",16412,"10",37.207627,-74.554118,127,128,128,19-MAR-18,"12:03:42",37.19,74.5567,128,19-MAR-18,"11:33","0026","SBE-911+","V",8.92,34.105,11.43,35.015,1,1.07,".51",1,7.9,121
"2018002HB","HB1802","2018","201802016600010049","Representative",16449,"10",37.31336,-74.556547,99,98,99,19-MAR-18,"13:38:22",37.3,74.545,100,19-MAR-18,"13:14","0027","SBE-911+","V",10.1,34.576,11.67,35.31,1,0.97,".41",1,6.3,96
"2018002HB","HB1802","2018","201802016800030052","Representative",16429,"10",37.513902,-74.334965,230,237,233,19-MAR-18,"21:35:23",37.4917,74.36,207,19-MAR-18,"20:56","0028","SBE-911+","V",9.01,33.99,12.38,35.561,23,1.79,".66",1,5.3,202
"2018002HB","HB1802","2018","201802017200010053","Representative",16396,"10",37.588445,-74.282582,230,228,230,20-MAR-18,"00:17:47",37.5617,74.3083,242,19-MAR-18,"23:30","0029","SBE-911+","V",10.02,34.533,11.51,35.469,12,2.02,".8",1,4.7,238
"2018002HB","HB1802","2018","201802017100010054","Representative",16360,"10",37.752118,-74.206913,136,131,136,20-MAR-18,"02:18:54",37.7333,74.2167,134,20-MAR-18,"01:51","0030","SBE-911+","V",8.85,34.055,12.25,35.344,2,1.22,".47",1,6.8,132
"2018002HB","HB1802","2018","201802017200030055","Representative",16191,"10",38.046708,-73.864358,196,184,197,20-MAR-18,"06:25:38",38.0267,73.885,183,20-MAR-18,"05:45","0031","SBE-911+","V",7.76,33.674,12.71,35.516,13,1.55,".68",1,6.8,179
"2018002HB","HB1802","2018","201802017200020056","Representative",16254,"10",38.12821,-73.766648,243,248,241,20-MAR-18,"09:45:21",38.1133,73.7883,360,20-MAR-18,"08:40","0032","SBE-911+","W",7.85,33.699,8.14,35.19,117,1.36,"1.09",0,5.1,355
"2018002HB","HB1802","2018","201802017100030057","Representative",16282,"10",38.182055,-73.717943,145,148,145,20-MAR-18,"12:24:10",38.1633,73.7317,152,20-MAR-18,"11:50","0033","SBE-911+","V",7.78,33.677,12.27,35.371,7,1.3,".57",1,6.7,146
"2018002HB","HB1802","2018","201802030200030059","Representative",16274,"10",41.035787,-71.747845,29,28,29,28-MAR-18,"22:17:49",41.0483,71.73,32,28-MAR-18,"21:55","0035","SBE-911+","W",4.32,30.688,4.51,32.175,3,1.1,".38",1,10.3,29
"2018002HB","HB1802","2018","201802030200020060","Representative",16301,"10",40.961473,-71.883567,32,31,31,29-MAR-18,"00:15:55",40.9717,71.8817,29,28-MAR-18,"23:49","0036","SBE-911+","V",4.45,30.78,4.33,31.74,3,0.62,".45",1,10.3,25
"2018002HB","HB1802","2018","201802030200010061","Representative",16079,"10",40.967283,-71.976528,26,27,26,29-MAR-18,"01:43:25",40.97,71.9583,25,29-MAR-18,"01:24","0037","SBE-911+","V",4.47,30.797,4.29,31.712,1,0.84,".32",1,10.3,21
"2018002HB","HB1802","2018","201802030500010062","Representative",16217,"10",40.94412,-72.041225,27,27,26,29-MAR-18,"03:02:16",40.9483,72.0183,26,29-MAR-18,"02:40","0038","SBE-911+","V",4.5,30.801,4.42,31.843,1,1.07,".37",1,10.3,22
"2018002HB","HB1802","2018","201802030500020063","Representative",16134,"10",40.907482,-72.134652,29,26,27,29-MAR-18,"04:20:46",40.9133,72.1167,28,29-MAR-18,"04:06","0039","SBE-911+","V",4.51,30.923,4.22,31.443,1,0.89,".25",1,10.4,21
"2018002HB","HB1802","2018","201802030500030066","Representative",16135,"10",40.82061,-72.381762,27,30,29,29-MAR-18,"09:29:38",40.8333,72.3683,26,29-MAR-18,"09:12","0040","SBE-911+","V",4.57,31.058,4.21,31.554,1,0.98,".29",1,10.3,20
"2018002HB","HB1802","2018","201802030800020067","Representative",16223,"10",40.773985,-72.470183,32,29,32,29-MAR-18,"11:04:22",40.77,72.4883,32,29-MAR-18,"10:50","0041","SBE-911+","V",4.61,31.023,4.44,32.052,0,0.86,".24",1,10.2,27
"2018002HB","HB1802","2018","201802010100050068","Representative",16166,"10",40.670403,-72.589452,38,38,39,29-MAR-18,"13:00:47",40.6833,72.5983,34,29-MAR-18,"12:41","0042","SBE-911+","V",4.54,31.935,4.49,32.318,4,0.87,".33",1,10,27
"2018002HB","HB1802","2018","201802030800010071","Representative",16346,"10",40.573105,-72.985593,25,27,25,29-MAR-18,"19:30:35",40.575,72.9683,25,29-MAR-18,"19:16","0043","SBE-911+","V",4.46,31.718,4.27,31.819,0,0.8,".24",1,10.1,22
"2018002HB","HB1802","2018","201802031100010072","Representative",16288,"10",40.517022,-73.324195,25,24,24,29-MAR-18,"21:56:24",40.5217,73.31,27,29-MAR-18,"21:39","0044","SBE-911+","V",5.01,31.804,4.55,31.888,2,0.71,".29",1,10.1,22
"2018002HB","HB1802","2018","201802031100020073","Representative",16084,"10",40.427215,-73.394078,28,27,28,29-MAR-18,"23:34:05",40.425,73.3717,27,29-MAR-18,"23:15","0045","SBE-911+","W",5.06,32.035,4.62,32.107,1,1.03,".32",1,10,23
"2018002HB","HB1802","2018","201802031100030074","Representative",16298,"10",40.409598,-73.584398,24,24,24,30-MAR-18,"01:25:36",40.415,73.5667,26,30-MAR-18,"00:57","0046","SBE-911+","W",5.17,32.051,4.81,32.053,2,0.87,".48",1,10.1,24
"2018002HB","HB1802","2018","201802031400030075","Representative",16406,"10",40.492875,-73.769245,26,26,26,30-MAR-18,"03:24:06",40.4867,73.7567,27,30-MAR-18,"03:04","0047","SBE-911+","V",5.24,31.932,5.25,32.441,1,0.68,".33",1,10.1,23
"2018002HB","HB1802","2018","201802031400010076","Representative",16138,"10",40.354043,-73.740622,25,26,26,30-MAR-18,"05:12:53",40.365,73.7467,25,30-MAR-18,"04:59","0048","SBE-911+","V",5.61,31.476,5.04,32.331,0,0.71,".23",1,9.6,22
"2018002HB","HB1802","2018","201802031400020077","Representative",16101,"10",40.188228,-73.890805,25,26,25,30-MAR-18,"07:58:14",40.1883,73.905,22,30-MAR-18,"07:27","0049","SBE-911+","V",5.41,29.783,5.11,31.924,3,0.65,".52",1,10.2,18
"2018002HB","HB1802","2018","201802031700010078","Representative",16110,"10",40.170607,-73.840298,28,27,28,30-MAR-18,"10:02:56",40.1867,73.8233,30,30-MAR-18,"09:37","0050","SBE-911+","W",5.5,30.182,5.11,32.225,2,1.24,".43",1,9.9,24
"2018002HB","HB1802","2018","201802010100070082","Representative",16097,"10",40.030548,-73.533125,45,45,45,30-MAR-18,"19:28:41",40.04,73.53,47,30-MAR-18,"19:16","0051","SBE-911+","V",5.44,32.203,5.17,32.747,2,0.59,".21",1,9.9,42
"2018002HB","HB1802","2018","201802031700020083","Representative",16094,"10",39.854053,-73.967745,23,24,24,30-MAR-18,"22:27:38",39.8717,73.97,23,30-MAR-18,"22:08","0052","SBE-911+","V",5.36,31.02,5.32,32.314,0,1.07,".33",1,10,21
"2018002HB","HB1802","2018","201802032000040086","Representative",16308,"10",39.571168,-73.944737,26,26,26,31-MAR-18,"04:55:31",39.5817,73.9317,27,31-MAR-18,"04:41","0053","SBE-911+","V",5.9,30.665,5.92,33.071,1,0.87,".24",1,10.1,22
"2018002HB","HB1802","2018","201802032000020087","Representative",16444,"10",39.544465,-74.048645,24,22,23,31-MAR-18,"06:14:31",39.5517,74.03,25,31-MAR-18,"05:59","0054","SBE-911+","V",5.83,30.697,5.79,32.92,1,0.97,".26",1,10,21
"2018002HB","HB1802","2018","201802017300040090","Representative",16194,"10",39.338718,-73.77634,38,40,38,31-MAR-18,"11:54:38",39.3567,73.78,40,31-MAR-18,"11:36","0055","SBE-911+","V",6.34,33.195,6.32,33.196,2,1.09,".31",1,10,36
"2018002HB","HB1802","2018","201802032300020092","Representative",16118,"10",39.14568,-74.220445,23,23,23,31-MAR-18,"15:46:07",39.155,74.2133,27,31-MAR-18,"15:26","0056","SBE-911+","V",5.67,32.505,5.47,32.586,4,0.65,".34",1,10,21
"2018002HB","HB1802","2018","201802032300030094","Representative",16445,"10",38.956713,-74.534897,19,19,19,31-MAR-18,"19:21:42",38.965,74.52,17,31-MAR-18,"19:05","0057","SBE-911+","V",5.32,31.903,5.12,32.02,2,0.86,".28",1,10.2,12
"2018002HB","HB1802","2018","201802032600030096","Representative",16086,"10",38.793008,-74.793125,21,19,19,01-APR-18,"01:03:31",38.7967,74.775,21,01-APR-18,"00:45","0058","SBE-911+","W",6.09,31.214,5.34,31.926,0,0.88,".31",1,10.2,18
"2018002HB","HB1802","2018","201802032600020097","Representative",16423,"10",38.724705,-74.920783,27,26,26,01-APR-18,"02:46:20",38.7383,74.9217,41,01-APR-18,"02:28","0059","SBE-911+","V",5.95,30.035,5.01,32.18,14,0.82,".31",0,9.9,36
"2018002HB","HB1802","2018","201802032600010098","Representative",16409,"10",38.635482,-74.8865,23,22,22,01-APR-18,"04:58:01",38.665,74.8867,26,01-APR-18,"03:54","0060","SBE-911+","V",6.08,30.358,4.99,32.174,3,1.77,"1.07",1,9.9,23
"2018002HB","HB1802","2018","201802016900060099","Representative",16120,"10",38.57433,-74.715218,21,23,21,01-APR-18,"07:05:52",38.5833,74.71,19,01-APR-18,"06:51","0061","SBE-911+","V",5.87,31.407,5.28,32.41,2,0.59,".25",1,10,15
"2018002HB","HB1802","2018","201802016900070100","Representative",16421,"10",38.461383,-74.519682,38,40,39,01-APR-18,"09:40:56",38.4433,74.52,34,01-APR-18,"09:20","0062","SBE-911+","V",6.05,32.544,5.98,32.984,4,1.09,".35",1,9.5,30
"2018002HB","HB1802","2018","201802032900030101","Representative",16117,"10",38.38402,-74.874855,21,21,21,01-APR-18,"12:29:36",38.3967,74.8733,23,01-APR-18,"12:00","0063","SBE-911+","W",5.82,31.574,5.76,31.666,2,0.77,".49",1,10.1,18
"2018002HB","HB1802","2018","201802032900020109","Representative",16124,"10",38.023178,-74.983345,17,17,17,01-APR-18,"18:56:33",38.0333,74.9733,20,01-APR-18,"18:43","0064","SBE-911+","V",6.06,31.614,5.57,32.523,3,0.77,".23",1,9.8,15
"2018002HB","HB1802","2018","201802033200030110","Representative",16198,"10",37.970838,-75.04164,20,20,20,01-APR-18,"20:08:47",37.98,75.03,14,01-APR-18,"19:53","0065","SBE-911+","V",6.4,31.177,5.7,32.061,6,0.78,".26",0,10,10
"2018002HB","HB1802","2018","201802033200020112","Representative",16112,"10",37.800375,-75.15738,21,21,21,01-APR-18,"23:21:35",37.8167,75.1383,22,01-APR-18,"23:01","0066","SBE-911+","V",6.8,30.844,6.03,32.921,1,1.33,".34",1,9.6,21
"2018002HB","HB1802","2018","201802016900040114","Representative",16106,"10",38.044427,-74.564582,40,41,40,02-APR-18,"04:59:03",38.0567,74.5767,41,02-APR-18,"04:38","0067","SBE-911+","V",6.6,32.809,6.57,33.232,1,0.93,".35",1,9.5,38
"2018002HB","HB1802","2018","201802017000030116","Representative",16256,"10",38.15679,-73.997775,81,82,81,02-APR-18,"09:49:24",38.135,74.0167,80,02-APR-18,"09:22","0068","SBE-911+","W",7.26,33.511,9.32,34.405,1,1.58,".46",1,8.5,77
"2018002HB","HB1802","2018","201802017100020117","Representative",16284,"10",38.21179,-73.87147,126,128,124,02-APR-18,"12:04:41",38.19,73.8883,119,02-APR-18,"11:37","0069","SBE-911+","V",7.21,33.495,11.22,35.102,7,1.53,".46",1,7.7,115
"2018002HB","HB1802","2018","201802017000040118","Representative",16367,"10",38.425765,-73.990745,59,59,59,02-APR-18,"14:40:15",38.44,73.97,58,02-APR-18,"14:17","0070","SBE-911+","V",7.28,33.505,7.17,33.637,1,1.3,".39",1,9.2,53
"2018002HB","HB1802","2018","201802017000050119","Representative",16262,"10",38.574372,-73.815415,60,60,60,02-APR-18,"17:49:54",38.5667,73.825,59,02-APR-18,"17:32","0071","SBE-911+","V",7.16,33.509,7.28,33.661,1,0.64,".3",1,9.2,51
"2018002HB","HB1802","2018","201802017500010120","Representative",16296,"10",38.500075,-73.355838,119,121,120,02-APR-18,"22:02:35",38.4817,73.375,118,02-APR-18,"20:58","0072","SBE-911+","V",10.01,34.627,12.55,35.555,1,1.42,"1.08",1,7.1,114
"2018002HB","HB1802","2018","201802017400020125","Representative",16225,"10",38.989587,-72.941852,89,93,90,03-APR-18,"09:45:22",38.9767,72.9717,87,03-APR-18,"09:14","0073","SBE-911+","V",8.56,34.094,11.03,34.977,2,1.59,".52",1,7.7,82
"2018002HB","HB1802","2018","201802017500020126","Representative",16309,"10",39.11846,-72.7953,118,118,118,03-APR-18,"11:37:27",39.1017,72.8133,113,03-APR-18,"11:13","0074","SBE-911+","V",6.88,33.441,11.06,34.968,5,1.31,".41",1,7.9,110
"2018002HB","HB1802","2018","201802017400030127","Representative",16405,"10",39.276623,-72.976895,73,73,73,03-APR-18,"13:45:04",39.2917,72.955,72,03-APR-18,"13:25","0075","SBE-911+","V",6.63,33.328,7.18,33.694,1,1.36,".33",1,9.1,70
"2018002HB","HB1802","2018","201802017400050128","Representative",16078,"10",39.240588,-73.172552,63,63,63,03-APR-18,"15:42:38",39.2333,73.1317,68,03-APR-18,"15:07","0076","SBE-911+","W",6.48,33.224,7.09,33.66,5,1.95,".59",1,9.2,63
"2018002HB","HB1802","2018","201802017400010129","Representative",16338,"10",39.357358,-73.129247,63,60,62,03-APR-18,"17:31:15",39.345,73.14,64,03-APR-18,"17:15","0077","SBE-911+","V",6.41,33.162,6.6,33.463,1,0.89,".27",1,9.4,61
"2018002HB","HB1802","2018","201802010200070130","Representative",16095,"10",39.505143,-73.073777,66,67,66,03-APR-18,"19:19:35",39.4933,73.0883,65,03-APR-18,"19:01","0078","SBE-911+","V",6.17,33.065,6.19,33.218,1,0.98,".31",1,9.7,62
"2018002HB","HB1802","2018","201802010200060131","Representative",16162,"10",39.576245,-73.02817,67,67,68,03-APR-18,"20:46:55",39.5633,73.0433,67,03-APR-18,"20:27","0079","SBE-911+","V",5.94,32.97,6.66,33.483,0,1.05,".33",1,9.2,63
"2018002HB","HB1802","2018","201802010400020133","Representative",16234,"10",39.182682,-72.564218,199,198,198,04-APR-18,"02:36:16",39.1733,72.585,202,04-APR-18,"02:01","0081","SBE-911+","V",7.06,33.5,12.3,35.565,3,1.12,".59",1,6.3,196
"2018002HB","HB1802","2018","201802010400010134","Representative",16100,"10",39.240095,-72.44846,205,203,203,04-APR-18,"04:25:53",39.2283,72.4767,212,04-APR-18,"03:49","0082","SBE-911+","V",8.4,33.994,12.53,35.573,7,1.49,".61",1,6.8,207
"2018002HB","HB1802","2018","201802010300010135","Representative",16141,"10",39.482845,-72.429153,121,123,122,04-APR-18,"06:56:04",39.4683,72.445,123,04-APR-18,"06:28","0083","SBE-911+","W",6.96,33.501,9.54,34.573,2,1.14,".47",1,8.1,120
"2018002HB","HB1802","2018","201802010300030137","Representative",16085,"10",39.68642,-72.065797,150,152,151,04-APR-18,"12:53:25",39.705,72.065,139,04-APR-18,"12:26","0084","SBE-911+","V",6.62,33.357,12.8,35.582,11,1.12,".46",1,7,136
"2018002HB","HB1802","2018","201802034500010138","Representative",16103,"10",41.265783,-71.502392,44,43,44,14-APR-18,"17:30:27",41.25,71.5133,41,14-APR-18,"17:12","0085","SBE-911+","V",5.67,30.387,5.14,32.537,3,1.07,".31",1,9.2,35
"2018002HB","HB1802","2018","201802035900010142","Non-Representative",16206,"10",41.805095,-70.415935,24,23,23,15-APR-18,"21:05:46",41.8,70.4333,22,15-APR-18,"20:50","0086","SBE-911+","W",5.07,31.785,5.08,31.786,2,0.84,".26",1,11.5,17
"2018002HB","HB1802","2018","201802036000030143","Representative",16327,"10",41.889472,-70.412003,33,35,34,15-APR-18,"23:56:07",41.8833,70.43,32,15-APR-18,"23:40","0087","SBE-911+","V",4.89,32.061,4.89,32.078,1,0.89,".27",1,10.8,27
"2018002HB","HB1802","2018","201802035900040144","Representative",16706,"10",41.846653,-70.418668,29,30,30,16-APR-18,"01:38:36",41.8433,70.4333,27,16-APR-18,"01:27","0088","SBE-911+","V",5.02,31.913,5,31.988,2,0.69,".19",1,11.4,22
"2018002HB","HB1802","2018","201802036000010145","Representative",16184,"10",41.911418,-70.257403,36,36,36,16-APR-18,"03:59:17",41.9067,70.2783,36,16-APR-18,"03:42","0089","SBE-911+","V",4.84,32.012,4.68,32.074,0,0.98,".29",1,10.8,30
"2018002HB","HB1802","2018","201802036000020146","Representative",16203,"10",41.954768,-70.194963,35,33,33,16-APR-18,"06:02:47",41.95,70.2117,35,16-APR-18,"05:48","0090","SBE-911+","V",4.8,31.995,4.37,32.192,0,0.8,".25",1,10,31
"2018002HB","HB1802","2018","201802036100030147","Representative",16214,"10",42.040655,-70.429672,53,55,54,16-APR-18,"12:30:53",42.035,70.445,50,16-APR-18,"12:15","0091","SBE-911+","W",4.53,32.118,4.16,32.264,3,0.76,".26",1,9.5,45
"2018002HB","HB1802","2018","201802034500020148","Representative",16076,"10",41.361268,-71.145582,32,31,32,17-APR-18,"20:30:19",41.3683,71.1283,29,17-APR-18,"20:15","0092","SBE-911+","W",5.35,31.909,5.2,31.926,3,0.89,".26",1,9.9,23
"2018002HB","HB1802","2018","201802010600040152","Representative",16226,"10",40.619975,-71.773508,62,61,61,18-APR-18,"09:45:18",40.61,71.7533,63,18-APR-18,"09:24","0093","SBE-911+","V",5.33,32.57,5.29,32.846,1,1.1,".36",1,9.3,57
"2018002HB","HB1802","2018","201802010200030155","Representative",16178,"10",40.193282,-72.167367,69,69,69,18-APR-18,"19:57:34",40.1967,72.15,68,18-APR-18,"19:41","0094","SBE-911+","W",6.19,32.895,6.11,33.181,1,0.82,".28",1,9.1,63
"2018002HB","HB1802","2018","201802010800010156","Representative",16323,"10",39.899977,-71.62622,205,201,203,19-APR-18,"00:33:09",39.9017,71.595,222,18-APR-18,"23:59","0095","SBE-911+","V",7.7,33.548,10.67,35.385,17,1.44,".57",1,4.3,216
"2018002HB","HB1802","2018","201802010800020157","Representative",16188,"10",39.933298,-71.500515,189,194,189,19-APR-18,"02:58:04",39.9417,71.47,205,19-APR-18,"02:23","0096","SBE-911+","V",8.24,33.734,11.49,35.483,16,1.49,".58",1,5,203
"2018002HB","HB1802","2018","201802010800030158","Representative",16424,"10",40.06006,-71.016753,216,215,217,19-APR-18,"07:20:03",40.0617,70.9733,202,19-APR-18,"06:39","0097","SBE-911+","V",7.96,33.674,12.21,35.476,14,2,".68",1,6.2,193
"2018002HB","HB1802","2018","201802010600070159","Representative",16165,"10",40.323888,-70.941507,99,106,102,19-APR-18,"10:37:41",40.3383,70.9417,96,19-APR-18,"10:18","0098","SBE-911+","V",7.38,33.454,9.7,34.477,3,0.87,".33",1,7.7,93
"2018002HB","HB1802","2018","201802010700010160","Representative",16201,"10",40.152495,-70.814382,133,134,134,19-APR-18,"12:58:24",40.1633,70.835,133,19-APR-18,"12:28","0099","SBE-911+","W",7.47,33.49,12.33,35.407,0,1.15,".51",1,6.4,126
"2018002HB","HB1802","2018","201802010700020162","Representative",16361,"10",40.138117,-70.539767,119,119,120,19-APR-18,"18:03:17",40.1183,70.5517,118,19-APR-18,"17:35","0100","SBE-911+","W",7.5,33.493,12.45,35.466,1,1.31,".47",1,6.5,113
"2018002HB","HB1802","2018","201802011000040163","Representative",16075,"10",40.341258,-70.497097,91,91,91,19-APR-18,"20:49:12",40.3433,70.53,92,19-APR-18,"20:21","0101","SBE-911+","V",7.16,33.351,7.97,33.814,1,1.51,".47",1,8.5,87
"2018002HB","HB1802","2018","201802011100010165","Representative",16231,"10",40.162723,-70.305523,115,116,116,20-APR-18,"01:11:30",40.1633,70.2817,114,20-APR-18,"00:47","0102","SBE-911+","V",7.36,33.492,11.79,35.221,1,1.09,".41",1,7.2,109
"2018002HB","HB1802","2018","201802011200020166","Representative",16175,"10",39.989623,-70.37092,279,278,278,20-APR-18,"04:07:43",39.99,70.3233,336,20-APR-18,"03:03","0103","SBE-911+","V",8.87,34.04,8.93,35.25,57,2.19,"1.08",0,4.8,329
"2018002HB","HB1802","2018","201802011200010167","Representative",16276,"10",39.976203,-70.101757,225,224,222,20-APR-18,"07:21:15",39.9683,70.0667,217,20-APR-18,"06:38","0104","SBE-911+","V",8.27,33.821,11.79,35.493,8,1.68,".72",1,5.5,211
"2018002HB","HB1802","2018","201802011100030169","Representative",16350,"10",40.02328,-69.687755,123,125,124,20-APR-18,"13:16:34",40.015,69.6667,124,20-APR-18,"12:53","0105","SBE-911+","V",7.28,33.576,10.88,34.935,1,1.09,".39",1,7.4,118
"2018002HB","HB1802","2018","201802011000090171","Representative",16204,"10",40.409357,-69.308447,77,76,76,20-APR-18,"19:50:38",40.405,69.29,78,20-APR-18,"19:29","0106","SBE-911+","W",6.37,33.21,6.3,33.207,1,0.88,".36",1,9.6,71
"2018002HB","HB1802","2018","201802011200030173","Representative",16172,"10",40.114823,-68.803807,266,269,266,21-APR-18,"01:46:47",40.105,68.7683,194,21-APR-18,"01:05","0107","SBE-911+","V",9.24,34.259,11.11,35.148,72,1.73,".7",0,7.1,189
"2018002HB","HB1802","2018","201802011300090177","Representative",16297,"10",40.43252,-68.336757,106,103,105,21-APR-18,"12:56:49",40.4317,68.3067,110,21-APR-18,"12:34","0108","SBE-911+","V",8.36,34.011,9.64,34.467,4,1.37,".38",1,8.4,106
"2018002HB","HB1802","2018","201802011400030179","Representative",16345,"10",40.437753,-68.016353,140,141,140,21-APR-18,"18:44:13",40.4633,68.03,135,21-APR-18,"18:14","0109","SBE-911+","V",9.14,34.183,10.93,35.021,5,1.66,".5",1,7.5,132
"2018002HB","HB1802","2018","201802011500020181","Representative",16385,"10",40.500615,-67.714575,279,253,285,22-APR-18,"01:22:26",40.53,67.715,234,22-APR-18,"00:34","0110","SBE-911+","W",8.75,34.077,,,45,1.76,".81",0,6.3,222
"2018002HB","HB1802","2018","201802011400040182","Representative",16315,"10",40.53062,-67.199733,167,168,168,22-APR-18,"05:05:30",40.555,67.185,161,22-APR-18,"04:37","0111","SBE-911+","V",8.83,33.926,12.61,35.57,6,1.61,".48",1,6.8,152
"2018002HB","HB1802","2018","201802011800040183","Representative",16389,"10",40.78026,-66.753797,238,235,235,22-APR-18,"09:10:50",40.81,66.7283,177,22-APR-18,"08:35","0112","SBE-911+","V",8.24,33.548,12.5,35.592,61,2.13,".6",0,6.4,171
"2018002HB","HB1802","2018","201802011800030184","Representative",16093,"10",40.830738,-66.68336,190,190,190,22-APR-18,"11:51:59",40.8033,66.7317,186,22-APR-18,"10:30","0113","SBE-911+","V",9.37,34.046,12.58,35.589,4,2.75,"1.37",1,6.7,181
"2018002HB","HB1802","2018","201802011700010189","Representative",16324,"10",41.338315,-66.205952,138,140,139,22-APR-18,"23:44:28",41.315,66.2167,142,22-APR-18,"23:12","0114","SBE-911+","W",6.09,32.273,9.81,34.659,4,1.48,".54",1,7.5,136
"2018002HB","HB1802","2018","201802011600020191","Representative",16366,"10",41.737167,-65.959673,107,106,106,23-APR-18,"04:18:11",41.725,65.96,107,23-APR-18,"03:55","0115","SBE-911+","V",6.67,33.168,6.6,33.262,0,0.73,".39",1,9.3,103
"2018002HB","HB1802","2018","201802011800010192","Representative",16260,"10",41.837365,-65.728278,225,251,222,23-APR-18,"07:50:00",41.8117,65.7133,409,23-APR-18,"06:56","0116","SBE-911+","V",9.13,33.98,7.72,35.168,184,1.68,".9",0,5.8,402
"2018002HB","HB1802","2018","201802011700030193","Representative",16335,"10",41.93286,-65.818727,170,166,169,23-APR-18,"10:15:05",41.9617,65.8417,175,23-APR-18,"09:43","0117","SBE-911+","V",8.56,33.72,10.93,35.376,5,2.01,".53",1,6.2,168
"2018002HB","HB1802","2018","201802011800020194","Non-Representative",16289,"10",41.935415,-65.782422,191,192,192,23-APR-18,"12:53:43",41.9133,65.76,216,23-APR-18,"12:02","0118","SBE-911+","V",8.95,33.864,10.49,35.353,25,1.66,".86",1,6.1,213
"2018002HB","HB1802","2018","201802011600050196","Representative",16146,"10",41.939465,-66.095237,94,92,93,23-APR-18,"16:41:13",41.9217,66.0767,95,23-APR-18,"15:16","0119","SBE-911+","V",5.85,32.297,6.48,33.441,1,1.35,"1.42",1,9.5,88
"2018002HB","HB1802","2018","201802011600040199","Representative",16270,"10",41.922635,-66.329683,80,82,81,23-APR-18,"22:04:02",41.9283,66.3517,82,23-APR-18,"21:43","0120","SBE-911+","W",6.86,33.042,6.36,33.067,2,1.04,".35",1,9.6,78
"2018002HB","HB1802","2018","201802012200030201","Representative",16237,"10",42.146617,-66.088655,214,203,209,24-APR-18,"01:57:58",42.1217,66.0667,196,24-APR-18,"00:05","0121","SBE-911+","V",4.82,31.674,11.38,35.264,18,1.79,"1.88",1,6.8,187
"2018002HB","HB1802","2018","201802012200020203","Representative",16414,"10",42.176735,-66.804517,185,185,185,24-APR-18,"08:08:14",42.175,66.84,170,24-APR-18,"07:35","0122","SBE-911+","V",6.67,32.801,6.7,33.652,15,1.58,".55",1,8.7,167
"2018002HB","HB1802","2018","201802012100010204","Representative",16107,"10",42.098563,-66.835323,69,70,70,24-APR-18,"10:16:05",42.11,66.8483,66,24-APR-18,"09:58","0123","SBE-911+","V",6.51,33.266,6.53,33.302,3,0.9,".3",1,9.8,58
"2018002HB","HB1802","2018","201802011600120205","Representative",16380,"10",41.689233,-66.681365,69,65,67,24-APR-18,"13:30:41",41.6783,66.7,67,24-APR-18,"13:13","0124","SBE-911+","W",7.02,33.382,7,33.416,2,1.06,".29",1,9.5,63
"2018002HB","HB1802","2018","201802010900030206","Representative",16149,"10",40.952628,-70.484803,47,47,47,01-MAY-18,"21:31:18",40.965,70.5033,47,01-MAY-18,"20:52","0125","SBE-911+","W",8.42,32.771,6.49,32.889,0,1.12,".66",1,9.7,43
"2018002HB","HB1802","2018","201802034600020209","Representative",16434,"10",41.142657,-70.173108,27,25,27,02-MAY-18,"04:36:58",41.165,70.1683,24,02-MAY-18,"04:12","0126","SBE-911+","V",7.81,32.348,7.81,32.342,3,1.36,".42",1,10.4,19
"2018002HB","HB1802","2018","201802012500040211","Non-Representative",16437,"10",41.018502,-69.323182,50,49,49,02-MAY-18,"15:29:08",41.0267,69.3267,48,02-MAY-18,"14:55","0127","SBE-911+","W",6.1,32.621,5.99,32.629,2,0.52,".57",1,9.9,44
"2018002HB","HB1802","2018","201802012500020213","Representative",16431,"10",41.108905,-69.224872,55,55,54,02-MAY-18,"23:44:05",41.0883,69.2133,55,02-MAY-18,"22:12","0128","SBE-911+","V",6.05,32.657,6.03,32.657,0,1.34,"1.53",1,9.8,49
"2018002HB","HB1802","2018","201802012500050212","Non-Representative",16431,"10",41.101287,-69.222813,55,55,55,02-MAY-18,"22:44:57",41.0883,69.2133,55,02-MAY-18,"22:12","0128","SBE-911+","V",6.05,32.657,6.03,32.657,0,0.89,".55",1,9.8,49
"2018002HB","HB1802","2018","201802012500060215","Representative",16532,"10",41.072558,-69.224183,54,57,54,03-MAY-18,"02:26:14",41.0417,69.2133,57,03-MAY-18,"01:38","0129","SBE-911+","V",6.36,32.651,6.35,32.652,3,1.92,".8",1,10.1,51
"2018002HB","HB1802","2018","201802012300060216","Representative",16248,"10",41.19418,-68.940845,107,107,107,03-MAY-18,"05:29:09",41.2183,68.9217,102,03-MAY-18,"04:48","0130","SBE-911+","W",6.97,32.359,5.81,32.84,5,1.69,".69",1,9.5,97
"2018002HB","HB1802","2018","201802011600070226","Representative",16126,"10",41.569088,-66.733922,74,73,73,04-MAY-18,"10:29:48",41.59,66.7167,75,04-MAY-18,"10:07","0131","SBE-911+","V",7.44,33.336,7.42,33.323,1,1.48,".38",1,9.5,72
"2018002HB","HB1802","2018","201802011600090227","Representative",16347,"10",41.714585,-66.969708,63,65,63,04-MAY-18,"13:27:54",41.7217,66.9417,50,04-MAY-18,"13:11","0132","SBE-911+","W",7.28,33.32,7.27,33.321,13,1.33,".28",0,9.8,46
"2018002HB","HB1802","2018","201802011900070228","Representative",16127,"10",41.90132,-67.294428,50,52,51,04-MAY-18,"16:08:26",41.9083,67.3033,50,04-MAY-18,"15:48","0133","SBE-911+","V",7.32,33.244,7.29,33.247,0,0.58,".34",1,10.4,45
"2018002HB","HB1802","2018","201802012100040229","Representative",16089,"10",42.068605,-67.501508,75,74,74,04-MAY-18,"19:06:43",42.07,67.4833,69,04-MAY-18,"18:43","0134","SBE-911+","V",7.36,33.056,7.33,33.09,6,0.82,".4",1,10.4,65
"2018002HB","HB1802","2018","201802012100020230","Representative",16222,"10",42.107437,-67.400062,84,84,83,04-MAY-18,"21:15:51",42.1083,67.38,80,04-MAY-18,"20:51","0135","SBE-911+","V",7.92,32.575,6.55,33.236,4,0.9,".41",1,9.5,74
"2018002HB","HB1802","2018","201802012900090231","Representative",16241,"10",42.226538,-67.371657,243,243,243,05-MAY-18,"00:52:59",42.2317,67.3433,241,05-MAY-18,"00:14","0136","SBE-911+","V",8.01,32.511,9.69,35.093,2,1.3,".65",1,5.9,233
"2018002HB","HB1802","2018","201802012900040232","Representative",16159,"10",42.240295,-67.00683,235,233,234,05-MAY-18,"04:56:43",42.2467,67.0617,232,05-MAY-18,"04:00","0137","SBE-911+","W",7.98,32.582,9.54,35.062,3,2.47,".95",1,6,227
"2018002HB","HB1802","2018","201802013000030233","Representative",16269,"10",42.40588,-67.134315,365,366,366,05-MAY-18,"14:20:39",42.4083,67.0767,365,05-MAY-18,"13:23","0138","SBE-911+","V",7.53,32.728,9.1,35.139,0,2.56,".96",1,5.7,358
"2018002HB","HB1802","2018","201802013000020234","Representative",16344,"10",42.401677,-67.330838,343,347,346,05-MAY-18,"17:47:12",42.425,67.36,337,05-MAY-18,"16:41","0139","SBE-911+","V",7.28,32.853,9.54,35.188,6,1.91,"1.1",1,5.8,330
"2018002HB","HB1802","2018","201802012900050235","Representative",16407,"10",42.3358,-67.818735,196,197,196,05-MAY-18,"22:21:21",42.3233,67.8533,199,05-MAY-18,"21:43","0140","SBE-911+","V",7.97,32.45,9.35,34.991,3,1.71,".64",1,5.9,193
"2018002HB","HB1802","2018","201802012200010236","Representative",16438,"10",42.09016,-67.880808,207,202,205,06-MAY-18,"02:13:47",42.1067,67.9017,215,06-MAY-18,"01:29","0141","SBE-911+","V",7.71,32.426,8.94,34.923,8,1.36,".75",1,5.9,208
"2018002HB","HB1802","2018","201802012200040237","Representative",16108,"10",41.952582,-68.029453,185,178,182,06-MAY-18,"04:49:41",41.9783,68.015,191,06-MAY-18,"04:10","0142","SBE-911+","W",8.2,32.782,7.26,33.948,6,1.67,".66",1,7.7,187
"2018002HB","HB1802","2018","201802012000030238","Non-Representative",16193,"10",41.768132,-68.002117,39,39,39,06-MAY-18,"07:46:08",41.7767,67.98,40,06-MAY-18,"07:25","0143","SBE-911+","V",7.59,32.892,7.58,32.893,1,1.12,".35",1,10,37
"2018002HB","HB1802","2018","201802012000040239","Representative",16395,"10",41.73609,-68.155595,51,52,51,06-MAY-18,"10:10:34",41.7367,68.1333,48,06-MAY-18,"09:50","0144","SBE-911+","V",7.54,32.635,6.91,32.853,3,1,".34",1,9.7,45
"2018002HB","HB1802","2018","201802012300040240","Representative",16119,"10",41.538393,-68.492108,86,85,85,06-MAY-18,"13:23:37",41.5217,68.4933,94,06-MAY-18,"13:01","0145","SBE-911+","V",8.04,32.457,5.84,33.148,8,1,".38",1,9.1,87
"2018002HB","HB1802","2018","201802012400010241","Representative",16171,"10",41.653713,-68.479772,147,147,148,06-MAY-18,"15:35:27",41.6717,68.465,153,06-MAY-18,"15:04","0146","SBE-911+","W",8.2,32.603,5.95,33.387,6,1.27,".52",1,8.8,147
"2018002HB","HB1802","2018","201802012900080242","Representative",16090,"10",41.81969,-68.453622,211,211,211,06-MAY-18,"18:35:33",41.8467,68.4467,208,06-MAY-18,"17:55","0147","SBE-911+","V",8.06,32.876,7.74,34.176,3,1.65,".68",1,7.2,202
"2018002HB","HB1802","2018","201802012400080243","Representative",16398,"10",41.964163,-68.619677,170,170,170,06-MAY-18,"22:13:15",41.9783,68.5917,167,06-MAY-18,"21:40","0148","SBE-911+","V",8.11,32.819,6.2,33.531,3,1.51,".55",1,8.6,163
"2018002HB","HB1802","2018","201802012400030244","Representative",16111,"10",42.06699,-68.804362,154,151,153,07-MAY-18,"00:39:58",42.0667,68.77,151,07-MAY-18,"00:11","0149","SBE-911+","V",8.32,32.677,6.14,33.524,3,1.53,".48",1,8.6,146
"2018002HB","HB1802","2018","201802012400050245","Representative",16372,"10",42.278025,-69.051607,202,202,203,07-MAY-18,"04:09:30",42.2783,69.085,199,07-MAY-18,"03:31","0150","SBE-911+","V",8.1,32.678,6.53,33.712,3,1.48,".64",1,8.4,194
"2018002HB","HB1802","2018","201802012800070246","Representative",16230,"10",42.406165,-69.147378,225,231,227,07-MAY-18,"07:16:29",42.4083,69.1017,218,07-MAY-18,"06:38","0151","SBE-911+","W",8.15,32.581,6.83,33.807,7,2.03,".64",1,8.1,214
"2018002HB","HB1802","2018","201802012800040247","Representative",16192,"10",42.528597,-68.783578,203,205,204,07-MAY-18,"11:04:45",42.5533,68.7767,203,07-MAY-18,"10:28","0152","SBE-911+","V",8.23,32.43,7.75,34.159,0,1.51,".61",1,6.9,196
"2018002HB","HB1802","2018","201802013700010248","Representative",16154,"10",43.293058,-68.692813,161,162,161,07-MAY-18,"17:10:54",43.2933,68.7233,150,07-MAY-18,"16:42","0153","SBE-911+","V",7.16,32.238,6.32,33.121,11,1.33,".48",1,8.6,145
"2018002HB","HB1802","2018","201802013800010249","Representative",16430,"10",43.335542,-68.44074,189,192,192,07-MAY-18,"21:03:21",43.36,68.4233,195,07-MAY-18,"20:30","0154","SBE-911+","V",7.07,32.221,7.61,33.95,6,1.65,".56",1,7.5,190
"2018002HB","HB1802","2018","201802013600020250","Representative",16370,"10",43.161988,-68.446733,204,211,205,08-MAY-18,"00:29:03",43.1417,68.3983,206,07-MAY-18,"23:42","0155","SBE-911+","V",8.21,32.496,7.2,33.893,2,2.45,".78",1,7.8,197
"2018002HB","HB1802","2018","201802013600010251","Representative",16257,"10",43.281932,-68.244137,193,192,192,08-MAY-18,"03:20:26",43.3067,68.2233,198,08-MAY-18,"02:37","0156","SBE-911+","V",7.51,32.203,7.55,33.988,5,1.74,".72",1,7.4,191
"2018002HB","HB1802","2018","201802013600120252","Representative",16264,"10",43.216337,-68.104188,205,203,205,08-MAY-18,"06:25:59",43.2083,68.055,206,08-MAY-18,"05:45","0157","SBE-911+","W",8.17,32.51,7.05,33.838,1,2.21,".68",1,8,199
"2018002HB","HB1802","2018","201802013600100253","Representative",16167,"10",43.287712,-67.97871,236,239,237,08-MAY-18,"09:21:26",43.2833,68.0167,231,08-MAY-18,"08:45","0158","SBE-911+","V",7.59,32.345,7.33,33.932,5,1.68,".61",1,7.7,226
"2018002HB","HB1802","2018","201802013600030254","Representative",16183,"10",43.473617,-68.023693,217,214,216,08-MAY-18,"12:22:04",43.495,67.9883,222,08-MAY-18,"11:38","0159","SBE-911+","V",7.66,32.115,8.75,34.44,5,2.01,".73",1,6.8,215
"2018002HB","HB1802","2018","201802013600110255","Representative",16170,"10",43.560082,-67.960552,227,219,226,08-MAY-18,"14:50:15",43.5533,67.9217,237,08-MAY-18,"14:08","0160","SBE-911+","V",7.77,32.271,8.69,34.417,10,1.74,".7",1,6.9,230
"2018002HB","HB1802","2018","201802013400060256","Representative",16403,"10",43.79604,-67.22208,175,177,174,08-MAY-18,"19:53:19",43.775,67.2567,178,08-MAY-18,"19:11","0161","SBE-911+","V",8.04,32.279,8.31,34.204,3,1.96,".71",1,7.4,173
"2018002HB","HB1802","2018","201802013400020257","Non-Representative",16144,"10",43.914802,-67.0118,166,166,166,08-MAY-18,"22:20:23",43.9333,66.9883,143,08-MAY-18,"21:50","0162","SBE-911+","V",7.74,32.363,8.1,34.066,23,1.51,".51",1,7.5,138
"2018002HB","HB1802","2018","201802013400050258","Representative",16443,"10",43.968592,-66.984113,168,170,169,09-MAY-18,"00:25:57",43.99,66.97,168,08-MAY-18,"23:50","0163","SBE-911+","V",7.93,32.376,8.01,34.008,0,1.42,".6",1,7.6,163
"2018002HB","HB1802","2018","201802013510040259","Representative",16181,"10",44.07958,-66.836868,158,147,151,09-MAY-18,"03:17:22",44.0967,66.86,164,09-MAY-18,"02:48","0164","SBE-911+","V",7.04,32.111,7.71,33.78,6,1.43,".49",1,7.9,157
"2018002HB","HB1802","2018","201802013510020260","Representative",16157,"10",44.347692,-67.293262,144,142,142,09-MAY-18,"07:55:32",44.35,67.3283,88,09-MAY-18,"07:15","0165","SBE-911+","W",5.93,31.699,6.11,32.606,56,1.51,".68",0,9.1,83
"2018002HB","HB1802","2018","201802013900040261","Representative",16148,"10",44.095575,-68.085198,101,103,102,09-MAY-18,"14:13:27",44.1083,68.0667,105,09-MAY-18,"13:41","0166","SBE-911+","V",6.38,31.495,5.15,32.113,4,1.1,".54",1,9.9,98
"2018002HB","HB1802","2018","201802013900020262","Representative",16152,"10",43.84917,-68.46468,129,129,131,09-MAY-18,"19:49:00",43.8667,68.4867,136,09-MAY-18,"19:18","0167","SBE-911+","V",7.56,32.096,5.07,32.445,7,1.42,".52",1,9.5,132
"2018002HB","HB1802","2018","201802013700040267","Representative",16359,"10",43.027715,-69.61895,148,143,145,10-MAY-18,"17:40:13",43.045,69.6,145,10-MAY-18,"17:15","0168","SBE-911+","V",8.38,31.815,,,3,1.33,".42",0,8.9,106
"2018002HB","HB1802","2018","201802012600050272","Representative",16233,"10",42.75848,-70.402487,91,93,92,11-MAY-18,"06:31:23",42.7383,70.3917,84,11-MAY-18,"05:17","0169","SBE-911+","W",9.58,30.601,4.71,32.349,7,1.3,"1.24",1,9.3,79
"2018002HB","HB1802","2018","201802014000010273","Representative",16851,"10",42.787018,-70.562745,101,100,102,11-MAY-18,"08:49:40",42.79,70.5883,94,11-MAY-18,"08:26","0170","SBE-911+","V",10.16,29.34,4.7,32.341,7,1.14,".39",1,9.2,86
"2018002HB","HB1802","2018","201802036400010274","Representative",16392,"10",42.83796,-70.754225,33,33,33,11-MAY-18,"11:04:48",42.8533,70.7617,32,11-MAY-18,"10:50","0171","SBE-911+","V",9.79,29.657,5.12,31.864,1,0.98,".25",1,9.4,26
"2018002HB","HB1802","2018","201802036500030275","Representative",16418,"10",42.772723,-70.673872,50,46,49,11-MAY-18,"12:52:22",42.7867,70.6833,46,11-MAY-18,"12:33","0172","SBE-911+","V",10.58,28.486,4.71,32.11,4,0.94,".32",1,9.4,41
"2018002HB","HB1802","2018","201802036600020277","Representative",16322,"10",42.749713,-70.600752,77,73,74,11-MAY-18,"14:59:18",42.7433,70.5767,83,11-MAY-18,"14:12","0173","SBE-911+","V",9.85,29.973,4.68,32.291,6,1.13,".79",1,9.3,77
"2018002HB","HB1802","2018","201802012600070279","Non-Representative",16116,"10",42.467488,-70.558895,57,57,57,11-MAY-18,"20:47:16",42.4683,70.5267,57,11-MAY-18,"20:21","0174","SBE-911+","V",9.63,30.504,4.72,32.246,0,1.43,".44",1,9.4,52
"2018002HB","HB1802","2018","201802012600020280","Representative",16116,"10",42.467528,-70.565665,58,57,57,11-MAY-18,"21:21:58",42.4683,70.5267,57,11-MAY-18,"20:21","0174","SBE-911+","V",9.63,30.504,4.72,32.246,1,1.73,"1.02",1,9.4,52
"2018002HB","HB1802","2018","201802036600010283","Representative",16292,"10",42.428852,-70.691805,65,66,67,12-MAY-18,"01:04:36",42.4433,70.71,59,11-MAY-18,"23:26","0175","SBE-911+","V",9.67,31.115,4.71,32.129,6,1.18,"1.64",1,9.5,54
"2018002HB","HB1802","2018","201802036600030282","Non-Representative",16292,"10",42.427572,-70.689798,66,68,67,11-MAY-18,"23:50:20",42.4433,70.71,59,11-MAY-18,"23:26","0175","SBE-911+","V",9.67,31.115,4.71,32.129,7,1.3,".41",1,9.5,54
"2018002HB","HB1802","2018","201802036500010284","Representative",16399,"10",42.413532,-70.758608,48,45,48,12-MAY-18,"03:35:00",42.4283,70.7617,44,12-MAY-18,"03:12","0176","SBE-911+","V",10.05,31.259,4.91,32.061,4,0.9,".38",1,9.5,36
"2018002HB","HB1802","2018","201802036400020285","Representative",16121,"10",42.355038,-70.835278,28,30,29,12-MAY-18,"06:12:18",42.3417,70.835,26,12-MAY-18,"05:52","0177","SBE-911+","V",10.19,31.261,5.96,31.761,2,0.8,".34",1,9.9,19
"2018002HB","HB1802","2018","201802035600030288","Representative",16164,"10",41.994308,-69.981037,28,28,28,12-MAY-18,"17:08:50",42.0067,69.99,28,12-MAY-18,"16:55","0178","SBE-911+","V",8.88,31.759,8.04,31.865,0,0.85,".23",1,9.5,23
"2018002HB","HB1802","2018","201802035600010289","Representative",16796,"10",41.951675,-69.950165,26,26,26,12-MAY-18,"19:06:32",41.965,69.96,26,12-MAY-18,"18:50","0179","SBE-911+","W",8.85,31.766,8.41,31.808,0,0.91,".28",1,9.9,22
"2018001S1","S11801","2018","201803061800080016","",,"60",38.574423,-74.042053,56,55,55,20-MAY-18,"01:31:53",38.5833,74.0483,55,20-MAY-18,"02:26","0003","SBE-911+","V",12.55,32.31,7.03,33.064,1,0.61,".9",1,8.8,48
"2018001S1","S11801","2018","201803061800150019","",,"60",38.645007,-74.052947,52,52,52,20-MAY-18,"05:35:22",38.6417,74.0617,48,20-MAY-18,"05:20","0004","SBE-911+","V",12.23,32.371,7.06,33.028,4,0.46,".26",1,8.8,47
"2018001S1","S11801","2018","201803061800040026","",,"60",38.57452,-73.991697,55,54,55,20-MAY-18,"18:15:34",38.58,73.99,50,20-MAY-18,"17:56","0006","SBE-911+","W",12.93,32.33,6.94,33.181,5,0.34,".33",1,8.8,49
"2018001S1","S11801","2018","201803061800120028","",,"60",38.548358,-73.964055,54,54,54,20-MAY-18,"20:52:48",38.555,73.9517,55,20-MAY-18,"21:52","0007","SBE-911+","V",13.12,32.35,6.91,33.185,1,0.7,".99",1,8.8,47
"2018001S1","S11801","2018","201803061800220033","",,"60",38.58417,-73.857818,59,59,59,21-MAY-18,"02:35:12",38.5867,73.885,58,21-MAY-18,"02:03","0008","SBE-911+","V",12.8,32.237,6.86,33.241,1,1.29,".54",1,8.8,54
"2018001S1","S11801","2018","201803061900060035","",,"60",38.58862,-73.806137,63,61,61,21-MAY-18,"06:06:51",38.595,73.8017,58,21-MAY-18,"05:37","0009","SBE-911+","V",12.68,32.329,6.79,33.172,5,0.44,".5",1,8.6,56
"2018001S1","S11801","2018","201803061900040039","",,"60",38.625325,-73.770967,59,60,59,21-MAY-18,"12:15:24",38.615,73.7967,60,21-MAY-18,"11:47","0010","SBE-911+","W",12.67,32.236,,,1,1.36,".47",0,8.7,49
"2018001S1","S11801","2018","201803061800300042","",,"60",38.633832,-73.815997,57,55,58,21-MAY-18,"15:04:07",38.635,73.84,52,21-MAY-18,"15:52","0011","SBE-911+","V",13.04,32.291,6.8,33.143,5,1.13,".8",1,8.7,51
"2018001S1","S11801","2018","201803061800180044","",,"60",38.622678,-73.877687,55,56,55,21-MAY-18,"17:35:57",38.6383,73.8467,52,21-MAY-18,"18:05","0012","SBE-911+","V",13.14,32.319,6.82,33.135,3,1.73,".48",1,8.8,49
"2018001S1","S11801","2018","201803061800200046","",,"60",38.606097,-73.92996,52,52,52,21-MAY-18,"20:21:22",38.6083,73.92,50,21-MAY-18,"19:53","0013","SBE-911+","W",13.22,32.328,6.89,33.151,2,0.49,".47",1,8.7,49
"2018001S1","S11801","2018","201803061800280048","",,"60",38.649833,-73.907233,47,50,48,21-MAY-18,"23:10:12",38.6567,73.93,50,21-MAY-18,"23:42","0014","SBE-911+","V",13.35,32.375,6.99,33.142,3,1.14,".53",1,8.9,40
"2018001S1","S11801","2018","201803061800010049","",,"60",38.64694,-73.94551,49,49,49,22-MAY-18,"00:03:49",38.655,73.965,50,22-MAY-18,"00:25","0015","SBE-911+","V",13.37,32.377,,,1,1.03,".35",0,8.9,36
"2018001S1","S11801","2018","201803064900040054","",,"60",41.577887,-69.714523,31,33,32,25-MAY-18,"18:19:41",41.575,69.7117,26,25-MAY-18,"18:07","0016","SBE-911+","W",9.09,31.826,6.28,32.078,5,0.22,".21",1,9.2,23
"2018001S1","S11801","2018","201803064900010057","",,"60",41.812582,-69.88985,32,38,36,25-MAY-18,"23:15:56",41.805,69.8883,32,25-MAY-18,"23:02","0017","SBE-911+","W",10.09,31.74,7.24,31.963,0,0.46,".23",1,9.2,24
"2018001S1","S11801","2018","201803065200060060","",,"60",41.754057,-69.744893,111,89,99,26-MAY-18,"04:39:39",41.7583,69.745,106,26-MAY-18,"04:17","0018","SBE-911+","W",9.72,31.708,5.56,32.866,5,0.26,".38",1,8.8,105
"2018001S1","S11801","2018","201803065100010063","",,"60",41.660125,-69.695817,65,61,62,26-MAY-18,"09:01:39",41.6617,69.7,63,26-MAY-18,"08:30","0019","SBE-911+","V",9.48,31.699,5.01,32.395,2,0.21,".53",1,9.2,62
"2018001S1","S11801","2018","201803065200090066","",,"60",41.563185,-69.387793,91,79,86,26-MAY-18,"14:49:44",41.5667,69.39,85,26-MAY-18,"14:28","0020","SBE-911+","V",10.31,31.688,5.36,32.702,6,0.23,".36",1,8.9,84
"2018001S1","S11801","2018","201803065000030069","",,"60",41.453115,-69.403418,51,54,52,26-MAY-18,"19:05:47",41.45,69.3917,50,26-MAY-18,"18:47","0021","SBE-911+","W",9.88,31.8,5.32,32.331,1,0.56,".31",1,9.3,49
"2018001S1","S11801","2018","201803064900030072","",,"60",41.31935,-69.44397,37,39,38,27-MAY-18,"00:15:01",41.29,69.4433,43,27-MAY-18,"01:02","0022","SBE-911+","V",7.44,32.142,7.4,32.139,6,1.76,".78",1,10.1,34
"2018001S1","S11801","2018","201803065000070075","",,"60",41.176363,-69.350587,54,52,53,27-MAY-18,"06:53:53",41.1733,69.3517,48,27-MAY-18,"06:39","0023","SBE-911+","W",8.96,31.993,5.71,32.374,6,0.19,".25",1,9.3,47
"2018001S1","S11801","2018","201803066610050090","",,"60",42.13368,-67.296583,95,114,105,31-MAY-18,"08:31:31",42.145,67.3283,125,31-MAY-18,"07:49","0024","SBE-911+","W",10.38,32.483,,,30,1.57,".71",0,8.5,66
"2018001S1","S11801","2018","201803067100060093","",,"60",42.086258,-67.25187,51,49,50,31-MAY-18,"12:27:46",42.0933,67.2217,54,31-MAY-18,"13:04","0025","SBE-911+","V",8.18,32.616,6.96,32.955,3,1.41,".6",1,8.8,48
"2018001S1","S11801","2018","201803066510100096","",,"60",42.103147,-67.121403,56,53,54,31-MAY-18,"17:22:45",42.0917,67.1433,50,31-MAY-18,"17:55","0026","SBE-911+","V",8.87,32.798,8.59,32.838,6,1.19,".54",1,9.6,49
"2018001S1","S11801","2018","201803067100020099","",,"60",42.045815,-67.077575,56,57,57,31-MAY-18,"22:58:47",42.0383,67.0783,59,31-MAY-18,"22:36","0027","SBE-911+","W",8.87,32.607,8.47,32.807,3,0.45,".38",1,9.5,49
"2018001S1","S11801","2018","201803067100100103","",,"60",42.028997,-67.158452,56,54,55,01-JUN-18,"02:56:12",42.03,67.1567,56,01-JUN-18,"02:43","0028","SBE-911+","V",8.61,32.817,8.61,32.817,0,0.1,".22",1,9.6,47
"2018001S1","S11801","2018","201803067100090106","",,"60",42.030472,-67.228112,51,47,49,01-JUN-18,"08:09:07",42.0333,67.23,47,01-JUN-18,"07:57","0029","SBE-911+","W",8.63,32.707,8.29,32.712,4,0.19,".2",1,9.3,46
"2018001S1","S11801","2018","201803067100080109","",,"60",42.021758,-67.422978,48,48,48,01-JUN-18,"12:32:34",42.0167,67.4217,50,01-JUN-18,"12:21","0030","SBE-911+","V",9.02,32.488,7.28,32.788,2,0.31,".19",1,9,47
"2018001S1","S11801","2018","201803067200010112","",,"60",41.988588,-67.581637,47,47,48,01-JUN-18,"16:50:21",41.9833,67.5867,45,01-JUN-18,"16:29","0031","SBE-911+","W",8.37,32.491,8.16,32.498,2,0.39,".36",1,9.5,44
"2018001S1","S11801","2018","201803067100030115","",,"60",41.978093,-67.714367,53,53,53,01-JUN-18,"21:11:29",41.98,67.715,51,01-JUN-18,"20:58","0032","SBE-911+","V",9.91,32.323,6.65,32.716,2,0.12,".22",1,9,49
"2018001S1","S11801","2018","201803066510050118","",,"60",41.867653,-67.951873,64,59,61,02-JUN-18,"01:46:20",41.87,67.955,67,02-JUN-18,"01:34","0033","SBE-911+","V",10.46,32.303,6.51,32.721,3,0.2,".21",1,8.9,58
"2018001S1","S11801","2018","201803066510010121","",,"60",41.862282,-67.960053,65,62,63,02-JUN-18,"05:06:53",41.86,67.9617,61,02-JUN-18,"04:48","0034","SBE-911+","W",9.63,32.432,7.66,32.609,4,0.16,".31",1,9.2,60
"2018001S1","S11801","2018","201803066610020124","",,"60",41.771153,-68.228735,77,84,80,02-JUN-18,"08:26:20",41.7717,68.225,72,02-JUN-18,"08:08","0035","SBE-911+","V",10.83,32.193,6.14,32.856,5,0.17,".31",1,8.7,70
"2018001S1","S11801","2018","201803065300040126","",,"60",41.549413,-68.468493,77,74,75,02-JUN-18,"11:42:01",41.5617,68.4617,76,02-JUN-18,"12:20","0036","SBE-911+","V",11.8,32.026,6.1,32.69,1,0.8,".63",1,8.8,66
"2018001S1","S11801","2018","201803065300060129","",,"60",41.525002,-68.542358,103,100,101,02-JUN-18,"16:08:45",41.525,68.5367,98,02-JUN-18,"15:49","0037","SBE-911+","W",10.85,32.183,5.73,32.899,5,0.25,".33",1,8.6,97
"2018001S1","S11801","2018","201803065400040132","",,"60",41.325963,-68.47085,67,67,66,02-JUN-18,"19:52:41",41.3133,68.4933,60,02-JUN-18,"20:29","0038","SBE-911+","V",9.01,32.555,7.16,32.553,7,1.27,".61",1,9.2,59
"2018001S1","S11801","2018","201803065400060136","",,"60",41.212935,-68.553568,62,65,64,02-JUN-18,"23:42:29",41.2267,68.5517,64,03-JUN-18,"00:18","0039","SBE-911+","V",8.08,32.531,7.99,32.53,2,0.83,".59",1,9.4,54
"2018001S1","S11801","2018","201803065300100140","",,"60",41.15039,-68.878953,96,88,91,03-JUN-18,"05:09:51",41.1567,68.8667,90,03-JUN-18,"04:42","0040","SBE-911+","W",11.27,31.876,5.81,32.712,6,0.67,".46",1,8.8,89
"2018001S1","S11801","2018","201803065400010142","",,"60",41.0448,-68.701393,65,70,64,03-JUN-18,"07:58:38",41.0433,68.7033,60,03-JUN-18,"07:42","0041","SBE-911+","V",8.65,32.65,8.67,32.653,5,0.13,".28",1,9.4,59
"2018001S1","S11801","2018","201803064700070145","",,"60",40.782798,-68.971992,74,74,73,06-JUN-18,"04:49:08",40.78,68.9867,73,06-JUN-18,"03:44","0042","SBE-911+","W",8.26,32.561,7,32.55,1,0.69,"1.09",1,9,69
"2018001S1","S11801","2018","201803064700090148","",,"60",40.50396,-68.887645,74,75,74,06-JUN-18,"09:57:01",40.5017,68.89,75,06-JUN-18,"09:32","0043","SBE-911+","V",11.16,33.009,9.6,33.203,1,0.17,".42",1,9.3,67
"2018001S1","S11801","2018","201803065500010151","",,"60",40.60267,-68.620773,64,64,64,06-JUN-18,"16:16:33",40.6,68.6167,65,06-JUN-18,"16:01","0044","SBE-911+","W",11.06,33.047,9.95,33.15,1,0.25,".26",1,9.3,64
"2018001S1","S11801","2018","201803065800020154","",,"60",40.544847,-68.394892,92,93,93,06-JUN-18,"21:39:01",40.55,68.3867,92,06-JUN-18,"21:16","0045","SBE-911+","V",10.72,32.769,8.11,33.42,0,0.49,".38",1,8.3,91
"2018001S1","S11801","2018","201803065900040160","",,"60",40.786845,-67.863103,71,70,70,07-JUN-18,"08:30:44",40.79,67.8567,70,07-JUN-18,"08:17","0047","SBE-911+","V",9.46,32.849,7.55,32.918,1,0.35,".23",1,8.9,67
"2018001S1","S11801","2018","201803065900010163","",,"60",40.788725,-67.645643,75,75,76,07-JUN-18,"13:20:04",40.7933,67.655,77,07-JUN-18,"12:53","0048","SBE-911+","V",10.62,32.656,7.88,33.039,2,0.51,".45",1,8.8,69
"2018001S1","S11801","2018","201803065900030166","",,"60",41.075725,-67.391668,65,65,65,07-JUN-18,"19:40:05",41.075,67.3883,64,07-JUN-18,"19:20","0049","SBE-911+","W",11.31,32.557,8.68,32.917,1,0.16,".33",1,9.4,62
"2018001S1","S11801","2018","201803064700020173","",,"60",40.862133,-68.913468,73,65,70,12-JUN-18,"14:11:23",40.8533,68.9067,69,12-JUN-18,"13:44","0050","SBE-911+","W",10.14,32.947,10.15,32.96,4,0.61,".46",1,8.7,63
"2018001S1","S11801","2018","201803065500050176","",,"60",40.718298,-68.812205,68,66,67,12-JUN-18,"17:52:40",40.72,68.815,66,12-JUN-18,"17:30","0051","SBE-911+","W",12.95,33.096,10.63,33.097,2,0.16,".38",1,8.6,64
"2018001S1","S11801","2018","201803065500090179","",,"60",40.99241,-68.799052,68,62,64,12-JUN-18,"22:08:24",40.9967,68.8067,66,12-JUN-18,"21:38","0052","SBE-911+","V",10.33,32.873,10.35,32.884,2,0.43,".51",1,8.7,58
"2018001S1","S11801","2018","201803065100030188","",,"60",41.130157,-69.185055,70,73,72,17-JUN-18,"21:29:33",41.1483,69.195,70,17-JUN-18,"22:01","0053","SBE-911+","W",9.72,32.111,,,0,1.18,".52",0,8.9,59
"2018006HB","HB1806","2018","201804017000060009","Representative",26917,"10",38.628883,-73.770222,60,59,60,05-SEP-18,"10:52:48",38.615,73.8117,57,05-SEP-18,"09:08","0003","SBE-911+","V",26.42,31.473,8.83,33.005,3,2.12,"1.75",1,6.7,51
"2018006HB","HB1806","2018","201804017000040008","Non-Representative",26917,"10",38.622268,-73.787213,60,61,60,05-SEP-18,"09:38:31",38.615,73.8117,57,05-SEP-18,"09:08","0003","SBE-911+","V",26.42,31.473,8.83,33.005,3,1.23,".51",1,6.7,51
"2018006HB","HB1806","2018","201804017000050010","Representative",26812,"10",38.418743,-73.883848,62,63,63,05-SEP-18,"13:45:46",38.4383,73.8567,60,05-SEP-18,"13:09","0004","SBE-911+","V",26.92,32.054,8.8,33.14,2,1.74,".61",1,6.8,56
"2018006HB","HB1806","2018","201804017000010013","Representative",26817,"10",38.187887,-74.070193,75,75,75,05-SEP-18,"20:22:49",38.1683,74.0817,73,05-SEP-18,"19:57","0005","SBE-911+","V",27.46,31.33,9.31,33.314,2,1.3,".43",1,7.2,70
"2018006HB","HB1806","2018","201804017100010014","Representative",26910,"10",38.217877,-73.759582,119,118,119,05-SEP-18,"23:02:29",38.2133,73.7967,117,05-SEP-18,"22:28","0006","SBE-911+","V",26.95,32.057,12.91,35.337,2,1.77,".57",1,6.3,115
"2018006HB","HB1806","2018","201804017200010015","Representative",26946,"10",38.010873,-73.884855,263,309,265,06-SEP-18,"02:38:58",38.0483,73.87,180,06-SEP-18,"01:46","0007","SBE-911+","V",27.16,32.743,12.33,35.517,83,2.35,".88",0,5.6,179
"2018006HB","HB1806","2018","201804017000030017","Representative",26806,"10",38.021117,-74.073407,107,108,107,06-SEP-18,"06:29:00",38.04,74.055,109,06-SEP-18,"05:56","0008","SBE-911+","W",27.1,31.79,11.39,34.536,2,1.43,".55",1,6.6,105
"2018006HB","HB1806","2018","201804017200030018","Representative",26741,"10",37.893333,-74.02011,198,196,197,06-SEP-18,"09:10:50",37.9183,73.9917,210,06-SEP-18,"08:25","0009","SBE-911+","V",27.05,32.804,12.81,35.622,12,2.01,".76",1,5.4,207
"2018006HB","HB1806","2018","201804017100030019","Representative",26832,"10",37.889013,-74.097102,146,144,147,06-SEP-18,"10:52:07",37.9033,74.0717,141,06-SEP-18,"10:19","0010","SBE-911+","V",27.06,32.133,13.02,35.656,5,1.48,".55",1,5.6,136
"2018006HB","HB1806","2018","201804017200020020","Representative",26804,"10",37.586758,-74.28807,208,210,214,06-SEP-18,"14:38:43",37.5667,74.3167,176,06-SEP-18,"13:47","0011","SBE-911+","V",27.26,32.744,12.65,35.56,32,1.82,".86",0,5.7,168
"2018006HB","HB1806","2018","201804016600010021","Representative",26999,"10",37.56542,-74.382478,101,100,101,06-SEP-18,"16:27:12",37.5833,74.375,98,06-SEP-18,"16:02","0012","SBE-911+","V",27.02,33.144,10.46,33.998,3,1.13,".42",1,7,94
"2018006HB","HB1806","2018","201804016700030022","Representative",26962,"10",37.502432,-74.376872,122,122,121,06-SEP-18,"17:55:08",37.5233,74.3667,111,06-SEP-18,"17:25","0013","SBE-911+","V",27.54,33.165,12.83,35.515,11,1.34,".5",1,6.1,106
"2018006HB","HB1806","2018","201804016600020023","Representative",26899,"10",37.410303,-74.569535,87,89,88,06-SEP-18,"19:53:56",37.4317,74.565,82,06-SEP-18,"19:27","0014","SBE-911+","V",27.66,31.744,10.33,33.977,5,1.3,".45",1,6.9,79
"2018006HB","HB1806","2018","201804016500070029","Representative",26976,"10",37.17858,-74.978918,43,43,42,07-SEP-18,"10:33:00",37.1683,74.9933,39,07-SEP-18,"10:12","0015","SBE-911+","V",28.36,31.654,10.04,32.645,4,0.92,".35",1,7.9,31
"2018006HB","HB1806","2018","201804016600030030","Representative",26811,"10",37.226553,-74.769222,55,58,57,07-SEP-18,"12:42:43",37.2167,74.78,59,07-SEP-18,"12:21","0016","SBE-911+","V",27.76,31.597,9.03,33.187,4,0.78,".36",1,7.2,55
"2018006HB","HB1806","2018","201804016700020031","Representative",26745,"10",37.27699,-74.516943,150,147,149,07-SEP-18,"15:16:50",37.3017,74.51,151,07-SEP-18,"14:45","0017","SBE-911+","W",27.48,31.961,13.22,35.598,1,1.52,".53",1,6.7,146
"2018006HB","HB1806","2018","201804016800010032","Representative",26912,"10",37.105387,-74.700947,244,253,250,07-SEP-18,"18:04:15",37.105,74.7317,120,07-SEP-18,"17:19","0018","SBE-911+","V",27.36,31.923,12.77,35.43,124,1.47,".75",0,6.2,118
"2018006HB","HB1806","2018","201804016700010034","Representative",26862,"10",36.784398,-74.666027,129,139,132,07-SEP-18,"23:20:12",36.7617,74.6583,200,07-SEP-18,"22:37","0019","SBE-911+","V",28.68,32.15,12.75,35.562,71,1.41,".72",0,5.8,199
"2018006HB","HB1806","2018","201804016800020036","Representative",26878,"10",36.515875,-74.738855,217,184,219,08-SEP-18,"05:41:41",36.4833,74.7367,230,08-SEP-18,"04:52","0020","SBE-911+","V",28.11,31.392,,,13,1.96,".83",0,4.7,215
"2018006HB","HB1806","2018","201804016100020038","Representative",26690,"10",36.430815,-75.015373,42,47,45,08-SEP-18,"09:56:07",36.4183,75.015,38,08-SEP-18,"09:37","0021","SBE-911+","V",28.21,30.909,10.35,32.792,4,0.75,".32",1,8.7,34
"2018006HB","HB1806","2018","201804016200030039","Representative",26729,"10",36.332722,-74.855493,78,75,77,08-SEP-18,"12:26:33",36.3117,74.86,78,08-SEP-18,"11:50","0022","SBE-911+","V",27.66,31.333,8.54,33.226,0,1.28,".61",1,6.9,74
"2018006HB","HB1806","2018","201804016300020040","Representative",26919,"10",36.296715,-74.794063,128,133,134,08-SEP-18,"14:51:29",36.275,74.795,108,08-SEP-18,"14:16","0023","SBE-911+","V",28,31.354,10.43,33.972,20,1.3,".59",0,7.1,104
"2018006HB","HB1806","2018","201804016400010041","Representative",26672,"10",36.35343,-74.77362,195,191,197,08-SEP-18,"16:58:51",36.3883,74.7717,197,08-SEP-18,"16:20","0024","SBE-911+","V",28.1,31.342,12.18,35.542,2,2.1,".65",1,5,194
"2018006HB","HB1806","2018","201804016400020042","Representative",26860,"10",36.281415,-74.779122,194,187,194,08-SEP-18,"18:48:10",36.3017,74.7717,256,08-SEP-18,"18:02","0025","SBE-911+","V",27.85,31.362,10.68,35.355,62,1.27,".77",0,4.3,255
"2018006HB","HB1806","2018","201804016300030044","Representative",26925,"10",36.011597,-74.808033,143,144,143,08-SEP-18,"22:38:09",36.0333,74.8067,136,08-SEP-18,"22:05","0026","SBE-911+","V",28.09,31.374,13.29,35.589,7,1.31,".55",1,5.7,133
"2018006HB","HB1806","2018","201804016200010045","Representative",26950,"10",35.99729,-74.845633,100,99,100,09-SEP-18,"00:13:09",36.015,74.845,99,08-SEP-18,"23:42","0027","SBE-911+","V",28.17,31.357,10.57,34.174,1,1.06,".52",1,6.8,96
"2018006HB","HB1806","2018","201804016100030048","Representative",26777,"10",35.779708,-75.130147,32,34,33,09-SEP-18,"06:09:19",35.7633,75.1383,31,09-SEP-18,"05:39","0028","SBE-911+","V",28.51,28.53,13.71,33.002,1,1.06,".51",1,8.3,28
"2018006HB","HB1806","2018","201804034400010049","Representative",26735,"10",35.699078,-75.33631,25,25,25,09-SEP-18,"08:25:28",35.6983,75.3133,24,09-SEP-18,"07:59","0029","SBE-911+","V",28.58,28.526,18.83,32.465,1,1.12,".44",1,7.3,20
"2018006HB","HB1806","2018","201804034400030050","Representative",26938,"10",35.569427,-75.34957,27,27,27,09-SEP-18,"10:04:02",35.5883,75.35,25,09-SEP-18,"09:41","0030","SBE-911+","V",28.4,27.521,19.32,33.306,2,1.13,".38",1,6.7,20
"2018006HB","HB1806","2018","201804034400040051","Representative",26664,"10",35.5717,-75.253627,31,31,31,09-SEP-18,"11:50:05",35.5833,75.2617,28,09-SEP-18,"11:25","0031","SBE-911+","W",28.3,32.262,27.4,35.885,3,0.8,".42",1,6.1,24
"2018006HB","HB1806","2018","201804085000030052","Representative",26990,"10",35.38687,-75.270463,28,27,27,09-SEP-18,"13:40:40",35.4,75.2633,28,09-SEP-18,"13:22","0032","SBE-911+","V",28.56,33.75,26.83,36.21,0,0.86,".31",1,6.3,24
"2018006HB","HB1806","2018","201804085100010054","Representative",26855,"10",35.089345,-75.313445,61,60,61,09-SEP-18,"17:42:25",35.1017,75.2967,58,09-SEP-18,"17:14","0033","SBE-911+","V",29.23,36.088,24.86,36.367,3,1.11,".47",1,6.2,55
"2018006HB","HB1806","2018","201804085100030055","Representative",26845,"10",35.03291,-75.400957,59,59,59,09-SEP-18,"19:17:25",35.0217,75.41,58,09-SEP-18,"18:55","0034","SBE-911+","V",29.43,36.166,23.31,36.292,1,0.81,".37",1,6.2,57
"2018006HB","HB1806","2018","201804075200020056","Representative",26816,"10",35.06673,-75.457103,26,27,26,09-SEP-18,"20:38:47",35.0667,75.4317,27,09-SEP-18,"20:19","0035","SBE-911+","V",28.64,30.784,26.42,36.259,1,1.25,".33",1,6.9,24
"2018006HB","HB1806","2018","201804075200010057","Representative",26774,"10",34.951752,-75.821248,26,26,26,09-SEP-18,"23:14:46",34.95,75.835,26,09-SEP-18,"22:57","0036","SBE-911+","V",29.64,36.15,28.39,36.329,0,0.69,".3",1,6.4,24
"2018006HB","HB1806","2018","201804085000010058","Representative",26844,"10",34.790883,-75.69569,46,47,47,10-SEP-18,"01:28:11",34.8083,75.6867,44,10-SEP-18,"00:58","0037","SBE-911+","V",29.33,36.096,23.94,36.353,2,1.14,".5",1,6.2,41
"2018006HB","HB1806","2018","201804085000020059","Representative",26727,"10",34.653088,-76.031232,36,39,37,10-SEP-18,"04:11:26",34.6617,76.0417,39,10-SEP-18,"03:47","0038","SBE-911+","V",29.45,36.12,26.23,36.306,3,0.73,".41",1,6.4,38
"2018006HB","HB1806","2018","201804085300030060","Representative",26969,"10",34.413302,-75.813392,223,222,223,10-SEP-18,"07:10:25",34.39,75.835,227,10-SEP-18,"06:21","0039","SBE-911+","W",28.49,36.107,11.36,35.431,4,1.76,".82",1,4.1,223
"2018006HB","HB1806","2018","201804085200010061","Representative",26880,"10",34.560577,-75.740285,133,133,133,10-SEP-18,"09:13:10",34.5467,75.755,132,10-SEP-18,"08:41","0040","SBE-911+","V",28.76,36.15,15.7,36.091,1,1.11,".54",1,4.5,128
"2018006HB","HB1806","2018","201804085200030062","Representative",26706,"10",34.708888,-75.583837,167,165,166,10-SEP-18,"11:55:59",34.7267,75.57,158,10-SEP-18,"11:21","0041","SBE-911+","V",28.75,36.162,14.22,35.856,9,1.27,".58",1,4.3,151
"2018006HB","HB1806","2018","201804085300010063","Representative",26801,"10",34.928623,-75.310557,289,287,288,10-SEP-18,"15:13:16",34.9033,75.345,267,10-SEP-18,"14:24","0042","SBE-911+","V",29.22,36.208,,,22,2.28,".82",0,4.1,254
"2018006HB","HB1806","2018","201804016100040065","Representative",26992,"10",36.309992,-75.487218,30,30,29,11-SEP-18,"02:44:06",36.3,75.4983,30,11-SEP-18,"02:21","0043","SBE-911+","V",27,30.901,17.39,32.14,0,0.81,".39",1,7.3,26
"2018006HB","HB1806","2018","201804034100040066","Representative",26884,"10",36.39184,-75.59536,27,27,28,11-SEP-18,"05:05:27",36.3817,75.605,26,11-SEP-18,"04:44","0044","SBE-911+","V",26.31,30.992,20.07,31.799,1,0.77,".36",1,6.8,18
"2018006HB","HB1806","2018","201804033800010067","Representative",26759,"10",36.517247,-75.685125,25,25,25,11-SEP-18,"07:00:35",36.505,75.6867,24,11-SEP-18,"06:36","0045","SBE-911+","V",26.55,30.801,21.52,31.487,1,0.74,".41",1,6.5,19
"2018006HB","HB1806","2018","201804016500050068","Representative",26755,"10",36.642002,-75.49383,22,22,21,11-SEP-18,"09:12:09",36.6367,75.4783,20,11-SEP-18,"08:50","0046","SBE-911+","V",26.3,31.228,19.75,31.678,2,0.81,".37",1,6.6,14
"2018006HB","HB1806","2018","201804033500010071","Representative",26779,"10",37.482258,-75.395405,22,22,22,11-SEP-18,"20:23:54",37.47,75.4033,22,11-SEP-18,"20:01","0047","SBE-911+","V",25.81,30.538,24.19,30.911,0,0.83,".38",1,6,20
"2018006HB","HB1806","2018","201804033200010072","Representative",26719,"10",37.732352,-75.27164,27,26,26,11-SEP-18,"23:24:07",37.725,75.2833,23,11-SEP-18,"23:04","0048","SBE-911+","V",25.71,30.747,24.06,30.788,4,0.71,".34",1,6.1,20
"2018006HB","HB1806","2018","201804033200030073","Representative",26748,"10",37.910562,-75.071128,27,26,27,12-SEP-18,"01:48:50",37.8983,75.085,26,12-SEP-18,"01:26","0049","SBE-911+","V",24.27,30.903,23.62,31.018,1,0.99,".38",1,6.1,24
"2018006HB","HB1806","2018","201804016900010074","Representative",26802,"10",37.91426,-75.016667,31,30,31,12-SEP-18,"04:03:13",37.9017,75.0267,26,12-SEP-18,"03:42","0050","SBE-911+","V",23.78,31.121,22.91,31.135,5,0.89,".35",1,6.5,21
"2018006HB","HB1806","2018","201804032900010075","Representative",26970,"10",38.13516,-74.984935,19,21,19,12-SEP-18,"06:19:50",38.1217,74.98,19,12-SEP-18,"05:58","0051","SBE-911+","V",24.62,31.044,23.67,31.123,0,0.84,".36",1,6.2,14
"2018006HB","HB1806","2018","201804032900030076","Representative",26667,"10",38.248403,-74.915823,23,23,21,12-SEP-18,"07:56:07",38.2433,74.9317,22,12-SEP-18,"07:36","0052","SBE-911+","W",24.24,31.235,23.55,31.228,1,0.81,".34",1,6.4,16
"2018006HB","HB1806","2018","201804032600030079","Representative",26636,"10",38.649567,-74.899302,23,24,24,12-SEP-18,"14:31:34",38.66,74.8983,25,12-SEP-18,"14:07","0053","SBE-911+","V",24.05,29.652,24.14,30.723,2,0.63,".41",1,5.6,19
"2018006HB","HB1806","2018","201804032600010080","Representative",26959,"10",38.795802,-74.767403,21,22,21,12-SEP-18,"17:19:35",38.785,74.7783,21,12-SEP-18,"16:53","0054","SBE-911+","V",24.51,31.104,23.86,31.117,0,0.83,".44",1,6.3,17
"2018006HB","HB1806","2018","201804032300010083","Representative",26951,"10",39.079433,-74.44209,24,24,24,12-SEP-18,"22:23:15",39.07,74.4733,19,12-SEP-18,"21:44","0055","SBE-911+","V",23.4,31.413,22.94,31.738,5,1.56,".65",1,6.3,15
"2018006HB","HB1806","2018","201804032300030084","Representative",26995,"10",39.13562,-74.370955,26,30,28,12-SEP-18,"23:55:22",39.135,74.3817,25,12-SEP-18,"23:32","0056","SBE-911+","V",23.44,31.555,22.69,31.695,1,0.5,".39",1,6.4,20
"2018006HB","HB1806","2018","201804032000040086","Representative",26858,"10",39.353115,-74.161668,22,24,23,13-SEP-18,"05:07:30",39.345,74.175,21,13-SEP-18,"04:46","0057","SBE-911+","V",23.34,31.373,23.13,31.503,1,0.79,".36",1,6.4,16
"2018006HB","HB1806","2018","201804032000010087","Representative",26923,"10",39.52526,-74.000132,25,24,25,13-SEP-18,"07:13:26",39.515,74.01,24,13-SEP-18,"06:50","0058","SBE-911+","V",22.58,31.565,22.27,31.583,1,0.77,".39",1,6.4,18
"2018006HB","HB1806","2018","201804032000020088","Non-Representative",26994,"10",39.61424,-73.979175,25,25,25,13-SEP-18,"09:52:48",39.6417,73.9733,26,13-SEP-18,"10:38","0059","SBE-911+","V",22.53,31.573,21.8,31.568,1,1.67,".75",1,6.6,21
"2018006HB","HB1806","2018","201804032000050089","Representative",26994,"10",39.614215,-73.978203,26,26,26,13-SEP-18,"11:13:49",39.6417,73.9733,26,13-SEP-18,"10:38","0059","SBE-911+","V",22.53,31.573,21.8,31.568,0,1.67,".6",1,6.6,21
"2018006HB","HB1806","2018","201804031700020090","Representative",26644,"10",39.677755,-73.910267,28,28,29,13-SEP-18,"12:41:11",39.6633,73.93,28,13-SEP-18,"12:15","0060","SBE-911+","V",22.54,31.511,21.77,31.577,0,1.26,".44",1,6.5,23
"2018006HB","HB1806","2018","201804031700030091","Representative",26771,"10",39.745447,-73.982783,25,25,25,13-SEP-18,"14:02:54",39.735,73.9883,24,13-SEP-18,"13:44","0061","SBE-911+","V",23.08,31.535,22.55,31.487,1,0.68,".32",1,6.4,19
"2018006HB","HB1806","2018","201804031700010092","Non-Representative",26660,"10",40.029855,-73.9452,23,23,23,13-SEP-18,"16:34:50",40.0217,73.955,25,13-SEP-18,"16:13","0062","SBE-911+","V",22.74,31.397,22.47,31.51,2,0.67,".36",1,6,22
"2018006HB","HB1806","2018","201804031400010093","Representative",26688,"10",40.21845,-73.881228,24,27,24,13-SEP-18,"18:50:06",40.205,73.8933,22,13-SEP-18,"18:26","0063","SBE-911+","V",22.73,31.043,22.59,31.257,2,0.98,".4",1,5.9,19
"2018006HB","HB1806","2018","201804010100040096","Representative",26864,"10",40.237492,-73.622193,31,29,30,14-SEP-18,"02:06:50",40.2283,73.64,32,14-SEP-18,"01:40","0064","SBE-911+","V",22.04,32.327,21.71,32.269,1,0.99,".45",1,6.5,27
"2018006HB","HB1806","2018","201804031400020097","Representative",26651,"10",40.300685,-73.887078,24,23,25,14-SEP-18,"04:32:44",40.285,73.8867,24,14-SEP-18,"04:11","0065","SBE-911+","V",21.7,31.516,21.71,31.51,0,0.94,".36",1,6.4,17
"2018006HB","HB1806","2018","201804031400030098","Representative",26956,"10",40.393508,-73.804915,39,40,40,14-SEP-18,"06:29:28",40.3883,73.825,32,14-SEP-18,"06:04","0066","SBE-911+","V",22.46,31.237,21,31.549,7,0.97,".42",1,5.3,26
"2018006HB","HB1806","2018","201804031100020099","Representative",26634,"10",40.399857,-73.62495,22,24,24,14-SEP-18,"08:13:02",40.39,73.6367,25,14-SEP-18,"07:53","0067","SBE-911+","W",21.58,31.69,21.58,31.695,3,0.8,".33",1,7,15
"2018006HB","HB1806","2018","201804031100010100","Representative",26838,"10",40.45903,-73.565818,26,26,25,14-SEP-18,"11:46:47",40.4417,73.5917,24,14-SEP-18,"10:58","0068","SBE-911+","V",21.87,31.377,21.87,31.389,2,1.58,".81",1,7.2,15
"2018006HB","HB1806","2018","201804030800020102","Representative",26773,"10",40.52685,-73.17292,31,29,29,14-SEP-18,"15:37:00",40.53,73.1983,31,14-SEP-18,"15:12","0069","SBE-911+","V",21.06,31.58,21.06,31.592,0,1.17,".42",1,6.7,24
"2018006HB","HB1806","2018","201804010200080114","Representative",26960,"10",39.859963,-72.444147,77,76,76,15-SEP-18,"18:48:47",39.84,72.4417,82,15-SEP-18,"18:21","0071","SBE-911+","W",21.59,33.286,9.91,33.052,5,1.2,".46",1,6.8,79
"2018006HB","HB1806","2018","201804010200070115","Representative",26645,"10",39.65208,-72.703047,76,74,75,15-SEP-18,"21:47:40",39.68,72.6783,76,15-SEP-18,"21:09","0072","SBE-911+","V",23.18,34.26,10,33.034,0,2.03,".64",1,7,71
"2018006HB","HB1806","2018","201804010200030117","Representative",26728,"10",39.624602,-73.034733,66,68,67,16-SEP-18,"02:58:34",39.6133,73.0433,65,16-SEP-18,"02:37","0073","SBE-911+","V",22.43,32.725,10.11,32.637,1,0.79,".36",1,6.5,63
"2018006HB","HB1806","2018","201804017300040122","Representative",26744,"10",39.556985,-73.562213,36,38,38,16-SEP-18,"14:43:02",39.555,73.545,39,16-SEP-18,"14:26","0074","SBE-911+","W",22.47,32.091,13.11,32.303,3,0.81,".28",1,5.9,34
"2018006HB","HB1806","2018","201804017400030129","Representative",26955,"10",38.650337,-73.319373,90,91,91,17-SEP-18,"08:00:15",38.6367,73.33,92,17-SEP-18,"07:35","0075","SBE-911+","V",23.95,34.561,9.52,33.095,2,0.96,".42",1,6.8,86
"2018006HB","HB1806","2018","201804017500020130","Representative",26859,"10",38.655257,-73.204118,133,130,132,17-SEP-18,"09:40:03",38.6433,73.215,131,17-SEP-18,"09:12","0076","SBE-911+","W",24.06,34.576,13.07,35.486,2,0.88,".47",1,6.4,125
"2018006HB","HB1806","2018","201804017600010131","Representative",26697,"10",38.664388,-73.11797,201,201,201,17-SEP-18,"11:57:10",38.6467,73.135,213,17-SEP-18,"11:18","0077","SBE-911+","V",24.11,34.599,12.3,35.528,12,1.33,".65",1,5.5,207
"2018006HB","HB1806","2018","201804017600020132","Representative",26866,"10",38.709577,-73.074773,202,198,197,17-SEP-18,"13:33:11",38.6917,73.0883,202,17-SEP-18,"12:58","0078","SBE-911+","V",23.97,34.543,11.93,35.488,0,1.25,".59",1,5.3,195
"2018006HB","HB1806","2018","201804017400050133","Representative",26628,"10",38.820558,-73.107827,90,91,90,17-SEP-18,"15:12:59",38.8117,73.1217,89,17-SEP-18,"14:51","0079","SBE-911+","V",23.93,34.549,9.71,33.197,1,0.84,".37",1,6.8,81
"2018006HB","HB1806","2018","201804017500010134","Representative",26846,"10",38.862238,-72.97281,117,118,118,17-SEP-18,"17:47:16",38.8517,72.99,109,17-SEP-18,"17:21","0080","SBE-911+","V",24.55,34.55,12.28,34.818,8,1.02,".44",1,6.5,102
"2018006HB","HB1806","2018","201804017600030135","Representative",26829,"10",38.869058,-72.916367,202,216,205,17-SEP-18,"19:30:50",38.8533,72.93,216,17-SEP-18,"19:00","0081","SBE-911+","V",23.93,34.471,12.39,35.528,14,1.14,".51",1,5.6,211
"2018006HB","HB1806","2018","201804017500030137","Representative",26633,"10",39.013518,-72.8467,123,122,122,17-SEP-18,"23:46:14",38.9967,72.8517,124,17-SEP-18,"23:12","0082","SBE-911+","W",24.27,34.476,12.24,34.849,1,1.04,".57",1,6.4,118
"2018006HB","HB1806","2018","201804010300040138","Representative",26933,"10",39.284958,-72.708032,118,123,120,18-SEP-18,"02:45:45",39.2733,72.75,102,18-SEP-18,"02:04","0083","SBE-911+","W",22.26,33.321,9.89,33.188,16,2.07,".7",1,6.6,98
"2018006HB","HB1806","2018","201804010400020139","Representative",26784,"10",39.239937,-72.446478,213,209,212,18-SEP-18,"05:19:36",39.2283,72.475,213,18-SEP-18,"04:43","0084","SBE-911+","V",23.57,34.441,11.96,35.48,0,1.5,".61",1,5.1,207
"2018006HB","HB1806","2018","201804010300020140","Representative",27000,"10",39.294983,-72.482768,147,148,148,18-SEP-18,"07:33:34",39.3083,72.505,145,18-SEP-18,"07:04","0085","SBE-911+","V",23.64,34.341,12.95,35.546,2,1.31,".49",1,6.2,139
"2018006HB","HB1806","2018","201804010400030141","Representative",26881,"10",39.325805,-72.297822,231,233,230,18-SEP-18,"09:43:38",39.3,72.33,230,18-SEP-18,"09:00","0086","SBE-911+","V",25.23,34.787,12.09,35.503,1,2.15,".73",1,5.3,223
"2018006HB","HB1806","2018","201804010400010142","Representative",26650,"10",39.376103,-72.254497,258,256,258,18-SEP-18,"12:12:22",39.405,72.2517,265,18-SEP-18,"11:03","0087","SBE-911+","V",23.61,34.434,12.16,35.508,7,1.74,"1.16",1,5.4,255
"2018006HB","HB1806","2018","201804010300010144","Representative",26691,"10",39.936108,-71.854188,116,116,116,18-SEP-18,"18:47:04",39.9317,71.8733,118,18-SEP-18,"18:15","0088","SBE-911+","V",22.62,33.56,12.45,34.987,2,0.92,".53",1,6.3,115
"2018006HB","HB1806","2018","201804010700040145","Representative",26854,"10",39.991123,-71.429225,126,127,126,18-SEP-18,"21:40:22",39.98,71.45,127,18-SEP-18,"21:14","0089","SBE-911+","V",23.08,33.958,12.8,35.357,1,1.17,".44",1,6.2,122
"2018006HB","HB1806","2018","201804010800020146","Representative",26738,"10",39.983175,-71.29107,268,270,268,18-SEP-18,"23:59:15",39.9967,71.26,275,18-SEP-18,"23:12","0090","SBE-911+","W",22.89,33.805,10.39,35.327,7,1.64,".79",1,4.4,271
"2018006HB","HB1806","2018","201804010800010147","Representative",26873,"10",40.030385,-71.165898,244,245,244,19-SEP-18,"02:54:11",40.04,71.1233,237,19-SEP-18,"02:09","0091","SBE-911+","V",23.67,34.324,11.56,35.453,7,2.04,".75",1,4.9,234
"2018006HB","HB1806","2018","201804010800030148","Representative",26974,"10",40.06095,-71.01326,222,224,224,19-SEP-18,"05:23:11",40.06,70.98,214,19-SEP-18,"04:47","0092","SBE-911+","V",23.37,34.183,12.42,35.509,8,1.53,".6",1,5.7,207
"2018006HB","HB1806","2018","201804010700010149","Representative",26751,"10",40.12504,-71.262995,122,121,121,19-SEP-18,"07:53:15",40.1367,71.25,120,19-SEP-18,"07:25","0093","SBE-911+","V",22.68,34.442,12.39,34.598,2,0.92,".47",1,6.7,112
"2018006HB","HB1806","2018","201804010500010155","Representative",26961,"10",40.88979,-71.887548,37,38,37,19-SEP-18,"20:52:43",40.8833,71.8983,37,19-SEP-18,"20:31","0094","SBE-911+","W",21.06,31.32,18.6,32.312,0,0.62,".36",1,7.5,27
"2018006HB","HB1806","2018","201804030200040156","Non-Representative",26629,"10",40.943865,-71.945405,30,31,30,19-SEP-18,"22:57:03",40.9367,71.9617,30,19-SEP-18,"22:37","0095","SBE-911+","V",20.82,31.336,19.85,32.055,0,0.86,".33",1,6.7,25
"2018006HB","HB1806","2018","201804030200020157","Representative",26851,"10",40.995207,-71.885685,23,23,23,20-SEP-18,"01:03:00",40.99,71.9033,22,20-SEP-18,"00:31","0096","SBE-911+","V",20.64,31.266,20.66,31.287,1,0.86,".53",1,7.2,18
"2018006HB","HB1806","2018","201804030200030158","Representative",26824,"10",41.02528,-71.758053,27,27,28,20-SEP-18,"03:13:12",41.0017,71.8433,25,20-SEP-18,"02:15","0097","SBE-911+","V",20.64,31.212,20.65,31.242,2,4.11,".97",0,7.1,19
"2018006HB","HB1806","2018","201804010600070161","Representative",26715,"10",40.620138,-71.155052,67,65,66,20-SEP-18,"11:58:08",40.6067,71.1683,68,20-SEP-18,"11:28","0098","SBE-911+","W",20.44,33.174,11.41,32.695,1,1.01,".5",1,6.5,62
"2018006HB","HB1806","2018","201804010600030162","Non-Representative",26822,"10",40.845167,-71.060578,,,,20-SEP-18,"14:43:30",40.865,71.045,60,20-SEP-18,"14:18","0099","SBE-911+","V",19.67,32.608,12.19,32.628,,1.39,".42",0,6.6,54
"2018006HB","HB1806","2018","201804010600090163","Representative",26822,"10",40.843713,-71.063218,59,59,59,20-SEP-18,"16:00:14",40.865,71.045,60,20-SEP-18,"14:18","0099","SBE-911+","V",19.67,32.608,12.19,32.628,1,1.52,"1.7",1,6.6,54
"2018006HB","HB1806","2018","201804034500020165","Representative",26626,"10",41.253555,-71.485877,42,41,42,25-SEP-18,"17:58:45",41.2517,71.515,40,25-SEP-18,"17:12","0100","SBE-911+","V",19.49,31.995,19.16,31.99,2,1.32,".78",1,6.8,31
"2018006HB","HB1806","2018","201804034500040168","Representative",26653,"10",41.418962,-71.318775,32,33,33,26-SEP-18,"04:17:12",41.39,71.2983,31,26-SEP-18,"05:20","0101","SBE-911+","V",19.55,31.941,19.55,31.941,1,1.97,"1.05",1,6.9,26
"2018006HB","HB1806","2018","201804010500050169","Representative",27159,"10",41.260153,-71.16017,41,45,43,26-SEP-18,"08:22:38",41.27,71.175,37,26-SEP-18,"08:01","0102","SBE-911+","W",18.96,32.006,17.9,32.075,4,0.89,".36",1,7.3,31
"2018006HB","HB1806","2018","201804034600040171","Representative",27070,"10",41.308277,-70.644663,23,25,24,26-SEP-18,"16:38:45",41.3183,70.6517,19,26-SEP-18,"16:15","0103","SBE-911+","V",18.4,31.965,18.31,31.965,4,0.68,".4",1,7.5,14
"2018006HB","HB1806","2018","201804010900020172","Representative",26747,"10",40.959687,-70.743005,51,52,50,26-SEP-18,"20:22:39",40.9767,70.75,51,26-SEP-18,"19:59","0104","SBE-911+","V",19.66,33.159,14.23,32.486,0,1.07,".39",1,6,45
"2018006HB","HB1806","2018","201804010900030173","Representative",26699,"10",40.862893,-70.63394,55,55,55,26-SEP-18,"22:52:43",40.8683,70.6567,54,26-SEP-18,"22:31","0105","SBE-911+","V",19.22,32.994,13.44,32.603,1,1.08,".36",1,6.6,49
"2018006HB","HB1806","2018","201804034600050175","Representative",26739,"10",41.19502,-70.268758,28,27,28,27-SEP-18,"04:51:14",41.2017,70.29,27,27-SEP-18,"04:33","0106","SBE-911+","V",17.97,32.047,17.96,32.045,1,1.04,".3",1,7.6,21
"2018006HB","HB1806","2018","201804034600020176","Representative",26984,"10",40.907298,-70.112093,27,28,27,27-SEP-18,"08:37:22",40.9183,70.1133,25,27-SEP-18,"08:11","0107","SBE-911+","V",17.81,32.014,17.66,32.054,2,0.66,".44",1,7.6,20
"2018006HB","HB1806","2018","201804034600030177","Representative",26750,"10",40.834008,-70.104302,29,31,30,27-SEP-18,"10:49:15",40.8483,70.1083,28,27-SEP-18,"10:20","0108","SBE-911+","W",17.78,31.981,17.17,32.236,1,0.88,".49",1,7.6,22
"2018006HB","HB1806","2018","201804011000080182","Representative",26700,"10",40.359,-70.485303,90,92,91,28-SEP-18,"02:21:35",40.3717,70.5,88,28-SEP-18,"01:50","0109","SBE-911+","V",20.64,33.953,12.69,34.05,2,1.02,".53",1,6.7,85
"2018006HB","HB1806","2018","201804010700030184","Representative",26794,"10",40.11973,-70.735222,135,134,135,28-SEP-18,"08:08:51",40.1217,70.7717,138,28-SEP-18,"07:23","0110","SBE-911+","W",22.06,34.775,12.97,35.471,3,1.68,".76",1,6.3,132
"2018006HB","HB1806","2018","201804011200020185","Representative",26725,"10",40.04744,-70.40288,197,191,193,28-SEP-18,"12:12:35",40.0767,70.46,194,28-SEP-18,"11:09","0111","SBE-911+","V",22.08,34.82,12.25,35.521,3,3.16,"1.06",0,5.6,186
"2018006HB","HB1806","2018","201804011100020186","Representative",26869,"10",40.133133,-70.17345,124,126,125,28-SEP-18,"14:59:19",40.1317,70.1917,122,28-SEP-18,"14:24","0112","SBE-911+","V",22.91,35.076,12.72,34.974,2,0.84,".59",1,6.4,117
"2018006HB","HB1806","2018","201804011000060187","Representative",26830,"10",40.185958,-69.968825,102,103,102,28-SEP-18,"17:03:29",40.195,69.995,100,28-SEP-18,"16:30","0113","SBE-911+","V",20.68,34.085,12.34,34.533,2,1.32,".56",1,6.7,95
"2018006HB","HB1806","2018","201804011100030188","Representative",26900,"10",40.035663,-69.995305,154,153,154,28-SEP-18,"19:52:44",40.0433,70.025,156,28-SEP-18,"19:19","0114","SBE-911+","V",23.17,35.009,12.27,35.471,2,1.44,".56",1,5.5,152
"2018006HB","HB1806","2018","201804011200010189","Representative",26826,"10",39.944412,-69.571123,204,208,207,28-SEP-18,"23:09:26",39.935,69.5333,225,29-SEP-18,"00:06","0115","SBE-911+","V",23.42,34.957,11,35.39,21,1.83,".94",1,4.6,215
"2018006HB","HB1806","2018","201804011100010191","Representative",26781,"10",40.164217,-68.974547,143,141,142,29-SEP-18,"06:05:35",40.1567,68.9533,142,29-SEP-18,"05:38","0116","SBE-911+","W",23.3,35.146,13.67,35.641,1,1.07,".46",1,5.5,138
"2018006HB","HB1806","2018","201804011100040192","Representative",26631,"10",40.176793,-69.042085,139,137,138,29-SEP-18,"08:08:21",40.1583,69.0383,145,29-SEP-18,"07:31","0117","SBE-911+","V",22.35,34.998,12.81,35.612,6,1.12,".62",1,5.1,141
"2018006HB","HB1806","2018","201804011000040196","Non-Representative",26625,"10",40.47783,-69.083278,81,82,82,29-SEP-18,"17:22:49",40.4917,69.0767,80,29-SEP-18,"16:56","0118","SBE-911+","V",17.68,32.986,11.57,32.906,1,0.89,".45",1,7.4,76
"2018006HB","HB1806","2018","201804011500020199","Representative",26935,"10",40.204927,-68.56146,200,204,200,30-SEP-18,"01:06:17",40.175,68.5467,197,30-SEP-18,"00:20","0119","SBE-911+","V",23.16,35.12,12.53,35.577,3,1.92,".77",1,5.1,191
"2018006HB","HB1806","2018","201804011500010200","Representative",26833,"10",40.223462,-68.494162,204,214,207,30-SEP-18,"03:57:44",40.2367,68.5217,224,30-SEP-18,"03:13","0120","SBE-911+","V",21.94,34.79,10.73,35.368,20,1.49,".75",1,4.7,215
"2018006HB","HB1806","2018","201804011300060203","Representative",26954,"10",40.647162,-68.472728,68,69,69,30-SEP-18,"11:09:07",40.6517,68.4933,66,30-SEP-18,"10:46","0121","SBE-911+","W",17.68,32.833,12.7,32.899,2,0.98,".39",1,7.4,61
"2018006HB","HB1806","2018","201804011900030207","Representative",26868,"10",40.909705,-68.07383,47,49,49,30-SEP-18,"19:47:50",40.9133,68.095,49,30-SEP-18,"19:28","0122","SBE-911+","V",16.77,32.408,14.84,32.457,2,0.98,".33",1,7.7,45
"2018006HB","HB1806","2018","201804012300010209","Representative",26799,"10",41.214598,-68.558077,63,62,62,01-OCT-18,"02:06:56",41.225,68.5767,62,01-OCT-18,"01:43","0123","SBE-911+","V",17.1,32.568,15.03,32.619,1,1.05,".4",1,7.5,58
"2018006HB","HB1806","2018","201804012300020210","Representative",26958,"10",41.21583,-68.625393,65,64,65,01-OCT-18,"04:07:25",41.2067,68.65,65,01-OCT-18,"03:39","0124","SBE-911+","V",16.93,32.56,14.31,32.61,0,1.24,".47",1,7.5,59
"2018006HB","HB1806","2018","201804012300040211","Representative",26669,"10",41.282715,-68.697435,77,78,77,01-OCT-18,"06:22:47",41.2867,68.685,76,01-OCT-18,"06:00","0125","SBE-911+","W",17.29,32.565,10.87,32.636,1,0.61,".38",1,7.6,71
"2018006HB","HB1806","2018","201804012300060212","Representative",26798,"10",41.21129,-68.866142,100,100,100,01-OCT-18,"09:05:16",41.2183,68.85,99,01-OCT-18,"08:35","0126","SBE-911+","V",16.98,32.583,8.16,32.794,1,0.84,".5",1,7.7,93
"2018006HB","HB1806","2018","201804012500030214","Representative",26724,"10",41.308772,-69.367602,51,50,50,01-OCT-18,"17:59:30",41.3083,69.3483,65,01-OCT-18,"17:36","0127","SBE-911+","V",15.95,32.166,10.14,32.552,14,0.87,".39",0,7.6,62
"2018006HB","HB1806","2018","201804012300050215","Representative",26889,"10",41.364362,-69.326877,81,82,82,01-OCT-18,"19:50:22",41.3783,69.3217,86,01-OCT-18,"19:24","0128","SBE-911+","V",17.8,32.062,9.22,32.661,5,0.87,".44",1,7.6,80
"2018006HB","HB1806","2018","201804012500040216","Representative",26987,"10",41.363285,-69.485048,36,36,35,01-OCT-18,"23:41:21",41.3633,69.5083,34,01-OCT-18,"23:18","0129","SBE-911+","V",16.4,32.101,13.26,32.255,2,1.05,".39",1,7.8,31
"2018006HB","HB1806","2018","201804012500010217","Non-Representative",26924,"10",41.524762,-69.560772,44,43,43,02-OCT-18,"03:14:37",41.5217,69.54,43,02-OCT-18,"02:55","0130","SBE-911+","V",16.64,31.875,11.73,32.368,1,0.95,".33",1,7.5,38
"2018006HB","HB1806","2018","201804012500020218","Representative",26981,"10",41.567265,-69.621013,45,45,45,02-OCT-18,"13:51:44",41.5567,69.6017,46,02-OCT-18,"12:34","0131","SBE-911+","W",16.87,31.933,10.88,32.335,1,1.08,"1.3",1,7.3,41
"2018006HB","HB1806","2018","201804035600010220","Representative",26813,"10",41.923443,-69.944782,26,25,25,02-OCT-18,"20:26:41",41.9383,69.9517,27,02-OCT-18,"20:06","0132","SBE-911+","V",16.37,31.712,13.86,31.958,1,0.94,".34",1,7.2,23
"2018006HB","HB1806","2018","201804035600020221","Representative",26892,"10",41.976642,-69.972758,27,28,27,02-OCT-18,"23:47:52",41.965,69.9667,27,02-OCT-18,"23:28","0133","SBE-911+","V",16.39,31.73,13.76,31.948,0,0.75,".33",1,7.4,23
"2018006HB","HB1806","2018","201804012600030222","Representative",26840,"10",42.051112,-69.90657,83,82,82,03-OCT-18,"03:10:38",42.0417,69.8867,88,03-OCT-18,"02:42","0134","SBE-911+","V",17.03,32.139,9.45,32.83,5,1.05,".48",1,7.4,83
"2018006HB","HB1806","2018","201804036100020223","Representative",26673,"10",42.118035,-70.05862,54,51,52,03-OCT-18,"05:55:38",42.11,70.0367,54,03-OCT-18,"05:32","0135","SBE-911+","W",16.72,31.636,10.56,32.386,0,1.09,".39",1,7.2,48
"2018006HB","HB1806","2018","201804036100030224","Representative",26764,"10",42.101332,-70.217368,66,66,66,03-OCT-18,"08:06:58",42.1067,70.1883,49,03-OCT-18,"07:41","0136","SBE-911+","V",17.07,31.577,14.67,31.811,17,1.33,".43",0,7.4,44
"2018006HB","HB1806","2018","201804036100010227","Representative",26701,"10",42.043727,-70.339508,56,58,57,03-OCT-18,"14:47:23",42.03,70.3483,54,03-OCT-18,"14:27","0137","SBE-911+","V",17.63,31.527,10.22,32.224,2,0.91,".34",1,6.6,48
"2018006HB","HB1806","2018","201804036000020228","Representative",26753,"10",41.916563,-70.30329,35,36,35,03-OCT-18,"17:45:09",41.9133,70.3317,35,03-OCT-18,"17:18","0138","SBE-911+","V",17.65,31.482,11.64,32.004,0,1.28,".45",1,5.2,31
"2018006HB","HB1806","2018","201804011400010229","Representative",26803,"10",40.48508,-67.826495,117,117,117,10-OCT-18,"09:46:40",40.4983,67.8067,118,10-OCT-18,"07:10","0139","SBE-911+","W",16.75,32.545,11.04,34.119,1,1.2,"2.61",1,6.7,117
"2018006HB","HB1806","2018","201804011400040230","Representative",26865,"10",40.530938,-67.544493,130,128,128,10-OCT-18,"12:50:35",40.5383,67.5717,125,10-OCT-18,"12:14","0140","SBE-911+","V",18.69,33.533,12.48,34.925,5,1.32,".61",1,6.1,121
"2018006HB","HB1806","2018","201804011300080232","Representative",26711,"10",40.649087,-67.18202,110,111,111,10-OCT-18,"17:42:28",40.6683,67.1717,108,10-OCT-18,"17:04","0142","SBE-911+","V",21.39,35.039,14.06,35.388,2,1.25,".64",1,5.7,105
"2018006HB","HB1806","2018","201804011300090234","Representative",26847,"10",40.75287,-67.10386,102,103,102,10-OCT-18,"22:47:06",40.7683,67.0783,100,10-OCT-18,"22:20","0143","SBE-911+","W",19.02,33.831,9.14,33.322,2,1.49,".45",1,7.4,93
"2018006HB","HB1806","2018","201804011400020235","Representative",26991,"10",40.689265,-66.91036,183,186,185,11-OCT-18,"01:34:26",40.675,66.9317,186,11-OCT-18,"00:55","0144","SBE-911+","V",22.01,35.276,11.31,35.439,3,1.3,".66",1,4.5,180
"2018006HB","HB1806","2018","201804011500030236","Representative",26850,"10",40.723448,-66.845315,199,200,199,11-OCT-18,"03:41:01",40.7083,66.8683,196,11-OCT-18,"03:05","0145","SBE-911+","V",21.83,35.214,11.74,35.485,3,1.39,".6",1,4.8,190
"2018006HB","HB1806","2018","201804011600020237","Representative",26916,"10",40.870643,-66.743477,105,106,105,11-OCT-18,"05:46:44",40.8783,66.7283,105,11-OCT-18,"05:21","0146","SBE-911+","V",19.22,34.011,12.61,35.05,0,0.83,".43",1,6,102
"2018006HB","HB1806","2018","201804011600050239","Representative",26696,"10",41.125113,-66.984625,70,70,70,11-OCT-18,"10:28:32",41.1183,67.005,69,11-OCT-18,"10:02","0147","SBE-911+","V",16.18,32.47,11.64,32.657,1,1.01,".44",1,7.5,66
"2018006HB","HB1806","2018","201804012300030245","Representative",26723,"10",41.369833,-68.494165,77,76,76,12-OCT-18,"04:54:07",41.3667,68.4717,78,12-OCT-18,"04:24","0148","SBE-911+","V",15.53,32.304,14.42,32.512,1,1.03,".5",1,7.6,70
"2018006HB","HB1806","2018","201804012400030247","Representative",26661,"10",41.360538,-68.880233,140,141,141,12-OCT-18,"09:55:05",41.345,68.88,137,12-OCT-18,"09:18","0149","SBE-911+","W",16.58,31.923,6.95,32.97,3,0.93,".62",1,7.7,131
"2018006HB","HB1806","2018","201804012400020248","Representative",26760,"10",41.545953,-68.821828,160,158,158,12-OCT-18,"12:55:25",41.57,68.8133,158,12-OCT-18,"12:13","0150","SBE-911+","V",17.16,31.962,6.77,33.062,2,1.49,".71",1,7.7,152
"2018006HB","HB1806","2018","201804012800030250","Representative",26782,"10",42.336647,-69.076437,226,229,229,13-OCT-18,"01:24:52",42.3133,69.0533,224,13-OCT-18,"00:34","0151","SBE-911+","V",17.05,32.034,,,2,1.74,".85",0,6.1,208
"2018006HB","HB1806","2018","201804012400090251","Representative",27119,"10",42.168217,-69.071173,164,162,167,13-OCT-18,"04:43:25",42.1417,69.0733,166,13-OCT-18,"04:10","0152","SBE-911+","W",16.64,32.052,6.61,33.536,2,1.6,".56",1,7.3,159
"2018006HB","HB1806","2018","201804012800020252","Representative",26789,"10",42.133082,-69.418105,208,209,208,13-OCT-18,"09:05:39",42.12,69.39,212,13-OCT-18,"08:18","0153","SBE-911+","V",16.47,32.12,6.87,33.713,4,1.48,".79",1,7.1,208
"2018006HB","HB1806","2018","201804012400050253","Representative",26922,"10",41.928212,-69.08451,199,201,200,13-OCT-18,"12:39:26",41.9217,69.0467,195,13-OCT-18,"12:03","0154","SBE-911+","V",17.06,32.013,6.65,33.578,4,1.73,".61",1,7.1,187
"2018006HB","HB1806","2018","201804012400040254","Representative",26793,"10",42.30405,-68.802022,211,214,215,13-OCT-18,"17:46:41",42.2933,68.8333,215,13-OCT-18,"17:07","0155","SBE-911+","V",16.78,32.041,6.79,33.598,4,1.53,".66",1,7.2,207
"2018006HB","HB1806","2018","201804012400080255","Representative",26948,"10",41.93849,-68.4738,176,174,174,13-OCT-18,"22:31:47",41.9217,68.4517,181,13-OCT-18,"21:51","0156","SBE-911+","V",16.89,32.024,7.44,33.71,5,1.41,".68",1,7,174
"2018006HB","HB1806","2018","201804012400010256","Representative",26721,"10",41.926758,-68.376825,203,203,204,14-OCT-18,"00:50:04",41.91,68.3533,201,14-OCT-18,"00:10","0157","SBE-911+","V",16.78,31.945,8.29,34.17,2,1.46,".67",1,6.5,191
"2018006HB","HB1806","2018","201804012100010258","Representative",26657,"10",41.82589,-67.990753,58,60,59,14-OCT-18,"06:32:12",41.8283,67.9783,57,14-OCT-18,"06:12","0158","SBE-911+","W",15.28,32.278,14.81,32.682,1,0.58,".34",1,5.6,53
"2018006HB","HB1806","2018","201804012000050260","Representative",26646,"10",41.7327,-67.600497,41,42,41,14-OCT-18,"11:23:01",41.7167,67.59,41,14-OCT-18,"10:55","0159","SBE-911+","V",16.26,32.057,16.38,32.371,0,1.07,".47",1,5,34
"2018006HB","HB1806","2018","201804011900090262","Representative",27007,"10",41.401017,-67.331413,49,49,49,14-OCT-18,"18:32:46",41.4117,67.3217,49,14-OCT-18,"18:10","0160","SBE-911+","V",16.31,32.35,16.31,32.349,0,0.78,".38",1,7.6,42
"2018006HB","HB1806","2018","201804011900080263","Representative",26887,"10",41.366727,-67.172528,51,51,51,14-OCT-18,"20:23:27",41.37,67.1583,52,14-OCT-18,"20:05","0161","SBE-911+","V",14.89,32.406,14.81,32.414,1,0.67,".31",1,7.8,44
"2018006HB","HB1806","2018","201804011600060264","Representative",26693,"10",41.354738,-66.769342,77,74,76,15-OCT-18,"00:09:49",41.3517,66.7533,76,14-OCT-18,"23:28","0162","SBE-911+","V",14.17,32.375,12.92,32.592,1,0.75,".7",1,7.5,69
"2018006HB","HB1806","2018","201804011800020266","Representative",26839,"10",40.897542,-66.531173,363,380,367,15-OCT-18,"07:22:26",40.87,66.5567,595,15-OCT-18,"06:19","0163","SBE-911+","W",20.95,35.038,5.33,35.012,232,2.02,"1.06",0,7.1,593
"2018006HB","HB1806","2018","201804011800010267","Non-Representative",26810,"10",40.938953,-66.479798,346,354,345,15-OCT-18,"10:44:23",40.9183,66.505,493,15-OCT-18,"09:48","0164","SBE-911+","V",18.32,33.986,6.2,35.054,147,1.69,".94",0,6.4,492
"2018006HB","HB1806","2018","201804011700020268","Representative",26637,"10",40.96812,-66.537475,124,125,123,15-OCT-18,"13:26:22",40.955,66.55,131,15-OCT-18,"12:56","0165","SBE-911+","V",14.24,32.663,12.67,34.994,7,0.97,".51",1,6,125
"2018006HB","HB1806","2018","201804011700010269","Representative",26874,"10",41.008782,-66.46665,178,174,177,15-OCT-18,"15:14:29",41.0333,66.4483,174,15-OCT-18,"14:43","0166","SBE-911+","V",15.29,32.746,10.42,35.34,4,1.69,".52",1,4.6,173
"2018006HB","HB1806","2018","201804012800010270","Representative",26902,"10",42.370088,-69.815385,251,251,251,17-OCT-18,"15:18:47",42.3533,69.82,252,17-OCT-18,"14:28","0167","SBE-911+","W",13.89,32.455,7.81,34.089,1,1.03,".85",1,6.3,247
"2018006HB","HB1806","2018","201804035900020273","Representative",26815,"10",41.83769,-70.346468,28,28,28,18-OCT-18,"15:37:47",41.8367,70.3333,28,18-OCT-18,"15:14","0168","SBE-911+","W",14.87,31.54,14.85,31.545,0,0.59,".4",1,7.4,25
"2018006HB","HB1806","2018","201804012800070274","Representative",26780,"10",42.503703,-68.7267,182,183,182,31-OCT-18,"05:56:25",42.5,68.765,204,31-OCT-18,"05:13","0169","SBE-911+","W",11.81,32.697,,,22,1.71,".72",0,6.2,191
"2018006HB","HB1806","2018","201804012800050275","Representative",26972,"10",42.513228,-68.619183,204,207,205,31-OCT-18,"07:44:05",42.53,68.65,202,31-OCT-18,"07:02","0170","SBE-911+","V",12.3,32.393,9.46,34.76,2,1.7,".7",1,5.8,193
"2018006HB","HB1806","2018","201804012900070276","Representative",26713,"10",42.481105,-68.292443,203,210,206,31-OCT-18,"10:44:37",42.505,68.2867,202,31-OCT-18,"10:05","0171","SBE-911+","V",12.19,32.507,9.64,34.802,1,1.46,".66",1,5.8,197
"2018006HB","HB1806","2018","201804012900050277","Representative",26957,"10",42.510323,-68.233523,181,186,182,31-OCT-18,"12:59:02",42.52,68.2033,189,31-OCT-18,"12:26","0172","SBE-911+","V",12.1,32.577,9.38,34.657,8,1.46,".55",1,5.9,181
"2018006HB","HB1806","2018","201804013600110279","Representative",26720,"10",42.978037,-68.352935,218,209,211,31-OCT-18,"19:54:18",42.9817,68.32,189,31-OCT-18,"19:18","0173","SBE-911+","V",11.64,32.889,7.8,33.906,29,1.46,".6",1,6.7,184
"2018006HB","HB1806","2018","201804013700010281","Representative",26704,"10",42.850912,-68.853167,183,185,183,01-NOV-18,"02:07:58",42.8483,68.8217,200,01-NOV-18,"01:28","0174","SBE-911+","V",11.37,33.028,,,17,1.39,".67",0,6.4,189
"2018006HB","HB1806","2018","201804013700050282","Representative",26718,"10",42.841003,-69.39892,147,150,151,01-NOV-18,"05:59:34",42.8633,69.3867,130,01-NOV-18,"05:28","0175","SBE-911+","W",11.91,32.488,7.93,33.318,17,1.44,".53",1,7.2,121
"2018006HB","HB1806","2018","201804012800040283","Representative",26742,"10",42.764812,-69.549968,198,209,204,01-NOV-18,"08:00:13",42.7767,69.5067,186,01-NOV-18,"07:20","0176","SBE-911+","V",11.6,32.683,7.29,33.81,12,2.04,".67",1,6.8,178
"2018006HB","HB1806","2018","201804012700040284","Representative",26649,"10",42.76289,-70.000395,183,199,186,01-NOV-18,"11:03:47",42.785,70.0183,179,01-NOV-18,"10:32","0177","SBE-911+","V",11.32,32.907,6.79,33.462,4,1.54,".53",1,7.2,173
"2018006HB","HB1806","2018","201804012700030286","Representative",26679,"10",42.887587,-69.977483,185,186,185,01-NOV-18,"15:56:59",42.9133,69.9633,192,01-NOV-18,"15:19","0178","SBE-911+","W",11.34,32.642,7.16,33.806,7,1.67,".63",1,6.7,185
"2018006HB","HB1806","2018","201804012700020287","Representative",26763,"10",42.895048,-70.056053,117,116,117,01-NOV-18,"17:40:38",42.9133,70.035,117,01-NOV-18,"17:17","0179","SBE-911+","V",11.29,32.574,8.43,33.262,0,1.44,".39",1,6.9,107
"2018006HB","HB1806","2018","201804012700050288","Representative",26659,"10",43.095945,-70.319127,143,132,131,01-NOV-18,"20:49:59",43.12,70.315,119,01-NOV-18,"20:19","0180","SBE-911+","V",11.43,32.6,9.11,33.212,24,1.46,".52",0,6.8,111
"2018006HB","HB1806","2018","201804012600060291","Representative",26790,"10",42.76909,-70.263702,58,58,59,02-NOV-18,"04:21:03",42.7733,70.2433,38,02-NOV-18,"04:04","0181","SBE-911+","W",11.32,32.432,11.51,32.583,20,0.93,".28",0,8.1,30
"2018006HB","HB1806","2018","201804036400010292","Representative",26942,"10",42.765672,-70.748725,27,28,28,02-NOV-18,"08:59:33",42.7533,70.7433,38,02-NOV-18,"08:42","0182","SBE-911+","V",10.47,30.731,,,11,0.78,".29",0,8.1,22
"2018006HB","HB1806","2018","201804036400020293","Representative",26671,"10",42.709747,-70.673008,33,32,33,02-NOV-18,"12:21:52",42.7533,70.6533,32,02-NOV-18,"12:00","0183","SBE-911+","V",10.25,29.992,10.95,32.41,1,2.76,".36",1,7.9,27
"2018006HB","HB1806","2018","201804036600010294","Representative",26842,"10",42.484218,-70.697098,61,63,62,02-NOV-18,"16:10:08",42.4833,70.6967,57,02-NOV-18,"15:47","0184","SBE-911+","V",11.53,32.04,11.05,32.322,4,0.06,".39",1,7.3,48
"2018006HB","HB1806","2018","201804036500010295","Representative",26949,"10",42.439652,-70.806293,44,40,43,02-NOV-18,"18:47:28",42.4467,70.7867,40,02-NOV-18,"18:29","0185","SBE-911+","V",11.47,31.955,11.21,32.061,4,0.97,".31",1,8.2,33
"2018006HB","HB1806","2018","201804036600030296","Representative",26901,"10",42.369548,-70.655738,71,70,71,02-NOV-18,"22:05:21",42.3583,70.6383,72,02-NOV-18,"21:44","0186","SBE-911+","V",11.44,32.05,10.68,32.381,1,1.03,".36",1,6.8,64
"2018006HB","HB1806","2018","201804036500070298","Representative",27220,"10",42.243413,-70.595022,37,39,38,03-NOV-18,"03:10:28",42.2367,70.5817,40,03-NOV-18,"01:32","0187","SBE-911+","V",11.81,31.996,11.62,32.131,3,0.72,"1.64",1,7.9,33
"2018006HB","HB1806","2018","201804036500050297","Non-Representative",27220,"10",42.243873,-70.598297,38,38,38,03-NOV-18,"01:53:35",42.2367,70.5817,40,03-NOV-18,"01:32","0187","SBE-911+","V",11.81,31.996,11.62,32.131,2,0.85,".36",1,7.9,33
"2018006HB","HB1806","2018","201804036600020299","Representative",26872,"10",42.248755,-70.5455,58,59,58,03-NOV-18,"05:01:49",42.2317,70.5333,57,03-NOV-18,"04:43","0188","SBE-911+","V",11.83,32,11.65,32.168,1,1.16,".31",1,7.9,49
"2018006HB","HB1806","2018","201804036500060300","Representative",27142,"10",42.230005,-70.576973,38,38,37,03-NOV-18,"06:56:04",42.24,70.5933,35,03-NOV-18,"06:40","0189","SBE-911+","V",11.68,31.851,11.6,32.133,3,0.94,".27",1,7.8,28
"2018006HB","HB1806","2018","201804035900010301","Representative",26756,"10",41.841403,-70.355358,29,29,29,03-NOV-18,"13:57:48",41.8367,70.3383,30,03-NOV-18,"13:39","0190","SBE-911+","V",12.91,31.596,12.57,31.715,1,0.81,".31",1,8,24
"2018006HB","HB1806","2018","201804036000030302","Representative",27144,"10",41.887933,-70.435937,33,30,31,03-NOV-18,"16:32:50",41.9017,70.43,36,03-NOV-18,"16:07","0191","SBE-911+","W",12.88,31.483,12.24,32.003,3,0.87,".43",1,7.9,29
"2018006HB","HB1806","2018","201804012200010303","Representative",26988,"10",42.090402,-67.705542,186,188,187,04-NOV-18,"22:14:46",42.1017,67.68,183,04-NOV-18,"21:41","0192","SBE-911+","W",12.03,32.432,9.55,34.827,3,1.33,".56",1,5.7,174
"2018006HB","HB1806","2018","201804012100020304","Representative",26772,"10",42.093207,-67.5083,105,114,109,05-NOV-18,"00:39:53",42.0967,67.4817,101,05-NOV-18,"00:09","0193","SBE-911+","V",12.45,32.357,12.15,32.433,4,1.2,".51",1,8,94
"2018006HB","HB1806","2018","201804012200020305","Representative",26964,"10",42.129195,-67.47551,184,192,188,05-NOV-18,"02:35:56",42.11,67.5017,167,05-NOV-18,"02:01","0194","SBE-911+","V",12.41,32.367,9.97,35.156,17,1.64,".58",1,5.3,157
"2018006HB","HB1806","2018","201804012000060306","Representative",26928,"10",42.019827,-67.348623,51,50,51,05-NOV-18,"04:46:21",42.01,67.34,52,05-NOV-18,"04:22","0195","SBE-911+","W",12.57,32.414,12.6,32.414,1,0.7,".41",1,8.1,45
"2018006HB","HB1806","2018","201804012900060308","Representative",26876,"10",42.254253,-66.60231,264,266,265,05-NOV-18,"12:16:33",42.2583,66.5567,262,05-NOV-18,"11:36","0196","SBE-911+","V",11.6,32.676,9.85,35.19,2,2.04,".68",1,5.2,252
"2018006HB","HB1806","2018","201804011600100317","Representative",26907,"10",41.804745,-66.090972,93,93,93,06-NOV-18,"05:43:13",41.7883,66.0933,90,06-NOV-18,"05:15","0198","SBE-911+","W",11.7,32.524,10.65,32.974,3,0.99,".47",1,7.6,84
"2018006HB","HB1806","2018","201804011700040318","Representative",26853,"10",41.748157,-65.836125,131,132,131,06-NOV-18,"09:26:35",41.7417,65.8717,124,06-NOV-18,"08:48","0199","SBE-911+","V",11.68,32.632,9.85,33.876,7,1.64,".64",1,6.8,123
"2018006HB","HB1806","2018","201804012900100321","Representative",26703,"10",42.281973,-66.152512,247,249,247,06-NOV-18,"20:34:22",42.2567,66.1433,256,06-NOV-18,"19:41","0201","SBE-911+","V",11.71,32.276,9.47,35.162,9,1.57,".89",1,5.4,246
"2018006HB","HB1806","2018","201804012900020322","Non-Representative",26982,"10",42.355025,-66.204832,243,241,242,06-NOV-18,"22:18:29",42.3333,66.19,241,06-NOV-18,"21:42","0202","SBE-911+","V",11.56,32.251,9.57,35.194,2,1.46,".61",1,5.3,232
"2018006HB","HB1806","2018","201804012900110323","Representative",26982,"10",42.384462,-66.238695,246,244,245,07-NOV-18,"01:29:38",42.3333,66.19,241,06-NOV-18,"21:42","0202","SBE-911+","V",11.56,32.251,9.57,35.194,5,3.76,"3.79",0,5.3,232
"2018006HB","HB1806","2018","201804013700060325","Representative",26692,"10",43.050857,-69.7873,171,176,174,09-NOV-18,"13:49:46",43.0733,69.7767,162,09-NOV-18,"13:11","0203","SBE-911+","W",11,32.973,7.21,33.565,9,1.43,".65",1,6.9,157
"2018006HB","HB1806","2018","201804013800040327","Representative",26678,"10",43.338665,-69.449923,172,162,167,09-NOV-18,"22:00:21",43.3583,69.4583,178,09-NOV-18,"21:30","0204","SBE-911+","W",11.14,33.01,8.28,33.728,6,1.23,".51",1,6.6,171
"2018006HB","HB1806","2018","201804013800010328","Representative",26980,"10",43.274057,-69.870528,187,184,185,10-NOV-18,"01:24:44",43.2933,69.875,182,10-NOV-18,"00:48","0205","SBE-911+","V",10.96,32.946,7.03,33.636,5,1.17,".61",1,6.8,177
"2018006HB","HB1806","2018","201804014000010329","Representative",26686,"10",43.5024,-69.92839,120,114,116,11-NOV-18,"19:41:17",43.485,69.9517,118,11-NOV-18,"19:09","0206","SBE-911+","W",10.47,32.531,9.15,33.381,2,1.46,".54",1,6.6,114
"2018006HB","HB1806","2018","201804013900010330","Representative",26795,"10",43.7985,-69.07,83,83,83,12-NOV-18,"06:20:21",43.83,69.0633,75,12-NOV-18,"07:16","0207","SBE-911+","V",10.19,32.728,10.71,33.221,8,1.91,".93",1,7.2,70
"2018006HB","HB1806","2018","201804013900060331","Representative",27043,"10",43.738578,-68.85837,84,78,91,12-NOV-18,"11:43:44",43.75,68.8183,110,12-NOV-18,"12:55","0208","SBE-911+","W",10.23,32.773,10.59,33.519,26,1.87,"1.19",0,6.9,101
"2018006HB","HB1806","2018","201804013800060332","Representative",26936,"10",43.45694,-68.983153,139,142,140,12-NOV-18,"15:51:58",43.4633,68.9967,132,12-NOV-18,"15:24","0209","SBE-911+","V",10.5,33.065,9.13,33.776,7,0.7,".47",1,6.4,125
"2018006HB","HB1806","2018","201804013800080333","Representative",27022,"10",43.318243,-69.066282,158,161,162,12-NOV-18,"18:12:44",43.3283,69.035,160,12-NOV-18,"17:42","0210","SBE-911+","V",10.62,33.023,8.21,33.831,2,1.49,".51",1,6.5,153
"2018006HB","HB1806","2018","201804014000020334","Representative",27350,"10",43.300462,-70.174927,116,113,115,13-NOV-18,"00:08:38",43.28,70.19,108,12-NOV-18,"23:42","0211","SBE-911+","W",9.13,31.734,8.71,33.322,8,1.39,".44",1,6.7,101
"2019001HB","HB1901","2019","201902033800020009","Representative",28390,"10",36.88812,-75.756725,19,20,19,10-MAR-19,"21:57:20",36.89,75.77,18,10-MAR-19,"21:37","0001","SBE-911+","V",6.34,30.804,6.38,31.179,1,0.65,".34",1,10.1,15
"2019001HB","HB1901","2019","201902033800010010","Representative",28293,"10",36.52979,-75.677875,26,25,26,11-MAR-19,"00:56:13",36.54,75.6717,25,11-MAR-19,"00:41","0002","SBE-911+","W",6.99,30.058,6.71,31.682,1,0.68,".25",1,10,21
"2019001HB","HB1901","2019","201902016100010012","Representative",28158,"10",36.374535,-75.454675,29,29,29,11-MAR-19,"05:39:41",36.385,75.4467,28,11-MAR-19,"05:27","0003","SBE-911+","W",7.22,31.556,7.74,33.144,1,0.74,".21",1,9.7,22
"2019001HB","HB1901","2019","201902034100010013","Representative",28440,"10",36.283365,-75.52121,25,25,25,11-MAR-19,"07:04:42",36.2783,75.515,28,11-MAR-19,"06:54","0004","SBE-911+","V",7.63,30.965,7.5,32.468,3,0.43,".18",1,9.7,19
"2019001HB","HB1901","2019","201902034100030014","Representative",28176,"10",36.258828,-75.617878,26,26,27,11-MAR-19,"09:44:08",36.265,75.63,27,11-MAR-19,"08:39","0005","SBE-911+","V",7.33,30.989,7.24,31.95,1,0.69,"1.09",1,9.7,21
"2019001HB","HB1901","2019","201902034100050015","Representative",28199,"10",36.140097,-75.63846,23,24,23,11-MAR-19,"11:27:16",36.1517,75.6417,22,11-MAR-19,"11:10","0006","SBE-911+","V",6.85,28.635,7.3,32.045,1,0.71,".29",1,9.6,17
"2019001HB","HB1901","2019","201902034100020016","Representative",28512,"10",36.061672,-75.44409,27,28,28,11-MAR-19,"13:18:49",36.0767,75.445,27,11-MAR-19,"13:03","0007","SBE-911+","V",7.71,31.114,7.77,32.835,0,0.9,".26",1,9.6,23
"2019001HB","HB1901","2019","201902034100040017","Representative",28418,"10",35.881985,-75.439205,25,26,26,11-MAR-19,"15:00:44",35.8817,75.4517,27,11-MAR-19,"14:50","0008","SBE-911+","V",7.74,25.121,7.59,32.364,2,0.61,".18",1,9.7,23
"2019001HB","HB1901","2019","201902085000020021","Representative",28261,"10",35.43174,-75.13404,32,31,31,12-MAR-19,"00:18:14",35.4433,75.125,33,12-MAR-19,"00:02","0009","SBE-911+","W",10.04,27.336,19.46,35.594,1,0.82,".27",1,7,28
"2019001HB","HB1901","2019","201902034400040022","Representative",28198,"10",35.324907,-75.345297,25,26,26,12-MAR-19,"02:21:19",35.335,75.3483,27,12-MAR-19,"02:05","0010","SBE-911+","V",8,26.189,17.89,34.809,2,0.62,".27",1,7.4,22
"2019001HB","HB1901","2019","201902034400010023","Representative",28269,"10",35.263263,-75.315155,23,22,23,12-MAR-19,"03:43:34",35.275,75.3133,24,12-MAR-19,"03:28","0011","SBE-911+","V",12.67,29.695,18.02,34.914,1,0.71,".26",1,7.4,19
"2019001HB","HB1901","2019","201902085100020024","Representative",28166,"10",35.05337,-75.312117,69,67,70,12-MAR-19,"06:07:13",35.065,75.2983,70,12-MAR-19,"05:36","0012","SBE-911+","V",23.69,36.233,20.31,36.274,1,0.97,".52",1,7.1,67
"2019001HB","HB1901","2019","201902075200020025","Representative",28685,"10",35.078888,-75.41263,25,27,26,12-MAR-19,"07:54:29",35.0817,75.405,25,12-MAR-19,"07:40","0013","SBE-911+","V",16.35,33.269,18.52,35.931,0,0.41,".24",1,7.3,21
"2019001HB","HB1901","2019","201902085100010026","Representative",28389,"10",34.930393,-75.447872,74,76,75,12-MAR-19,"09:53:12",34.9383,75.44,75,12-MAR-19,"09:31","0014","SBE-911+","V",23.52,36.111,20.31,36.214,1,0.61,".37",1,6.7,72
"2019001HB","HB1901","2019","201902075200040027","Representative",28609,"10",34.929235,-75.791135,28,30,29,12-MAR-19,"13:05:04",34.9217,75.7983,27,12-MAR-19,"12:48","0015","SBE-911+","V",18.82,34.471,21.12,36.344,1,0.57,".28",1,7.1,22
"2019001HB","HB1901","2019","201902085000010028","Representative",28378,"10",34.759442,-75.834615,35,35,35,12-MAR-19,"15:42:28",34.7517,75.85,35,12-MAR-19,"15:26","0016","SBE-911+","V",22.17,36.24,21.23,36.191,0,0.89,".27",1,6.9,30
"2019001HB","HB1901","2019","201902085200030029","Representative",28240,"10",34.565008,-75.736712,131,132,132,12-MAR-19,"19:23:45",34.5567,75.755,120,12-MAR-19,"18:38","0017","SBE-911+","W",23.06,36.25,21.31,36.454,11,1.03,".76",1,5.8,114
"2019001HB","HB1901","2019","201902085300010030","Representative",28335,"10",34.607418,-75.62833,279,282,281,12-MAR-19,"21:59:18",34.59,75.645,265,12-MAR-19,"20:41","0018","SBE-911+","V",23.41,36.235,17.64,36.304,14,1.33,"1.31",1,4.6,262
"2019001HB","HB1901","2019","201902085300020031","Representative",28292,"10",34.856645,-75.381743,295,302,298,13-MAR-19,"01:22:27",34.8183,75.4217,292,13-MAR-19,"00:42","0019","SBE-911+","V",23.64,36.243,15.3,36.007,3,3.03,".67",0,4.3,291
"2019001HB","HB1901","2019","201902085200020032","Representative",28447,"10",35.071157,-75.188487,185,179,184,13-MAR-19,"04:43:10",35.0367,75.1983,281,13-MAR-19,"03:49","0020","SBE-911+","V",24.41,36.262,15.29,36.002,96,2.12,".9",0,4.3,272
"2019001HB","HB1901","2019","201902085100030033","Non-Representative",28379,"10",35.265612,-75.055848,79,78,79,13-MAR-19,"07:01:01",35.2333,75.085,86,13-MAR-19,"06:38","0021","SBE-911+","V",24.12,36.267,22.16,36.276,7,2.41,".38",1,6.8,82
"2019001HB","HB1901","2019","201902016300010034","Representative",28416,"10",35.581545,-74.797333,126,116,120,13-MAR-19,"10:35:30",35.565,74.815,100,13-MAR-19,"10:08","0022","SBE-911+","V",16.95,34,15.35,35.158,26,1.32,".46",0,7.5,93
"2019001HB","HB1901","2019","201902016200010037","Representative",28484,"10",35.861398,-74.904182,86,87,87,13-MAR-19,"18:04:23",35.8483,74.9133,83,13-MAR-19,"17:41","0023","SBE-911+","W",9.04,33.886,8.91,33.941,3,0.9,".39",1,9.4,77
"2019001HB","HB1901","2019","201902016100020038","Representative",28224,"10",35.905938,-74.995168,50,53,51,13-MAR-19,"19:47:00",35.895,75.005,49,13-MAR-19,"19:28","0024","SBE-911+","V",9.2,33.876,8.92,33.881,1,0.81,".32",1,9.7,41
"2019001HB","HB1901","2019","201902016300030039","Representative",28459,"10",35.961408,-74.81678,126,128,126,13-MAR-19,"22:14:34",35.9433,74.8167,168,13-MAR-19,"21:47","0025","SBE-911+","V",10.45,34.011,11.74,34.883,42,1.09,".46",0,8,164
"2019001HB","HB1901","2019","201902016400010040","Non-Representative",28206,"10",35.938133,-74.80144,329,321,323,14-MAR-19,"00:34:35",35.8983,74.8167,366,13-MAR-19,"23:36","0026","SBE-911+","V",10.88,34.304,8.63,35.162,37,2.5,".98",1,4.7,365
"2019001HB","HB1901","2019","201902016300020041","Representative",28453,"10",36.161765,-74.790502,152,153,152,14-MAR-19,"03:09:10",36.1333,74.79,184,14-MAR-19,"02:30","0027","SBE-911+","V",9.55,34.112,11.64,34.926,32,1.71,".65",0,7.6,177
"2019001HB","HB1901","2019","201902016200020042","Representative",28291,"10",36.192008,-74.83799,93,97,95,14-MAR-19,"06:21:40",36.175,74.85,90,14-MAR-19,"06:00","0028","SBE-911+","V",8.9,33.875,10.95,34.699,3,1.18,".36",1,8.2,84
"2019001HB","HB1901","2019","201902016400030043","Representative",28439,"10",36.267508,-74.780892,212,202,207,14-MAR-19,"08:12:45",36.2433,74.7733,220,14-MAR-19,"07:34","0029","SBE-911+","V",9.2,34.081,12.08,35.157,8,1.5,".65",1,6.8,214
"2019001HB","HB1901","2019","201902016200030044","Representative",28263,"10",36.449,-74.819167,77,75,76,14-MAR-19,"11:53:01",36.465,74.81,79,14-MAR-19,"11:35","0030","SBE-911+","V",8.18,33.69,10.19,34.441,2,1.06,".3",1,8.9,75
"2019001HB","HB1901","2019","201902016600010046","Representative",28533,"10",36.645717,-74.73537,93,91,92,14-MAR-19,"18:00:41",36.6283,74.7333,96,14-MAR-19,"17:29","0031","SBE-911+","W",10.1,34.284,10.64,34.614,3,1.05,".53",1,8.6,90
"2019001HB","HB1901","2019","201902016700020047","Representative",28279,"10",36.660135,-74.706625,131,135,133,14-MAR-19,"23:38:41",36.6433,74.7133,141,14-MAR-19,"23:14","0032","SBE-911+","V",10.45,34.261,11.4,34.874,10,1.06,".41",1,7.9,135
"2019001HB","HB1901","2019","201902016600030048","Representative",28345,"10",36.926468,-74.693663,85,87,86,15-MAR-19,"02:04:04",36.9067,74.7,85,15-MAR-19,"01:44","0033","SBE-911+","V",10.98,34.532,10.89,34.659,0,1.23,".33",1,8.6,82
"2019001HB","HB1901","2019","201902016700030049","Representative",28496,"10",37.001903,-74.62503,146,146,145,15-MAR-19,"04:22:58",36.9833,74.625,204,15-MAR-19,"03:56","0034","SBE-911+","V",10.01,34.328,,,58,1.12,".45",0,5.3,191
"2019001HB","HB1901","2019","201902016700010050","Representative",28396,"10",37.19394,-74.559348,127,129,128,15-MAR-19,"06:44:42",37.1783,74.5683,122,15-MAR-19,"06:20","0035","SBE-911+","V",9.52,34.127,11.8,34.964,5,1.03,".41",1,7.5,117
"2019001HB","HB1901","2019","201902016800010051","Representative",28446,"10",37.218115,-74.517262,248,250,247,15-MAR-19,"08:56:58",37.2467,74.5117,263,15-MAR-19,"08:15","0036","SBE-911+","W",9.57,34.087,11.51,35.447,15,1.74,".7",1,4.6,253
"2019001HB","HB1901","2019","201902016600020052","Representative",28433,"10",37.179575,-74.645043,88,88,88,15-MAR-19,"10:46:15",37.19,74.6317,89,15-MAR-19,"10:25","0037","SBE-911+","V",8.45,33.564,10.57,34.62,1,0.89,".35",1,8.2,82
"2019001HB","HB1901","2019","201902016500080057","Representative",28663,"10",37.08231,-75.324248,31,30,30,15-MAR-19,"21:52:50",37.09,75.3083,31,15-MAR-19,"21:37","0038","SBE-911+","V",7.34,31.903,7.06,32.781,0,0.89,".26",1,9.7,28
"2019001HB","HB1901","2019","201902033800030058","Representative",28500,"10",37.099468,-75.598603,21,23,22,16-MAR-19,"00:16:35",37.1117,75.59,21,15-MAR-19,"23:56","0039","SBE-911+","V",8.29,26.868,6.79,32.056,0,0.84,".34",1,9.8,15
"2019001HB","HB1901","2019","201902033500010060","Representative",28313,"10",37.366555,-75.452357,29,29,29,16-MAR-19,"04:33:47",37.375,75.45,29,16-MAR-19,"04:20","0040","SBE-911+","V",7.17,30.484,6.69,32.03,0,0.52,".23",1,9.9,21
"2019001HB","HB1901","2019","201902016500050064","Representative",28289,"10",37.760335,-74.97798,37,37,37,16-MAR-19,"12:18:42",37.745,74.995,35,16-MAR-19,"11:53","0041","SBE-911+","W",6.55,30.952,6.84,32.894,2,1.23,".43",1,10.1,29
"2019001HB","HB1901","2019","201902033200010065","Representative",28253,"10",37.958197,-75.008488,27,24,25,16-MAR-19,"14:22:03",37.9567,74.9917,27,16-MAR-19,"14:06","0042","SBE-911+","V",6.08,31.358,6.32,32.622,0,0.8,".27",1,9.9,20
"2019001HB","HB1901","2019","201902032900010066","Representative",28504,"10",38.107197,-74.97202,22,22,22,16-MAR-19,"16:21:53",38.0967,74.975,21,16-MAR-19,"16:06","0043","SBE-911+","V",6.23,30.703,6.23,32.45,1,0.65,".26",1,10,19
"2019001HB","HB1901","2019","201902016900040067","Representative",28190,"10",37.932533,-74.496005,54,54,54,16-MAR-19,"19:46:03",37.9233,74.5067,54,16-MAR-19,"19:28","0044","SBE-911+","V",7.26,32.966,8.2,33.835,0,0.75,".3",1,9.5,50
"2019001HB","HB1901","2019","201902017000030068","Representative",28340,"10",37.633348,-74.436045,71,70,70,16-MAR-19,"22:46:56",37.6217,74.4283,77,16-MAR-19,"22:28","0045","SBE-911+","V",7.49,33.067,8.92,34.099,6,0.79,".32",1,9,74
"2019001HB","HB1901","2019","201902016800020069","Non-Representative",28412,"10",37.448,-74.495333,288,293,297,17-MAR-19,"01:15:33",37.4717,74.5033,287,17-MAR-19,"00:36","0046","SBE-911+","V",8.15,33.298,11.42,35.409,1,1.47,".66",1,4.9,286
"2019001HB","HB1901","2019","201902016800030070","Representative",28513,"10",37.498828,-74.350163,222,225,222,17-MAR-19,"05:01:13",37.4617,74.3367,740,17-MAR-19,"04:02","0047","SBE-911+","V",8.08,33.401,,,518,2.32,".99",0,6.6,505
"2019001HB","HB1901","2019","201902017200030071","Non-Representative",28275,"10",37.530595,-74.320362,247,233,240,17-MAR-19,"07:09:40",37.5533,74.3067,305,17-MAR-19,"06:31","0048","SBE-911+","V",8.25,33.457,8.8,35.195,58,1.51,".64",0,4.8,304
"2019001HB","HB1901","2019","201902017100030072","Representative",28366,"10",37.860228,-74.134343,142,139,141,17-MAR-19,"10:48:39",37.8417,74.1417,144,17-MAR-19,"10:21","0049","SBE-911+","V",8.91,33.976,12.63,35.518,2,1.17,".46",1,5.2,137
"2019001HB","HB1901","2019","201902017000010073","Representative",28351,"10",37.914818,-74.25844,74,76,75,17-MAR-19,"12:46:22",37.905,74.2683,73,17-MAR-19,"12:26","0050","SBE-911+","V",8.49,33.851,9.52,34.276,1,0.75,".34",1,8.6,66
"2019001HB","HB1901","2019","201902017000050074","Representative",28346,"10",37.993362,-74.123222,105,105,105,17-MAR-19,"14:31:57",37.985,74.1367,103,17-MAR-19,"14:11","0051","SBE-911+","W",8.15,33.715,10.77,34.738,2,0.81,".35",1,7,98
"2019001HB","HB1901","2019","201902017200020077","Representative",28338,"10",38.369385,-73.576595,222,242,231,17-MAR-19,"21:56:03",38.3433,73.575,207,17-MAR-19,"20:54","0053","SBE-911+","V",9.92,34.355,11.97,35.422,15,1.57,"1.03",1,5.6,204
"2019001HB","HB1901","2019","201902017200010078","Representative",28480,"10",38.380413,-73.437302,258,253,258,18-MAR-19,"00:37:54",38.37,73.4717,500,17-MAR-19,"23:49","0054","SBE-911+","V",8.99,34.02,,,242,1.74,".81",0,7.1,489
"2019001HB","HB1901","2019","201902017000040080","Representative",28451,"10",38.488758,-73.630643,72,71,72,18-MAR-19,"04:34:10",38.485,73.61,75,18-MAR-19,"04:17","0055","SBE-911+","V",7.94,33.639,9.14,34.123,3,1,".29",1,8.7,72
"2019001HB","HB1901","2019","201902017400040081","Representative",28478,"10",38.64406,-73.564003,63,62,63,18-MAR-19,"06:25:55",38.635,73.5483,71,18-MAR-19,"06:10","0056","SBE-911+","W",7.59,33.508,9.25,34.183,8,0.92,".27",1,8.1,67
"2019001HB","HB1901","2019","201902017400050082","Representative",28162,"10",38.742108,-73.575258,66,63,64,18-MAR-19,"07:52:31",38.7283,73.5617,66,18-MAR-19,"07:36","0057","SBE-911+","V",7.28,33.373,7.62,33.663,0,1.04,".28",1,9.1,62
"2019001HB","HB1901","2019","201902017300060083","Representative",28186,"10",38.918243,-73.56563,53,53,52,18-MAR-19,"09:55:05",38.9317,73.5583,52,18-MAR-19,"09:40","0058","SBE-911+","V",6.62,32.963,7.02,33.424,1,0.88,".25",1,9.7,47
"2019001HB","HB1901","2019","201902017600020088","Representative",28400,"10",38.515855,-73.27595,227,235,228,18-MAR-19,"19:31:56",38.5017,73.2983,214,18-MAR-19,"18:58","0059","SBE-911+","V",9.96,34.291,11.67,35.473,13,1.35,".57",1,4.5,213
"2019001HB","HB1901","2019","201902017600030089","Representative",28363,"10",38.634343,-73.165635,203,214,206,18-MAR-19,"22:25:10",38.61,73.1783,537,18-MAR-19,"20:51","0060","SBE-911+","V",10.44,34.467,,,334,1.58,"1.57",0,6.6,505
"2019001HB","HB1901","2019","201902017500030090","Representative",28167,"10",38.683888,-73.132235,147,148,148,19-MAR-19,"01:04:44",38.69,73.1283,144,18-MAR-19,"23:43","0061","SBE-911+","V",8.58,33.824,12.91,35.5,3,0.41,"1.36",1,6.3,142
"2019001HB","HB1901","2019","201902017600010091","Representative",28231,"10",38.726903,-73.041133,251,246,250,19-MAR-19,"03:12:35",38.7533,73.0283,271,19-MAR-19,"02:33","0062","SBE-911+","V",8.36,33.762,10.09,35.302,20,1.7,".66",1,4.4,270
"2019001HB","HB1901","2019","201902017500020093","Representative",28393,"10",39.072687,-72.81808,116,117,117,19-MAR-19,"08:36:58",39.0533,72.8267,117,19-MAR-19,"08:13","0063","SBE-911+","W",7.72,33.529,12.16,35.165,1,1.23,".4",1,6.8,113
"2019001HB","HB1901","2019","201902017500010094","Non-Representative",28380,"10",39.211025,-72.749583,118,113,114,19-MAR-19,"10:23:36",39.1917,72.7467,120,19-MAR-19,"09:59","0064","SBE-911+","V",8.13,33.689,12.55,35.201,2,1.17,".41",1,7,116
"2019001HB","HB1901","2019","201902010400020097","Representative",28318,"10",39.33036,-72.294292,222,223,222,19-MAR-19,"17:14:12",39.2983,72.2917,285,19-MAR-19,"16:24","0065","SBE-911+","V",7.63,33.515,8.8,35.191,63,1.93,".84",0,4.8,284
"2019001HB","HB1901","2019","201902010400030098","Representative",28415,"10",39.517728,-72.26964,202,188,201,19-MAR-19,"20:04:27",39.5167,72.3,309,19-MAR-19,"19:27","0066","SBE-911+","V",7.13,33.341,9.15,35.222,107,1.41,".62",0,4.7,308
"2019001HB","HB1901","2019","201902010300040099","Representative",28467,"10",39.5207,-72.203378,154,153,152,19-MAR-19,"22:44:19",39.5033,72.21,256,19-MAR-19,"22:13","0067","SBE-911+","V",7.45,33.363,10.92,35.388,102,1.09,".52",0,4.4,253
"2019001HB","HB1901","2019","201902010300010100","Representative",28225,"10",39.63893,-72.191523,124,123,124,20-MAR-19,"00:46:36",39.6267,72.1967,126,20-MAR-19,"00:27","0068","SBE-911+","V",6.69,33.09,13.33,35.395,2,0.77,".33",1,6.6,122
"2019001HB","HB1901","2019","201902010200030101","Representative",28262,"10",39.909567,-72.074425,89,88,88,20-MAR-19,"03:10:39",39.9,72.0833,88,20-MAR-19,"02:56","0069","SBE-911+","V",6.08,32.909,11.07,34.647,1,0.71,".24",1,6.9,85
"2019001HB","HB1901","2019","201902010300030102","Representative",28169,"10",39.876422,-71.921933,127,129,128,20-MAR-19,"04:50:56",39.8933,71.9117,124,20-MAR-19,"04:32","0070","SBE-911+","V",6.74,33.265,13.1,35.356,3,1.12,".32",1,7.2,119
"2019001HB","HB1901","2019","201902010400010103","Representative",28184,"10",39.830915,-71.82076,191,192,191,20-MAR-19,"07:09:17",39.8133,71.845,188,20-MAR-19,"06:34","0071","SBE-911+","V",8.14,33.773,13.06,35.559,3,1.54,".59",1,6.1,185
"2019001HB","HB1901","2019","201902010700020104","Representative",28445,"10",39.941178,-71.628438,118,117,117,20-MAR-19,"09:11:01",39.9383,71.6517,119,20-MAR-19,"08:44","0072","SBE-911+","W",6.42,33.183,13.18,35.553,1,1.09,".45",1,6.2,115
"2019001HB","HB1901","2019","201902010500020113","Representative",28370,"10",41.00076,-71.289693,46,48,48,26-MAR-19,"21:45:21",41.0033,71.32,48,26-MAR-19,"20:36","0073","SBE-911+","V",5.54,31.708,6.17,33.046,2,1.38,"1.16",1,9.2,41
"2019001HB","HB1901","2019","201902010600030114","Representative",28356,"10",40.608418,-71.290057,64,65,65,27-MAR-19,"01:16:30",40.6317,71.2983,62,27-MAR-19,"00:48","0074","SBE-911+","V",5.19,32.355,4.7,32.737,2,1.45,".48",1,9.6,58
"2019001HB","HB1901","2019","201902010600080115","Representative",28244,"10",40.644695,-71.356098,63,61,63,27-MAR-19,"02:56:26",40.625,71.355,65,27-MAR-19,"02:31","0075","SBE-911+","W",5.17,32.379,4.75,32.775,2,1.18,".42",1,9.5,61
"2019001HB","HB1901","2019","201902010200070117","Representative",28179,"10",40.216403,-72.453967,61,60,61,27-MAR-19,"10:42:45",40.2083,72.4333,62,27-MAR-19,"10:27","0076","SBE-911+","V",5.97,32.762,6.41,33.014,1,1.07,".26",1,9.2,59
"2019001HB","HB1901","2019","201902010100060118","Representative",28405,"10",40.421337,-72.639373,46,47,47,27-MAR-19,"13:09:57",40.4233,72.6533,46,27-MAR-19,"12:51","0077","SBE-911+","W",5.56,32.47,5.62,32.539,0,0.65,".32",1,9.8,39
"2019001HB","HB1901","2019","201902010200020123","Representative",28221,"10",39.608995,-72.930963,63,63,62,28-MAR-19,"03:07:55",39.6167,72.9117,64,28-MAR-19,"02:48","0078","SBE-911+","W",6.75,33.136,7.58,33.521,1,1,".33",1,8.8,61
"2019001HB","HB1901","2019","201902010100020124","Representative",28197,"10",39.543782,-73.095765,48,45,46,28-MAR-19,"04:44:46",39.5517,73.0817,50,28-MAR-19,"04:30","0079","SBE-911+","V",7.01,33.278,6.94,33.28,2,0.81,".25",1,9.5,43
"2019001HB","HB1901","2019","201902016900030129","Representative",28497,"10",38.628567,-74.164885,51,52,52,28-MAR-19,"17:20:25",38.64,74.1683,48,28-MAR-19,"17:04","0080","SBE-911+","W",6.8,32.945,6.76,32.978,3,0.71,".27",1,9.6,44
"2019001HB","HB1901","2019","201902016900070130","Representative",28505,"10",38.506272,-74.596385,33,29,31,28-MAR-19,"20:19:05",38.5183,74.6,31,28-MAR-19,"20:06","0081","SBE-911+","V",7.03,32.218,,,2,0.74,".22",0,9.9,13
"2019001HB","HB1901","2019","201902032900030131","Representative",28201,"10",38.469225,-74.808278,25,24,24,28-MAR-19,"22:26:04",38.48,74.8,25,28-MAR-19,"22:12","0082","SBE-911+","V",6.93,31.274,6.45,31.807,0,0.76,".23",1,9.8,22
"2019001HB","HB1901","2019","201902032900020132","Representative",28208,"10",38.458117,-74.892473,18,18,18,28-MAR-19,"23:39:56",38.4483,74.8983,15,28-MAR-19,"23:28","0083","SBE-911+","V",7.35,29.099,6.59,31.433,3,0.65,".2",1,10.1,11
"2019001HB","HB1901","2019","201902032600010133","Representative",28493,"10",38.51374,-74.849873,22,23,22,29-MAR-19,"00:52:35",38.5,74.85,22,29-MAR-19,"00:36","0084","SBE-911+","V",7.2,31.246,6.43,31.426,0,0.83,".28",1,10.1,19
"2019001HB","HB1901","2019","201902032600030134","Representative",28170,"10",38.668972,-74.820755,18,15,17,29-MAR-19,"02:41:06",38.6517,74.8233,26,29-MAR-19,"02:21","0085","SBE-911+","V",6.88,30.417,6.36,31.55,8,1.04,".33",0,10,23
"2019001HB","HB1901","2019","201902032600020136","Representative",28507,"10",38.743395,-74.779203,18,19,17,29-MAR-19,"05:43:55",38.7433,74.765,20,29-MAR-19,"05:30","0086","SBE-911+","V",6.53,31.221,6.56,31.276,2,0.67,".23",1,10.1,16
"2019001HB","HB1901","2019","201902032300020140","Representative",28202,"10",39.119435,-74.41373,25,26,26,29-MAR-19,"12:40:22",39.1117,74.4233,24,29-MAR-19,"12:32","0087","SBE-911+","V",6.26,31.557,6.09,31.841,1,0.64,".14",1,10,19
"2019001HB","HB1901","2019","201902032300010141","Representative",28485,"10",39.155267,-74.210265,26,26,27,29-MAR-19,"14:05:31",39.1467,74.2217,23,29-MAR-19,"13:57","0088","SBE-911+","V",6.18,31.715,6.02,31.737,3,0.74,".14",1,10.1,17
"2019001HB","HB1901","2019","201902032000040142","Representative",28392,"10",39.201803,-74.24774,24,25,25,29-MAR-19,"15:04:50",39.1933,74.2433,22,29-MAR-19,"14:58","0089","SBE-911+","V",6.18,31.648,6.15,31.646,2,0.55,".11",1,10.2,15
"2019001HB","HB1901","2019","201902032000020144","Representative",28528,"10",39.433095,-74.046243,26,26,26,29-MAR-19,"18:43:32",39.4417,74.0467,25,29-MAR-19,"18:30","0090","SBE-911+","W",6.6,30.972,5.79,31.398,1,0.52,".23",1,9.9,20
"2019001HB","HB1901","2019","201902032000010145","Representative",28457,"10",39.584855,-74.026458,25,23,24,29-MAR-19,"20:28:39",39.5733,74.03,24,29-MAR-19,"20:16","0091","SBE-911+","V",6.68,30.848,5.69,31.321,1,0.71,".21",1,9.9,22
"2019001HB","HB1901","2019","201902031400010150","Representative",28222,"10",40.24348,-73.911422,23,23,23,30-MAR-19,"05:05:30",40.2333,73.915,22,30-MAR-19,"04:57","0092","SBE-911+","V",5.84,31.161,5.51,32.026,1,0.63,".14",1,10,14
"2019001HB","HB1901","2019","201902010100070151","Representative",28181,"10",40.229637,-73.682522,35,34,34,30-MAR-19,"07:01:19",40.22,73.6717,36,30-MAR-19,"06:51","0093","SBE-911+","V",6.11,30.817,5.58,32.517,1,0.76,".17",1,9.1,31
"2019001HB","HB1901","2019","201902031400020152","Representative",28185,"10",40.334487,-73.671695,27,27,27,30-MAR-19,"08:48:00",40.325,73.6633,26,30-MAR-19,"08:36","0094","SBE-911+","W",6.12,30.313,5.42,32.041,1,0.69,".2",1,9.3,21
"2019001HB","HB1901","2019","201902031100010153","Representative",28372,"10",40.44659,-73.645398,23,22,22,30-MAR-19,"10:16:17",40.4467,73.66,24,30-MAR-19,"10:06","0095","SBE-911+","V",5.94,29.957,5.53,32.193,1,0.67,".17",1,9.4,19
"2019001HB","HB1901","2019","201902031100030154","Representative",28382,"10",40.442108,-73.59351,23,25,24,30-MAR-19,"11:17:33",40.44,73.6067,25,30-MAR-19,"11:07","0096","SBE-911+","V",6.26,29.536,5.45,32.068,2,0.62,".18",1,9.3,21
"2019001HB","HB1901","2019","201902031100020155","Representative",28168,"10",40.42811,-73.418365,26,27,26,30-MAR-19,"12:41:13",40.4283,73.4333,27,30-MAR-19,"12:31","0097","SBE-911+","V",6.08,30.767,5.49,32.324,1,0.68,".17",1,10.2,23
"2019001HB","HB1901","2019","201902030800010156","Representative",28430,"10",40.537592,-73.115568,27,28,28,30-MAR-19,"14:35:42",40.5333,73.1267,28,30-MAR-19,"14:26","0098","SBE-911+","V",5.51,31.447,4.82,31.758,1,0.57,".16",1,9.7,24
"2019001HB","HB1901","2019","201902030800030157","Representative",28355,"10",40.571922,-73.047758,26,26,25,30-MAR-19,"15:35:39",40.565,73.0583,27,30-MAR-19,"15:28","0099","SBE-911+","V",5.36,31.434,4.82,31.94,1,0.64,".13",1,9.4,23
"2019001HB","HB1901","2019","201902030500010161","Representative",28301,"10",40.914585,-72.073583,31,29,30,30-MAR-19,"23:11:02",40.9083,72.0867,29,30-MAR-19,"23:00","0100","SBE-911+","V",5.76,31.521,5.23,31.904,2,0.71,".18",1,9.9,24
"2019001HB","HB1901","2019","201902010500010162","Representative",28495,"10",40.840995,-71.98111,44,40,41,31-MAR-19,"01:04:49",40.8567,71.98,39,31-MAR-19,"00:46","0101","SBE-911+","V",5.59,31.743,5.58,32.56,5,0.94,".31",1,9,36
"2019001HB","HB1901","2019","201902030200030164","Representative",28358,"10",40.94105,-71.968763,29,28,29,31-MAR-19,"03:51:25",40.9317,71.9783,29,31-MAR-19,"03:42","0102","SBE-911+","V",5.77,30.772,5.41,31.719,0,0.71,".16",1,9.5,24
"2019001HB","HB1901","2019","201902030200020165","Representative",28385,"10",41.020298,-71.7674,27,27,27,31-MAR-19,"05:27:56",41.0117,71.7783,28,31-MAR-19,"05:18","0103","SBE-911+","V",5.56,30.204,5.84,31.864,1,0.71,".17",1,9.2,23
"2019001HB","HB1901","2019","201902030200010166","Representative",28163,"10",41.089685,-71.633247,36,37,37,31-MAR-19,"06:48:22",41.0917,71.65,35,31-MAR-19,"06:38","0104","SBE-911+","W",5.69,30.381,5.64,31.931,1,0.77,".17",1,9.7,31
"2019001HB","HB1901","2019","201902010700040169","Representative",28388,"10",40.127365,-71.261828,117,117,117,31-MAR-19,"17:13:52",40.1417,71.25,115,31-MAR-19,"16:45","0105","SBE-911+","V",7.24,33.234,12.91,35.363,2,1.02,".48",1,7.3,112
"2019001HB","HB1901","2019","201902010800020170","Representative",28272,"10",40.062512,-71.148583,201,201,201,31-MAR-19,"19:02:29",40.06,71.1833,199,31-MAR-19,"18:33","0106","SBE-911+","W",8.2,33.532,12.51,35.499,2,1.6,".49",1,5.6,196
"2019001HB","HB1901","2019","201902010700030173","Representative",28328,"10",40.152837,-70.735688,129,129,129,01-APR-19,"02:46:01",40.1483,70.76,130,01-APR-19,"02:20","0107","SBE-911+","V",6.55,33.038,12.82,35.3,1,1.15,".43",1,7.2,128
"2019001HB","HB1901","2019","201902010700010174","Representative",28285,"10",40.2045,-70.552167,120,118,118,01-APR-19,"04:34:56",40.1933,70.565,120,01-APR-19,"04:13","0108","SBE-911+","V",6.38,33.035,11.82,35.004,0,0.89,".37",1,6.8,113
"2019001HB","HB1901","2019","201902010600060175","Representative",28460,"10",40.486348,-70.673363,76,75,76,01-APR-19,"11:48:07",40.4967,70.705,75,01-APR-19,"12:52","0109","SBE-911+","V",4.64,32.499,4.81,32.876,1,1.57,"1.06",1,9.9,69
"2019001HB","HB1901","2019","201902010800010176","Representative",28407,"10",40.031023,-70.555825,198,181,188,01-APR-19,"23:07:27",40.0267,70.5317,234,01-APR-19,"22:34","0110","SBE-911+","W",6.08,33.024,11.39,35.441,36,1.14,".56",0,4.4,233
"2019001HB","HB1901","2019","201902011100020177","Representative",28403,"10",40.082308,-70.445578,165,164,163,02-APR-19,"01:43:29",40.08,70.4233,168,02-APR-19,"01:05","0111","SBE-911+","V",5.86,32.95,13.24,35.576,3,1.03,".64",1,6.1,164
"2019001HB","HB1901","2019","201902011100010178","Representative",28315,"10",40.065047,-69.859665,126,124,125,02-APR-19,"05:33:55",40.0567,69.8433,131,02-APR-19,"05:12","0112","SBE-911+","W",5.72,32.911,12.98,35.559,5,0.9,".37",1,5.6,128
"2019001HB","HB1901","2019","201902011100040179","Representative",28165,"10",39.978697,-69.766238,141,139,140,02-APR-19,"07:54:19",39.9833,69.7883,142,02-APR-19,"07:30","0113","SBE-911+","V",5.94,32.935,12.94,35.55,1,1.05,".41",1,6.5,137
"2019001HB","HB1901","2019","201902011200020180","Representative",28259,"10",39.945907,-69.575267,206,202,202,02-APR-19,"10:25:27",39.9317,69.5433,235,02-APR-19,"09:51","0114","SBE-911+","V",6.09,32.923,11.4,35.436,29,1.7,".57",1,4.8,232
"2019001HB","HB1901","2019","201902011200030181","Representative",28256,"10",39.931328,-69.4763,243,250,246,02-APR-19,"12:44:13",39.9333,69.44,228,02-APR-19,"12:02","0115","SBE-911+","V",5.89,32.896,10.57,35.345,15,1.68,".7",1,4.5,227
"2019001HB","HB1901","2019","201902011200010182","Representative",28360,"10",40.004488,-69.218912,208,207,209,02-APR-19,"15:43:13",39.9833,69.235,267,02-APR-19,"15:08","0116","SBE-911+","V",6.02,32.712,10.54,35.34,59,1.47,".59",0,4.6,266
"2019001HB","HB1901","2019","201902034500020186","Representative",28160,"10",41.39152,-71.142633,23,25,24,04-APR-19,"06:03:23",41.4167,71.1133,22,04-APR-19,"04:19","0118","SBE-911+","V",5.58,31.68,5.58,31.704,1,2.01,"1.74",1,10.2,16
"2019001HB","HB1901","2019","201902034500040185","Non-Representative",28160,"10",41.41907,-71.097608,21,21,21,04-APR-19,"04:33:07",41.4167,71.1133,22,04-APR-19,"04:19","0118","SBE-911+","V",5.58,31.68,5.58,31.704,1,0.72,".24",1,10.2,16
"2019001HB","HB1901","2019","201902034500030187","Representative",28359,"10",41.359213,-71.031297,25,26,26,04-APR-19,"07:12:59",41.3717,71.035,22,04-APR-19,"07:02","0119","SBE-911+","V",5.64,31.635,5.63,31.674,3,0.77,".18",1,10.2,17
"2019001HB","HB1901","2019","201902034600020188","Non-Representative",28518,"10",41.18845,-70.852615,25,25,25,04-APR-19,"10:01:26",41.1833,70.865,26,04-APR-19,"09:50","0120","SBE-911+","V",5.55,31.981,5.56,31.98,1,0.64,".19",1,10,19
"2019001HB","HB1901","2019","201902034600070189","Non-Representative",28518,"10",41.202305,-70.841065,24,25,24,04-APR-19,"10:48:39",41.1833,70.865,26,04-APR-19,"09:50","0120","SBE-911+","V",5.55,31.981,5.56,31.98,2,1.57,".98",1,10,19
"2019001HB","HB1901","2019","201902034600050191","Representative",28538,"10",41.23651,-70.675418,28,29,29,04-APR-19,"14:53:54",41.2333,70.6617,29,04-APR-19,"14:23","0121","SBE-911+","V",5.44,31.987,5.41,31.99,1,0.65,".51",1,10.2,23
"2019001HB","HB1901","2019","201902034600030192","Representative",28284,"10",41.265928,-70.633127,28,27,28,04-APR-19,"16:24:35",41.2717,70.6233,27,04-APR-19,"16:12","0122","SBE-911+","V",5.45,31.878,5.43,31.879,1,0.56,".21",1,10.2,24
"2019001HB","HB1901","2019","201902010900020196","Representative",28281,"10",40.952625,-70.312022,41,43,42,05-APR-19,"01:25:10",40.9483,70.295,40,05-APR-19,"01:00","0123","SBE-911+","W",5.05,32.095,5.04,32.092,1,0.81,".42",1,10.1,33
"2019001HB","HB1901","2019","201902011000070201","Representative",28471,"10",40.350167,-69.828202,79,80,80,12-APR-19,"09:13:56",40.3517,69.8033,78,12-APR-19,"08:53","0124","SBE-911+","W",6.03,32.8,5.57,32.862,1,1.14,".35",1,10.4,75
"2019001HB","HB1901","2019","201902011000030204","Representative",28438,"10",40.524167,-69.57989,67,67,67,12-APR-19,"16:24:18",40.5117,69.6033,68,12-APR-19,"15:04","0125","SBE-911+","V",5.84,32.834,5.62,32.835,1,1.31,"1.34",1,11.1,65
"2019001HB","HB1901","2019","201902011000020206","Representative",28303,"10",40.490798,-69.288402,72,73,72,12-APR-19,"20:03:14",40.4883,69.2533,74,12-APR-19,"18:39","0126","SBE-911+","V",6.03,32.824,5.79,32.844,2,1.61,"1.4",1,10.1,66
"2019001HB","HB1901","2019","201902011000100205","Non-Representative",28303,"10",40.490022,-69.275662,73,71,72,12-APR-19,"19:01:33",40.4883,69.2533,74,12-APR-19,"18:39","0126","SBE-911+","V",6.03,32.824,5.79,32.844,1,1.03,".38",1,10.1,66
"2019001HB","HB1901","2019","201902010900010207","Representative",28304,"10",40.7255,-69.304833,60,59,59,12-APR-19,"22:10:55",40.7083,69.315,47,12-APR-19,"21:55","0127","SBE-911+","W",5.59,32.785,5.57,32.784,13,1.13,".27",0,10.7,39
"2019001HB","HB1901","2019","201902011400030211","Representative",28429,"10",40.246688,-68.6761,116,119,117,13-APR-19,"08:12:57",40.2567,68.65,113,13-APR-19,"07:46","0128","SBE-911+","V",5.32,32.407,9.63,34.417,3,1.34,".45",1,7.5,110
"2019001HB","HB1901","2019","201902011500010212","Representative",28367,"10",40.25696,-68.30265,221,220,219,13-APR-19,"11:37:12",40.235,68.3183,232,13-APR-19,"11:03","0129","SBE-911+","W",7.72,33.256,11.42,35.435,11,1.5,".57",1,4.8,229
"2019001HB","HB1901","2019","201902011400040213","Representative",28399,"10",40.315593,-68.321088,144,139,142,13-APR-19,"13:11:24",40.31,68.2967,150,13-APR-19,"12:45","0130","SBE-911+","V",8.04,33.336,12.77,35.542,6,1.17,".44",1,6,146
"2019001HB","HB1901","2019","201902012300060218","Representative",28332,"10",41.20727,-68.872972,98,97,98,14-APR-19,"02:29:59",41.2117,68.8417,94,14-APR-19,"02:01","0131","SBE-911+","V",6.03,32.957,5.6,32.943,4,1.44,".48",1,10.1,86
"2019001HB","HB1901","2019","201902012300030219","Representative",28257,"10",41.129417,-68.953248,100,97,99,14-APR-19,"04:11:01",41.145,68.9383,101,14-APR-19,"03:51","0132","SBE-911+","V",5.86,32.876,5.66,32.952,1,1.15,".33",1,10.2,97
"2019001HB","HB1901","2019","201902012400020220","Representative",28294,"10",41.260373,-69.079313,154,153,153,14-APR-19,"06:36:20",41.2683,69.105,149,14-APR-19,"06:12","0133","SBE-911+","V",5.41,32.708,5.44,33.012,5,1.25,".41",1,9.7,146
"2019001HB","HB1901","2019","201902012500030221","Representative",28258,"10",41.102347,-69.27321,58,61,59,14-APR-19,"10:27:18",41.115,69.2767,56,14-APR-19,"10:14","0134","SBE-911+","W",5.33,32.737,5.34,32.744,2,0.78,".22",1,10.5,52
"2019001HB","HB1901","2019","201902012500040222","Non-Representative",28521,"10",41.166373,-69.3734,50,50,50,14-APR-19,"13:49:30",41.1767,69.3833,49,14-APR-19,"13:25","0135","SBE-911+","V",5.28,32.638,5.24,32.643,1,0.77,".41",1,11,44
"2019001HB","HB1901","2019","201902012500110224","Non-Representative",28521,"10",41.201772,-69.40686,46,46,46,14-APR-19,"22:01:42",41.1767,69.3833,49,14-APR-19,"13:25","0135","SBE-911+","V",5.28,32.638,5.24,32.643,3,1.84,"8.61",1,11,44
"2019001HB","HB1901","2019","201902012500110224","Non-Representative",28521,"10",41.201772,-69.40686,46,46,46,14-APR-19,"22:01:42",41.2183,69.4117,47,14-APR-19,"21:40","0136","SBE-911+","V",5.33,32.621,5.32,32.623,1,1.02,".36",1,11.5,41
"2019001HB","HB1901","2019","201902012500040222","Non-Representative",28521,"10",41.166373,-69.3734,50,50,50,14-APR-19,"13:49:30",41.2183,69.4117,47,14-APR-19,"21:40","0136","SBE-911+","V",5.33,32.621,5.32,32.623,3,3.57,"7.84",0,11.5,41
"2019001HB","HB1901","2019","201902012300050225","Representative",28423,"10",41.422333,-69.2965,113,110,111,15-APR-19,"00:50:14",41.4433,69.285,95,15-APR-19,"00:27","0137","SBE-911+","V",5.47,32.488,5.19,32.796,18,1.36,".39",0,10.1,87
"2019001HB","HB1901","2019","201902012500020226","Representative",28515,"10",41.441833,-69.586667,30,30,30,15-APR-19,"05:04:21",41.4533,69.6017,29,15-APR-19,"04:48","0138","SBE-911+","V",5.15,,5.09,32.557,1,0.97,".27",0,8.3,26
"2019001HB","HB1901","2019","201902035600020228","Representative",28426,"10",41.753393,-69.888455,23,23,23,15-APR-19,"13:39:46",41.78,69.8983,23,15-APR-19,"11:54","0139","SBE-911+","W",5.79,32.505,4.98,32.905,0,1.66,"1.76",1,9,19
"2019001HB","HB1901","2019","201902035600010229","Non-Representative",28347,"10",41.89413,-69.924023,26,25,26,15-APR-19,"18:41:36",41.9067,69.925,28,15-APR-19,"18:24","0140","SBE-911+","V",6.27,32.317,5.34,32.681,2,0.76,".29",1,8.3,21
"2019001HB","HB1901","2019","201902012500070230","Non-Representative",28547,"10",41.988638,-69.96103,35,34,35,16-APR-19,"03:01:12",41.975,69.9517,32,16-APR-19,"02:37","0141","SBE-911+","V",5.72,32.133,4.79,32.859,3,0.92,".4",1,7.7,25
"2019001HB","HB1901","2019","201902036000020231","Representative",28287,"10",41.918003,-70.282988,37,38,38,16-APR-19,"12:36:41",41.91,70.2733,35,16-APR-19,"12:19","0142","SBE-911+","V",5.48,32.033,4.78,32.531,2,0.65,".29",1,8.1,31
"2019001HB","HB1901","2019","201902035900030233","Representative",28361,"10",41.857355,-70.270212,30,32,31,16-APR-19,"14:21:27",41.8533,70.2683,29,16-APR-19,"14:04","0143","SBE-911+","V",5.56,32.087,5.54,32.001,1,0.26,".29",1,8.4,26
"2019001HB","HB1901","2019","201902035900020234","Representative",28349,"10",41.832137,-70.252235,23,28,26,16-APR-19,"15:39:41",41.825,70.24,20,16-APR-19,"15:30","0144","SBE-911+","W",6.02,32.018,5.84,32.036,3,0.7,".16",1,7.5,15
"2019001HB","HB1901","2019","201902035900010235","Representative",28290,"10",41.844987,-70.379743,27,27,27,16-APR-19,"17:07:31",41.84,70.365,28,16-APR-19,"16:56","0145","SBE-911+","V",5.86,31.971,5.65,32.067,1,0.72,".19",1,7.7,22
"2019001HB","HB1901","2019","201902036000010236","Representative",28268,"10",41.910453,-70.4141,35,38,37,16-APR-19,"18:19:48",41.8983,70.4167,34,16-APR-19,"18:08","0146","SBE-911+","V",6.21,31.96,5.78,32.132,1,0.74,".2",1,7.7,27
"2019001HB","HB1901","2019","201902036000030237","Representative",28411,"10",41.99123,-70.201145,35,40,37,16-APR-19,"20:29:32",41.9833,70.1817,31,16-APR-19,"20:11","0147","SBE-911+","V",7.68,31.987,5.96,32.65,4,0.99,".31",1,6.9,25
"2019001HB","HB1901","2019","201902035600030238","Representative",28248,"10",42.075435,-70.088683,23,24,24,16-APR-19,"23:18:55",42.0683,70.0717,23,16-APR-19,"23:09","0148","SBE-911+","V",5.72,32.157,5.24,32.356,0,0.87,".17",1,7,17
"2019001HB","HB1901","2019","201902036100020239","Representative",28207,"10",42.17274,-70.12892,52,50,51,17-APR-19,"01:05:58",42.1817,70.1517,43,17-APR-19,"00:43","0149","SBE-911+","V",5.02,32.278,4.75,32.336,9,1.15,".38",1,7.8,35
"2019001HB","HB1901","2019","201902036100040240","Non-Representative",28235,"10",42.060077,-69.985937,57,57,57,17-APR-19,"02:56:18",42.0733,69.995,61,17-APR-19,"02:36","0150","SBE-911+","W",5.02,32.234,4.9,32.235,4,0.89,".34",1,7,55
"2019001HB","HB1901","2019","201902036100010241","Representative",28235,"10",42.057463,-69.982477,56,57,57,17-APR-19,"03:43:49",42.0733,69.995,61,17-APR-19,"02:36","0150","SBE-911+","W",5.02,32.234,4.9,32.235,5,1.1,"1.13",1,7,55
"2019001HB","HB1901","2019","201902012300020242","Representative",28492,"10",41.924492,-69.808977,96,96,96,17-APR-19,"06:19:27",41.91,69.805,98,17-APR-19,"05:54","0151","SBE-911+","V",5,32.366,4.82,32.547,2,0.89,".42",1,10.2,95
"2019001HB","HB1901","2019","201902011300090249","Representative",28381,"10",40.822517,-67.925653,68,66,68,18-APR-19,"06:06:43",40.8333,67.915,66,18-APR-19,"05:37","0152","SBE-911+","V",5.69,32.585,5.66,32.582,2,0.81,".5",1,10.6,63
"2019001HB","HB1901","2019","201902011900030250","Representative",28402,"10",41.253833,-67.846167,41,42,42,18-APR-19,"09:56:31",41.2483,67.8633,33,18-APR-19,"09:36","0153","SBE-911+","V",6.54,32.885,6.55,32.885,8,0.84,".34",1,9.7,27
"2019001HB","HB1901","2019","201902011500030256","Representative",28384,"10",40.460993,-67.294617,255,253,255,19-APR-19,"01:25:50",40.455,67.33,230,19-APR-19,"00:41","0154","SBE-911+","W",6.2,32.561,12.12,35.523,25,1.66,".75",1,5.1,228
"2019001HB","HB1901","2019","201902011300030257","Representative",28401,"10",40.727203,-67.281422,98,98,98,19-APR-19,"04:10:29",40.7067,67.3,99,19-APR-19,"03:40","0155","SBE-911+","V",5.27,32.387,5.99,33.009,1,1.49,".51",1,8.9,92
"2019001HB","HB1901","2019","201902011400020260","Representative",28525,"10",40.77142,-66.853995,116,119,118,19-APR-19,"12:57:05",40.7817,66.86,112,19-APR-19,"12:03","0156","SBE-911+","V",4.92,32.23,10.54,34.667,4,0.68,".9",1,7.4,104
"2019001HB","HB1901","2019","201902011500020261","Representative",28469,"10",40.687217,-66.84679,239,243,242,19-APR-19,"16:02:24",40.7017,66.8133,261,19-APR-19,"15:24","0157","SBE-911+","W",4.93,32.175,12.74,35.573,22,1.76,".64",1,5.3,258
"2019001HB","HB1901","2019","201902011600010265","Representative",28432,"10",40.96258,-66.605322,99,99,98,20-APR-19,"02:27:35",40.9633,66.5217,157,20-APR-19,"01:07","0158","SBE-911+","V",4.65,32.058,10.88,35.275,58,3.79,"1.34",0,5.4,152
"2019001HB","HB1901","2019","201902011700020266","Representative",28171,"10",40.92669,-66.575163,146,145,144,20-APR-19,"04:04:38",40.9383,66.5617,144,20-APR-19,"03:41","0159","SBE-911+","W",4.87,32.117,10.72,34.904,2,0.93,".39",1,6.8,139
"2019001HB","HB1901","2019","201902011600070267","Representative",28210,"10",41.051168,-66.511525,95,95,95,20-APR-19,"06:17:25",41.0617,66.495,100,20-APR-19,"05:57","0160","SBE-911+","V",4.44,31.995,8.69,34.185,5,0.98,".34",1,7.6,96
"2019001HB","HB1901","2019","201902011700010268","Representative",28408,"10",41.165648,-66.32472,152,159,152,20-APR-19,"09:04:35",41.19,66.3067,151,20-APR-19,"08:39","0161","SBE-911+","V",4.12,31.882,10.12,34.62,1,1.67,".43",1,7.4,144
"2019001HB","HB1901","2019","201902011800010269","Representative",28344,"10",41.160733,-66.3129,208,214,205,20-APR-19,"11:04:58",41.19,66.2933,177,20-APR-19,"10:36","0162","SBE-911+","V",4.24,31.959,11.34,35.175,31,1.97,".48",1,6.5,172
"2019001HB","HB1901","2019","201902011700030270","Representative",28419,"10",41.305682,-66.242992,134,136,135,20-APR-19,"14:06:57",41.3233,66.225,134,20-APR-19,"13:38","0163","SBE-911+","V",4.04,31.873,10.27,34.852,0,1.33,".48",1,6.8,129
"2019001HB","HB1901","2019","201902011700040271","Representative",28387,"10",41.432167,-66.167,121,128,125,20-APR-19,"16:26:21",41.4483,66.16,116,20-APR-19,"16:01","0164","SBE-911+","V",4.47,31.965,9.77,34.922,5,1.02,".42",1,6.1,112
"2019001HB","HB1901","2019","201902011600030272","Representative",28532,"10",41.401658,-66.624875,85,86,86,20-APR-19,"20:13:50",41.4267,66.625,82,20-APR-19,"19:52","0165","SBE-911+","V",5.77,32.452,5.29,32.585,3,1.5,".36",1,10.2,79
"2019001HB","HB1901","2019","201902011600110275","Representative",28286,"10",41.75894,-66.426672,78,78,78,21-APR-19,"04:17:05",41.7733,66.4167,80,21-APR-19,"03:50","0166","SBE-911+","V",5.36,32.534,5.37,32.536,2,0.97,".45",1,10.6,73
"2019001HB","HB1901","2019","201902011600130276","Representative",28486,"10",41.6905,-66.359833,84,80,83,21-APR-19,"06:26:16",41.6983,66.345,84,21-APR-19,"06:00","0167","SBE-911+","W",5.28,32.568,5.27,32.569,0,0.81,".44",1,10.2,78
"2019001HB","HB1901","2019","201902011600100277","Representative",28441,"10",41.893763,-66.392182,87,85,86,21-APR-19,"09:30:28",41.9133,66.385,82,21-APR-19,"09:15","0168","SBE-911+","V",5.63,32.479,5.62,32.567,5,1.22,".26",1,10.2,74
"2019001HB","HB1901","2019","201902011800040278","Representative",28473,"10",41.988947,-65.8351,197,180,188,21-APR-19,"15:20:48",41.9867,65.8467,189,21-APR-19,"16:27","0169","SBE-911+","V",3.5,31.535,9.98,35.18,8,0.54,"1.1",1,6,187
"2019001HB","HB1901","2019","201902011800050279","Non-Representative",28177,"10",42.050202,-65.918258,199,195,198,21-APR-19,"18:26:01",42.0717,65.9167,228,21-APR-19,"17:39","0170","SBE-911+","V",3.03,31.477,8.77,35.187,29,1.29,".78",1,6.1,223
"2019001HB","HB1901","2019","201902011800030280","Representative",28177,"10",42.053245,-65.914103,205,203,203,21-APR-19,"22:32:43",42.0717,65.9167,228,21-APR-19,"17:39","0170","SBE-911+","V",3.03,31.477,8.77,35.187,23,1.11,"4.9",1,6.1,223
"2019001HB","HB1901","2019","201902011800050279","Non-Representative",28177,"10",42.050202,-65.918258,199,195,198,21-APR-19,"18:26:01",42.08,65.945,205,21-APR-19,"22:02","0171","SBE-911+","V",5.04,32.08,9.66,35.219,6,2.15,"3.6",1,5.8,200
"2019001HB","HB1901","2019","201902011800030280","Representative",28177,"10",42.053245,-65.914103,205,203,203,21-APR-19,"22:32:43",42.08,65.945,205,21-APR-19,"22:02","0171","SBE-911+","V",5.04,32.08,9.66,35.219,0,2.12,".51",1,5.8,200
"2019001HB","HB1901","2019","201902012900110281","Non-Representative",28325,"10",42.290742,-65.75593,212,211,211,22-APR-19,"01:52:03",42.3033,65.775,210,22-APR-19,"01:10","0172","SBE-911+","V",2.73,31.341,11.14,35.273,2,1.13,".7",1,5.8,207
"2019001HB","HB1901","2019","201902012900090282","Representative",28325,"10",42.294422,-65.760903,210,210,211,22-APR-19,"02:55:46",42.3033,65.775,210,22-APR-19,"01:10","0172","SBE-911+","V",2.73,31.341,11.14,35.273,0,0.82,"1.76",1,5.8,207
"2019001HB","HB1901","2019","201902012900020284","Representative",28516,"10",42.37782,-66.10922,254,250,252,22-APR-19,"09:52:00",42.395,66.0767,254,22-APR-19,"09:06","0173","SBE-911+","V",2.89,31.434,10.53,35.227,0,1.77,".77",1,5.5,247
"2019001HB","HB1901","2019","201902012900100285","Representative",28237,"10",42.315342,-66.081533,264,265,263,22-APR-19,"12:21:52",42.34,66.0667,258,22-APR-19,"11:43","0174","SBE-911+","V",2.71,31.306,10.64,35.253,6,1.62,".65",1,5.5,257
"2019001HB","HB1901","2019","201902012200030288","Representative",28321,"10",42.152255,-66.310857,179,188,185,22-APR-19,"20:24:59",42.1833,66.3233,195,22-APR-19,"18:37","0175","SBE-911+","W",5.29,32.073,10.33,35.028,16,1.94,"1.8",1,6.2,188
"2019001HB","HB1901","2019","201902012200050287","Non-Representative",28321,"10",42.165747,-66.318187,188,187,187,22-APR-19,"19:15:17",42.1833,66.3233,195,22-APR-19,"18:37","0175","SBE-911+","W",5.29,32.073,10.33,35.028,7,1.08,".64",1,6.2,188
"2019001HB","HB1901","2019","201902012100040289","Representative",28173,"10",42.111398,-66.718957,70,73,71,23-APR-19,"00:13:03",42.1133,66.71,73,22-APR-19,"23:43","0176","SBE-911+","V",5.03,32.092,6.1,33.004,3,0.42,".5",1,9.2,69
"2019001HB","HB1901","2019","201902011600090292","Representative",28431,"10",42.05369,-66.8056,74,65,71,23-APR-19,"09:26:30",42.0683,66.8333,68,23-APR-19,"01:30","0177","SBE-911+","V",5.91,32.627,5.92,32.782,6,1.52,"7.94",1,9.7,61
"2019001HB","HB1901","2019","201902011600090292","Representative",28431,"10",42.05369,-66.8056,74,65,71,23-APR-19,"09:26:30",42.0467,66.7917,72,23-APR-19,"09:02","0178","SBE-911+","V",5.77,32.603,5.74,32.591,2,0.75,".41",1,10,67
"2019001HB","HB1901","2019","201902012900030293","Representative",28466,"10",42.277368,-66.761418,277,283,279,23-APR-19,"12:15:47",42.2733,66.7367,273,23-APR-19,"11:36","0179","SBE-911+","V",4.5,31.832,9.52,35.124,4,1.13,".66",1,5.4,270
"2019001HB","HB1901","2019","201902012100030295","Representative",28260,"10",42.156133,-67.022623,88,82,85,23-APR-19,"16:27:50",42.1617,67.0367,93,23-APR-19,"16:06","0180","SBE-911+","V",5.76,32.342,6.05,32.877,5,0.71,".36",1,9.6,90
"2019001HB","HB1901","2019","201902012100020296","Representative",28306,"10",42.100782,-67.119518,55,55,54,23-APR-19,"18:16:56",42.1083,67.1233,60,23-APR-19,"17:58","0181","SBE-911+","V",6.02,32.632,5.98,32.633,5,0.48,".32",1,10,54
"2019001HB","HB1901","2019","201902011600040300","Representative",28354,"10",41.553697,-66.95225,66,67,67,24-APR-19,"03:48:17",41.5483,66.9717,64,24-APR-19,"03:13","0182","SBE-911+","V",5.92,32.456,5.92,32.456,2,0.93,".59",1,10.3,58
"2019001HB","HB1901","2019","201902011600020302","Representative",28450,"10",41.478398,-67.030373,63,64,64,24-APR-19,"06:18:31",41.485,67.0167,65,24-APR-19,"05:22","0183","SBE-911+","V",6.12,32.532,6.18,32.557,2,0.73,".94",1,9.9,58
"2019001HB","HB1901","2019","201902011900060306","Representative",28242,"10",41.562625,-67.521798,48,46,47,24-APR-19,"14:40:49",41.5783,67.5183,45,24-APR-19,"14:20","0184","SBE-911+","W",6.91,32.798,6.9,32.797,3,0.95,".35",1,10,38
"2019001HB","HB1901","2019","201902012200020307","Representative",28498,"10",42.100093,-67.631008,172,173,173,24-APR-19,"19:12:31",42.1,67.6067,174,24-APR-19,"18:01","0185","SBE-911+","V",5.75,32.39,7.4,33.736,2,1.08,"1.19",1,7.7,171
"2019001HB","HB1901","2019","201902012000040309","Representative",28479,"10",41.731442,-67.83516,33,33,33,24-APR-19,"23:55:03",41.7183,67.835,30,24-APR-19,"23:36","0186","SBE-911+","V",6.88,32.847,6.89,32.847,3,0.79,".32",1,10,23
"2019001HB","HB1901","2019","201902012200010310","Representative",28522,"10",41.94771,-68.124233,201,201,201,25-APR-19,"03:00:19",41.935,68.1483,203,25-APR-19,"02:29","0187","SBE-911+","V",6.13,32.446,9.07,34.601,2,1.32,".52",1,5.9,199
"2019001HB","HB1901","2019","201902012000030313","Representative",28277,"10",41.629008,-68.140727,36,35,35,25-APR-19,"10:27:37",41.6317,68.1217,34,25-APR-19,"10:10","0188","SBE-911+","V",7.28,32.831,7.28,32.831,2,0.87,".29",1,9.4,30
"2019001HB","HB1901","2019","201902012500060316","Non-Representative",28847,"10",41.461333,-69.462333,41,41,41,02-MAY-19,"08:06:46",41.4717,69.4633,43,02-MAY-19,"05:26","0189","SBE-911+","W",6.47,32.242,5.8,32.351,2,0.62,"2.68",1,10.1,38
"2019001HB","HB1901","2019","201902012400070317","Representative",28216,"10",41.415167,-68.738667,124,121,123,02-MAY-19,"12:45:24",41.435,68.7333,128,02-MAY-19,"12:07","0190","SBE-911+","V",7.25,32.699,5.68,32.961,4,1.22,".64",1,9.6,125
"2019001HB","HB1901","2019","201902012300040318","Representative",28203,"10",41.433,-68.496167,85,88,86,02-MAY-19,"15:19:30",41.4233,68.4667,79,02-MAY-19,"14:52","0191","SBE-911+","V",7,32.807,6.93,32.813,6,1.45,".46",1,9.8,75
"2019001HB","HB1901","2019","201902012300010319","Representative",28333,"10",41.480833,-68.616167,101,103,102,02-MAY-19,"17:07:22",41.465,68.6283,99,02-MAY-19,"16:45","0192","SBE-911+","V",6.86,32.748,6.17,32.834,2,1.1,".37",1,10,96
"2019001HB","HB1901","2019","201902012400060320","Representative",28371,"10",41.9105,-68.637333,166,165,166,02-MAY-19,"20:59:39",41.9233,68.6283,167,02-MAY-19,"20:36","0193","SBE-911+","V",6.93,32.551,6.84,33.545,1,0.87,".39",1,7.6,165
"2019001HB","HB1901","2019","201902012400080321","Representative",28482,"10",42.147167,-68.572167,186,184,185,03-MAY-19,"01:02:52",42.1267,68.5633,186,03-MAY-19,"00:38","0194","SBE-911+","V",6.57,32.454,6.74,33.435,0,1.29,".41",1,8,184
"2019001HB","HB1901","2019","201902012400010322","Representative",28255,"10",42.438333,-68.5795,191,191,190,03-MAY-19,"05:05:37",42.4633,68.57,201,03-MAY-19,"04:40","0195","SBE-911+","W",6.6,32.472,8.99,34.595,10,1.56,".43",1,5.8,195
"2019001HB","HB1901","2019","201902012800030323","Representative",28316,"10",42.377667,-68.901,211,213,211,03-MAY-19,"07:46:59",42.3967,68.8783,209,03-MAY-19,"07:12","0196","SBE-911+","V",6.38,32.434,8.8,34.452,2,1.52,".58",1,6,208
"2019001HB","HB1901","2019","201902013700060324","Representative",28226,"10",42.727167,-68.6375,182,186,185,03-MAY-19,"12:10:03",42.7333,68.615,178,03-MAY-19,"11:41","0197","SBE-911+","V",6.04,32.392,8.59,34.224,4,1.06,".48",1,6.4,174
"2019001HB","HB1901","2019","201902013700030325","Representative",28302,"10",42.817833,-68.838,180,179,180,03-MAY-19,"15:42:53",42.8317,68.8417,180,03-MAY-19,"15:09","0198","SBE-911+","V",6.22,32.437,7.58,33.758,0,0.85,".56",1,7.1,175
"2019001HB","HB1901","2019","201902013700040326","Representative",28443,"10",42.925167,-68.694333,195,197,195,03-MAY-19,"18:01:05",42.9017,68.6917,199,03-MAY-19,"17:30","0199","SBE-911+","V",6.6,32.37,8.22,34.066,4,1.41,".52",1,6.6,196
"2019001HB","HB1901","2019","201902013700020328","Representative",28409,"10",43.015167,-68.6025,189,189,189,03-MAY-19,"20:51:04",43.0367,68.6067,187,03-MAY-19,"19:45","0200","SBE-911+","V",6.58,32.362,7.86,33.836,2,1.31,"1.1",1,6.8,184
"2019001HB","HB1901","2019","201902013600100329","Representative",28251,"10",43.167333,-68.354333,195,191,193,03-MAY-19,"23:48:53",43.1467,68.3417,201,03-MAY-19,"23:18","0201","SBE-911+","W",6.29,32.323,7.9,33.806,6,1.36,".51",1,6.8,198
"2019001HB","HB1901","2019","201902013600110330","Representative",28254,"10",43.007167,-68.224833,194,195,195,04-MAY-19,"05:10:56",43.0267,68.215,201,04-MAY-19,"04:41","0202","SBE-911+","V",6.17,32.349,7.61,33.787,7,1.25,".5",1,7.2,198
"2019001HB","HB1901","2019","201902013600050332","Representative",28161,"10",42.8145,-68.438,192,192,195,04-MAY-19,"10:06:07",42.7933,68.4367,195,04-MAY-19,"09:37","0203","SBE-911+","V",6.65,32.393,8.38,34.119,3,1.27,".49",1,6.5,194
"2019001HB","HB1901","2019","201902012900070333","Representative",28247,"10",42.6295,-68.1795,191,187,189,04-MAY-19,"13:20:53",42.65,68.1883,188,04-MAY-19,"12:51","0204","SBE-911+","V",6.56,32.352,9.35,34.715,3,1.29,".5",1,5.8,187
"2019001HB","HB1901","2019","201902012900040334","Representative",28243,"10",42.248,-67.959,218,224,222,04-MAY-19,"16:46:11",42.2767,67.9517,207,04-MAY-19,"16:16","0205","SBE-911+","V",6.89,32.355,9.65,35.07,11,1.75,".5",1,5.4,203
"2019001HB","HB1901","2019","201902012900060335","Representative",28410,"10",42.475833,-67.778333,233,235,233,04-MAY-19,"20:05:19",42.465,67.75,214,04-MAY-19,"19:25","0206","SBE-911+","W",6.85,32.304,9.79,35.057,19,1.41,".67",1,5.5,211
"2019001HB","HB1901","2019","201902012900010336","Representative",28395,"10",42.617667,-67.470333,223,223,221,05-MAY-19,"00:10:44",42.64,67.445,226,04-MAY-19,"23:14","0207","SBE-911+","V",6.3,31.976,9.77,35.118,3,1.75,".95",1,5.4,224
"2019001HB","HB1901","2019","201902013000020337","Representative",28428,"10",42.4845,-67.188667,340,341,341,05-MAY-19,"03:14:26",42.4783,67.2433,338,05-MAY-19,"02:21","0208","SBE-911+","V",6.54,32.089,9.54,35.167,2,2.45,".89",1,5.3,337
"2019001HB","HB1901","2019","201902013000010338","Representative",28468,"10",42.387167,-67.166167,354,363,358,05-MAY-19,"05:35:26",42.3567,67.1767,316,05-MAY-19,"04:57","0209","SBE-911+","V",6.33,32.167,9.56,35.158,38,1.89,".64",1,5.3,313
"2019001HB","HB1901","2019","201902013000030339","Representative",28353,"10",42.414667,-67.046833,361,361,361,05-MAY-19,"08:00:08",42.4117,67.0817,363,05-MAY-19,"07:11","0210","SBE-911+","V",6.75,32.13,9.44,35.153,2,1.56,".82",1,5.4,362
"2019001HB","HB1901","2019","201902012900080340","Representative",28174,"10",42.545333,-66.778667,245,246,246,05-MAY-19,"10:49:07",42.5483,66.7467,246,05-MAY-19,"10:14","0211","SBE-911+","V",5.98,31.759,10.41,35.216,1,1.43,".59",1,5.7,244
"2019001HB","HB1901","2019","201902013600080341","Representative",28271,"10",42.935,-67.117667,241,256,242,05-MAY-19,"14:46:10",42.9533,67.14,245,05-MAY-19,"14:05","0212","SBE-911+","V",6.11,32,9.84,35.095,4,1.47,".69",1,5.5,241
"2019001HB","HB1901","2019","201902013600060342","Representative",28362,"10",43.051167,-67.505333,218,206,211,05-MAY-19,"18:45:06",43.075,67.5133,214,05-MAY-19,"18:18","0213","SBE-911+","V",6.89,32.388,8.9,34.424,4,1.47,".45",1,6.4,212
"2019001HB","HB1901","2019","201902013600090346","Representative",28404,"10",43.309833,-67.141333,248,244,248,06-MAY-19,"07:16:11",43.2883,67.16,235,06-MAY-19,"06:39","0214","SBE-911+","W",6.15,32.298,9.32,34.586,13,1.53,".62",1,6.2,232
"2019001HB","HB1901","2019","201902013400050347","Non-Representative",28527,"10",43.072833,-66.569667,125,115,123,06-MAY-19,"12:30:40",43.055,66.5483,128,06-MAY-19,"12:01","0215","SBE-911+","V",5.13,31.751,6.93,33.327,3,1.42,".49",1,8.4,120
"2019001HB","HB1901","2019","201902013400060349","Representative",28487,"10",43.470667,-66.646167,125,117,121,06-MAY-19,"18:09:43",43.5017,66.6433,114,06-MAY-19,"16:43","0216","SBE-911+","V",5.98,32.224,7.01,33.436,11,1.87,"1.45",1,7.9,108
"2019001HB","HB1901","2019","201902013400030350","Representative",28214,"10",43.707333,-66.614833,94,95,95,06-MAY-19,"21:01:56",43.69,66.6217,108,06-MAY-19,"20:39","0217","SBE-911+","V",5.83,32.189,5.93,32.792,14,1.08,".38",1,9.2,103
"2019001HB","HB1901","2019","201902013400020351","Representative",28228,"10",43.771167,-67.151,184,182,183,07-MAY-19,"00:36:11",43.7933,67.1617,176,07-MAY-19,"00:01","0218","SBE-911+","W",6.5,32.41,8,33.855,8,1.41,".59",1,7,173
"2019001HB","HB1901","2019","201902013510040357","Representative",28265,"10",44.322333,-66.671667,192,190,190,07-MAY-19,"14:37:48",44.3383,66.6717,191,07-MAY-19,"13:08","0219","SBE-911+","V",6.46,32.587,6.74,33.244,1,0.96,"1.5",1,8.2,187
"2019001HB","HB1901","2019","201902013510050356","Non-Representative",28265,"10",44.322,-66.669833,190,188,189,07-MAY-19,"13:42:53",44.3383,66.6717,191,07-MAY-19,"13:08","0219","SBE-911+","V",6.46,32.587,6.74,33.244,1,0.98,".58",1,8.2,187
"2019001HB","HB1901","2019","201902013510030358","Representative",28427,"10",44.2405,-66.979,173,171,172,07-MAY-19,"17:47:34",44.25,66.9633,175,07-MAY-19,"17:21","0220","SBE-911+","V",6.85,32.523,6.7,33.252,2,0.88,".44",1,8.1,169
"2019001HB","HB1901","2019","201902013510020360","Representative",28241,"10",44.266,-67.195667,188,187,188,07-MAY-19,"22:46:09",44.2567,67.2233,187,07-MAY-19,"22:13","0221","SBE-911+","V",5.98,32.243,8.09,33.825,1,1.31,".55",1,6.9,184
"2019001HB","HB1901","2019","201902013900030361","Representative",28391,"10",44.354333,-67.705,67,72,70,08-MAY-19,"02:15:28",44.3683,67.7133,57,08-MAY-19,"02:00","0222","SBE-911+","V",5.81,31.086,4.68,31.572,10,0.91,".26",1,10.1,50
"2019001HB","HB1901","2019","201902013900020362","Representative",28236,"10",44.186333,-68.029667,88,85,86,08-MAY-19,"05:02:30",44.175,68.0417,89,08-MAY-19,"04:46","0223","SBE-911+","V",5.94,31.257,4.91,32.22,1,0.86,".27",1,9.8,86
"2019001HB","HB1901","2019","201902013900060363","Representative",28577,"10",44.063333,-67.949333,105,101,102,08-MAY-19,"08:11:23",44.0583,67.9733,119,08-MAY-19,"07:43","0224","SBE-911+","V",5.94,31.371,5.66,32.735,14,1.08,".47",1,9.1,114
"2019001HB","HB1901","2019","201902013800050364","Representative",28413,"10",43.683333,-68.1945,183,178,181,08-MAY-19,"13:17:22",43.6667,68.2167,190,08-MAY-19,"12:49","0225","SBE-911+","V",6.54,31.806,8.18,33.868,7,1.39,".47",1,6.6,185
"2019001HB","HB1901","2019","201902013600020365","Representative",28454,"10",43.648667,-68.038167,192,186,190,08-MAY-19,"15:55:23",43.6433,68.0067,203,08-MAY-19,"15:04","0226","SBE-911+","V",6.88,32.247,8.8,34.117,11,1.41,".86",1,6.3,194
"2019001HB","HB1901","2019","201902013800070368","Representative",28417,"10",43.606667,-68.625667,147,150,149,09-MAY-19,"02:05:56",43.5883,68.6383,134,09-MAY-19,"01:41","0227","SBE-911+","V",6.39,32.109,5.5,32.841,13,1.23,".42",1,8.8,133
"2019001HB","HB1901","2019","201902013800010369","Representative",28514,"10",43.637667,-68.808333,130,131,132,09-MAY-19,"05:04:54",43.6583,68.7933,124,09-MAY-19,"04:38","0228","SBE-911+","V",6.82,31.891,5.31,32.731,6,1.4,".45",1,9.1,121
"2019001HB","HB1901","2019","201902013800020370","Representative",28365,"10",43.386167,-68.934,129,128,130,09-MAY-19,"08:13:50",43.3883,68.96,134,09-MAY-19,"07:49","0229","SBE-911+","V",7.17,32.223,5.88,33.001,5,1.14,".41",1,8.5,130
"2019001HB","HB1901","2019","201902013700010374","Representative",28238,"10",43.110333,-69.275667,214,214,210,09-MAY-19,"18:46:10",43.0983,69.3017,206,09-MAY-19,"18:00","0230","SBE-911+","W",7.65,32.477,6.69,33.304,8,1.35,".77",1,7.8,202
"2019001HB","HB1901","2019","201902013800080376","Representative",28523,"10",43.482167,-69.933667,121,122,123,10-MAY-19,"02:16:51",43.4667,69.9567,132,10-MAY-19,"01:53","0231","SBE-911+","V",8.05,30.908,6.02,33.057,11,1.37,".4",1,8.3,127
"2019001HB","HB1901","2019","201902014000020377","Representative",28320,"10",43.476,-70.0415,116,118,117,10-MAY-19,"04:18:09",43.4783,70.065,111,10-MAY-19,"03:58","0232","SBE-911+","V",7.98,29.187,4.86,32.572,5,1.03,".34",1,9.7,106
"2019001HB","HB1901","2019","201902012700060378","Non-Representative",28213,"10",43.024667,-70.3665,124,123,123,10-MAY-19,"08:28:37",43.0067,70.37,132,10-MAY-19,"08:04","0233","SBE-911+","V",8.79,28.866,5.29,32.836,8,1.09,".41",1,8.9,125
"2019001HB","HB1901","2019","201902012700030379","Representative",28213,"10",43.032667,-70.364167,123,127,123,10-MAY-19,"09:38:16",43.0067,70.37,132,10-MAY-19,"08:04","0233","SBE-911+","V",8.79,28.866,5.29,32.836,9,1.58,"1.57",1,8.9,125
"2019001HB","HB1901","2019","201902036500010382","Representative",28483,"10",42.7375,-70.661167,40,40,40,10-MAY-19,"17:48:23",42.75,70.6717,41,10-MAY-19,"17:32","0235","SBE-911+","V",8.74,25.419,4.42,32.086,1,0.88,".27",1,10,34
"2019001HB","HB1901","2019","201902036500020383","Representative",28319,"10",42.596,-70.582,49,50,49,10-MAY-19,"20:10:57",42.585,70.6,50,10-MAY-19,"19:51","0236","SBE-911+","V",9.41,28.642,4.61,32.101,1,1.03,".33",1,9.7,42
"2019001HB","HB1901","2019","201902036600010384","Representative",28376,"10",42.4975,-70.672167,64,66,66,10-MAY-19,"22:30:21",42.49,70.6883,61,10-MAY-19,"22:13","0237","SBE-911+","V",9.36,28.52,4.37,32.265,3,0.84,".29",1,9.4,55
"2019001HB","HB1901","2019","201902012600040385","Representative",28172,"10",42.517,-70.595333,71,67,70,11-MAY-19,"00:17:34",42.5183,70.5667,67,10-MAY-19,"23:49","0238","SBE-911+","V",9.57,28.419,4.36,32.289,4,1.27,".48",1,9.7,59
"2019001HB","HB1901","2019","201902012600020386","Non-Representative",28200,"10",42.467667,-70.535833,58,59,58,11-MAY-19,"03:02:51",42.4617,70.5183,59,11-MAY-19,"02:47","0239","SBE-911+","V",9.76,28.248,4.32,32.353,1,0.86,".26",1,9.6,52
"2019001HB","HB1901","2019","201902012800060390","Representative",28463,"10",42.778333,-69.691333,261,259,262,11-MAY-19,"14:03:06",42.79,69.7183,252,11-MAY-19,"13:27","0240","SBE-911+","V",7.96,30.986,7.92,33.961,9,1.38,".6",1,5.7,250
"2019001HB","HB1901","2019","201902012800020391","Representative",28323,"10",42.617667,-69.664333,269,271,270,11-MAY-19,"16:41:33",42.59,69.65,261,11-MAY-19,"16:06","0241","SBE-911+","V",8.28,32.197,7.92,33.952,8,1.78,".59",1,5.9,258
"2019001HB","HB1901","2019","201902012800050393","Representative",28506,"10",42.377,-69.593667,241,244,243,11-MAY-19,"22:32:38",42.395,69.5733,237,11-MAY-19,"22:03","0242","SBE-911+","V",8.3,32.315,7.99,33.975,4,1.41,".49",1,6.7,232
"2019001HB","HB1901","2019","201902012800040395","Representative",28276,"10",42.383667,-69.817667,248,251,249,12-MAY-19,"00:59:02",42.3517,69.82,251,12-MAY-19,"00:19","0243","SBE-911+","V",8.6,31.756,7.91,33.949,3,1.92,".67",1,5.8,247
"2019001HB","HB1901","2019","201902012700040396","Representative",28183,"10",42.067,-69.835333,155,152,154,12-MAY-19,"04:16:05",42.0483,69.8267,159,12-MAY-19,"03:54","0244","SBE-911+","V",8.61,31.766,6.28,33.22,4,1.19,".37",1,8.3,154
"2019001HB","HB1901","2019","201902012700020397","Representative",28297,"10",42.1605,-69.988333,118,136,131,12-MAY-19,"06:01:53",42.1467,69.9883,110,12-MAY-19,"05:42","0245","SBE-911+","V",9.24,31.393,5.12,32.713,8,0.83,".33",1,9.3,105
"2019001HB","HB1901","2019","201902012600060398","Representative",28324,"10",42.283,-70.0935,93,93,93,12-MAY-19,"07:57:37",42.2683,70.105,106,12-MAY-19,"07:34","0246","SBE-911+","V",8.68,31.545,5.19,32.758,13,1.02,".39",1,9.1,100
"2019001HB","HB1901","2019","201902012600050399","Representative",28317,"10",42.434167,-70.152167,84,83,83,12-MAY-19,"09:42:26",42.42,70.1583,83,12-MAY-19,"09:24","0247","SBE-911+","V",8.39,31.294,4.57,32.477,1,0.89,".31",1,9.6,81
"2019001HB","HB1901","2019","201902036600020401","Representative",28406,"10",42.272,-70.57,58,60,59,12-MAY-19,"14:08:06",42.255,70.5633,51,12-MAY-19,"13:50","0248","SBE-911+","V",10.4,28.421,4.56,32.134,7,1.06,".3",1,9.7,48
"2019001HB","HB1901","2019","201902036600030402","Representative",28435,"10",42.329167,-70.670833,51,53,51,12-MAY-19,"15:51:28",42.3383,70.6867,45,12-MAY-19,"15:35","0249","SBE-911+","V",9.01,29.095,4.84,31.963,6,0.89,".27",1,10.2,38
"2019001HB","HB1901","2019","201902036400030403","Representative",28425,"10",42.397667,-70.788833,35,32,34,12-MAY-19,"17:58:06",42.3867,70.7633,32,12-MAY-19,"17:18","0250","SBE-911+","V",9.66,27.256,5.72,31.503,3,1.31,".67",1,10.1,25
"2019001HB","HB1901","2019","201902036500030405","Non-Representative",28502,"10",42.308,-70.671333,47,50,48,12-MAY-19,"23:48:14",42.2567,70.6567,31,12-MAY-19,"22:35","0251","SBE-911+","V",9.88,27.575,4.99,31.884,16,3.15,"1.22",0,10.1,25
"2019001HB","HB1901","2019","201902012500090407","Non-Representative",28547,"10",41.990333,-69.940667,41,41,41,13-MAY-19,"06:06:53",41.9833,69.9233,46,13-MAY-19,"04:54","0252","SBE-911+","W",8.99,30.998,6.42,32.043,5,0.88,"1.21",1,9.6,41
"2019001HB","HB1901","2019","201902036100030408","Representative",28298,"10",42.043333,-70.444,52,52,52,13-MAY-19,"14:11:14",42.03,70.435,51,13-MAY-19,"13:52","0253","SBE-911+","V",8.74,30.187,4.66,32.139,1,0.9,".32",1,9.1,45
"2019001S1","S11901","2019","201903061800010004","",,"60",38.606573,-73.73101,59,62,61,17-MAY-19,"22:55:07",38.6167,73.7317,59,17-MAY-19,"22:22","0001","SBE-911+","W",13.26,33.691,7.77,33.243,0,0.61,".55",1,8.4,57
"2019001S1","S11901","2019","201903065500050012","",,"60",40.980507,-68.874983,73,72,71,29-MAY-19,"12:41:09",40.98,68.88,70,29-MAY-19,"12:17","0002","SBE-911+","W",8.56,32.503,8.37,32.529,3,0.23,".4",1,9.5,68
"2019001S1","S11901","2019","201903065500010016","",,"60",40.677242,-68.807782,67,69,68,29-MAY-19,"18:43:28",40.6867,68.8017,68,29-MAY-19,"18:22","0003","SBE-911+","W",9.37,32.414,8.37,32.459,1,0.63,".36",1,9.5,65
"2019001S1","S11901","2019","201903064700080019","",,"60",40.47866,-68.906917,76,75,76,30-MAY-19,"00:10:58",40.4733,68.9083,76,29-MAY-19,"23:50","0004","SBE-911+","V",8.89,32.29,6.81,32.808,0,0.33,".35",1,9.1,73
"2019001S1","S11901","2019","201903065500020022","",,"60",40.575435,-68.813722,105,64,66,30-MAY-19,"03:59:06",40.5767,68.815,66,30-MAY-19,"03:30","0005","SBE-911+","V",8.8,32.388,7.9,32.416,39,0.1,".48",0,9.4,63
"2019001S1","S11901","2019","201903065800070025","",,"60",40.507338,-68.400642,95,94,95,30-MAY-19,"09:28:40",40.5083,68.4,94,30-MAY-19,"09:00","0006","SBE-911+","W",8.64,32.327,7.53,33.227,1,0.07,".48",1,8.6,89
"2019001S1","S11901","2019","201903065800050029","",,"60",40.550307,-68.15584,100,99,100,30-MAY-19,"15:46:42",40.5483,68.1583,99,30-MAY-19,"15:29","0007","SBE-911+","V",8.58,32.498,8.6,33.676,1,0.17,".3",1,8.2,97
"2019001S1","S11901","2019","201903065900070034","",,"60",40.813035,-67.920205,72,74,73,30-MAY-19,"22:49:41",40.8083,67.9183,71,30-MAY-19,"22:30","0008","SBE-911+","W",8.99,32.423,7.16,32.458,1,0.3,".33",1,9.3,68
"2019001S1","S11901","2019","201903065900080037","",,"60",40.880325,-67.546315,76,75,76,31-MAY-19,"03:28:01",40.8767,67.55,75,31-MAY-19,"03:14","0009","SBE-911+","V",8.96,32.479,7.35,32.512,1,0.27,".23",1,9.4,73
"2019001S1","S11901","2019","201903065900010041","",,"60",41.11174,-67.358435,62,61,62,31-MAY-19,"09:27:47",41.11,67.4467,61,31-MAY-19,"11:10","0010","SBE-911+","W",8.71,32.483,7.65,32.562,1,3.99,"1.7",0,9.7,58
"2019001S1","S11901","2019","201903064700030045","",,"60",40.857988,-69.139652,73,71,72,02-JUN-19,"03:17:45",40.8567,69.135,75,02-JUN-19,"02:51","0011","SBE-911+","W",9.11,32.382,8.04,32.455,2,0.23,".45",1,9.7,71
"2019001S1","S11901","2019","201903064700010047","",,"60",40.915598,-69.186967,68,68,68,02-JUN-19,"06:04:09",40.9217,69.1817,69,02-JUN-19,"05:51","0012","SBE-911+","W",10,31.75,6.57,32.237,1,0.44,".22",1,9.4,65
"2019001S1","S11901","2019","201903065000050050","",,"60",41.065263,-69.31908,53,54,54,02-JUN-19,"11:50:11",41.0667,69.32,53,02-JUN-19,"11:35","0013","SBE-911+","W",11.15,30.672,7.19,32.017,0,0.1,".25",1,9.3,48
"2019001S1","S11901","2019","201903065000170053","",,"60",41.016663,-69.18287,57,57,55,02-JUN-19,"16:09:09",41.0133,69.1867,51,02-JUN-19,"15:52","0014","SBE-911+","W",9.74,31.622,6.84,32.183,6,0.27,".29",1,9.5,47
"2019001S1","S11901","2019","201903065100060056","",,"60",41.155193,-69.211248,67,70,68,02-JUN-19,"21:06:06",41.15,69.1983,69,02-JUN-19,"20:45","0015","SBE-911+","V",11.54,31.46,5.29,32.5,2,0.66,".35",1,9.3,65
"2019001S1","S11901","2019","201903065000110059","",,"60",41.129625,-69.28075,57,56,57,03-JUN-19,"00:39:21",41.1233,69.27,54,03-JUN-19,"00:18","0016","SBE-911+","V",10.19,30.953,6.07,32.246,3,0.62,".36",1,9.4,50
"2019001S1","S11901","2019","201903065000020062","",,"60",41.11696,-69.328627,52,53,53,03-JUN-19,"05:32:29",41.125,69.3283,51,03-JUN-19,"05:17","0017","SBE-911+","W",8.65,31.362,7.02,32.022,1,0.48,".26",1,9.3,46
"2019001S1","S11901","2019","201903064900030065","",,"60",41.173477,-69.391493,45,43,45,03-JUN-19,"11:42:05",41.165,69.39,48,03-JUN-19,"11:24","0018","SBE-911+","V",11.99,30.68,5.73,32.234,3,0.51,".3",1,9.3,44
"2019001S1","S11901","2019","201903065000030068","",,"60",41.233353,-69.347118,55,53,55,03-JUN-19,"15:29:52",41.2317,69.3467,55,03-JUN-19,"15:11","0019","SBE-911+","W",9.06,31.319,5.81,32.228,0,0.1,".31",1,9.3,51
"2019001S1","S11901","2019","201903065200090072","",,"60",41.296282,-69.27651,89,84,86,03-JUN-19,"21:06:41",41.2967,69.2733,88,03-JUN-19,"20:47","0020","SBE-911+","V",12.62,29.897,4.86,32.514,1,0.15,".33",1,9.2,84
"2019001S1","S11901","2019","201903065000150076","",,"60",41.383253,-69.361957,57,60,59,04-JUN-19,"01:08:30",41.3817,69.3633,56,04-JUN-19,"00:44","0021","SBE-911+","V",12.27,29.97,5.15,32.196,1,0.11,".41",1,9.2,53
"2019001S1","S11901","2019","201903065100040079","",,"60",41.526638,-69.425073,66,66,66,04-JUN-19,"04:55:42",41.53,69.4267,66,04-JUN-19,"04:38","0022","SBE-911+","W",12.22,29.935,4.95,32.226,0,0.22,".3",1,9.2,62
"2019001S1","S11901","2019","201903065100020082","",,"60",41.577838,-69.508807,62,69,66,04-JUN-19,"09:13:46",41.5767,69.5117,59,04-JUN-19,"08:57","0023","SBE-911+","V",11.89,30.224,4.77,32.307,3,0.15,".28",1,9.2,55
"2019001S1","S11901","2019","201903065200060085","",,"60",41.838913,-69.790518,114,115,114,04-JUN-19,"15:12:37",41.8467,69.6933,112,04-JUN-19,"14:55","0024","SBE-911+","W",11.19,31.05,4.78,32.502,2,4.37,".29",0,9.2,109
"2019001S1","S11901","2019","201903065400040093","",,"60",41.376983,-68.445762,73,70,73,08-JUN-19,"04:17:18",41.38,68.44,72,08-JUN-19,"03:50","0025","SBE-911+","W",12.6,31.246,9.09,32.439,1,0.32,".45",1,9.5,67
"2019001S1","S11901","2019","201903066510050097","",,"60",41.687458,-68.379347,59,74,68,08-JUN-19,"08:47:00",41.685,68.38,59,08-JUN-19,"08:33","0026","SBE-911+","V",11.97,31.04,6.8,32.547,0,0.15,".23",1,9.2,52
"2019001S1","S11901","2019","201903066610020100","",,"60",41.849695,-68.05932,86,94,89,08-JUN-19,"13:12:48",41.8483,68.0633,83,08-JUN-19,"12:53","0027","SBE-911+","V",12,31.572,5.82,32.828,3,0.2,".33",1,8.9,79
"2019001S1","S11901","2019","201903066610030103","",,"60",41.903215,-67.95278,89,97,93,08-JUN-19,"16:58:16",41.8967,67.945,80,08-JUN-19,"16:38","0028","SBE-911+","W",12.12,31.821,7.4,32.573,9,0.52,".34",1,9.3,76
"2019001S1","S11901","2019","201903066510060106","",,"60",41.994868,-67.707535,58,71,63,08-JUN-19,"20:38:17",41.9917,67.7167,58,08-JUN-19,"20:24","0029","SBE-911+","W",10.14,32.392,8.32,32.523,0,0.45,".24",1,9.3,54
"2019001S1","S11901","2019","201903067100120110","",,"60",42.062037,-67.366475,51,51,52,09-JUN-19,"01:08:49",42.0617,67.3783,52,09-JUN-19,"01:47","0030","SBE-911+","V",10.12,32.414,6.57,32.739,1,0.53,".64",1,9,48
"2019001S1","S11901","2019","201903067100050112","",,"60",41.99284,-67.318098,53,51,50,09-JUN-19,"04:36:31",41.98,67.3017,50,09-JUN-19,"03:57","0031","SBE-911+","W",9.63,32.593,9.61,32.637,3,1.06,".66",1,9.5,46
"2019001S1","S11901","2019","201903067100020114","",,"60",41.99367,-67.17473,51,57,55,09-JUN-19,"07:46:58",42.0217,67.1417,50,09-JUN-19,"09:12","0032","SBE-911+","V",9.11,32.664,9.1,32.669,1,2.24,"1.42",1,9.6,45
"2019001S1","S11901","2019","201903066510010118","",,"60",42.10238,-67.171898,56,59,59,09-JUN-19,"13:26:46",42.1033,67.1767,57,09-JUN-19,"13:11","0033","SBE-911+","V",10.26,32.434,6.06,32.829,1,0.22,".26",1,9,54
"2019001S1","S11901","2019","201903066510020121","",,"60",42.118257,-67.265932,74,57,65,09-JUN-19,"17:34:47",42.115,67.2717,73,09-JUN-19,"17:18","0034","SBE-911+","W",10.03,32.445,6.96,32.693,1,0.32,".28",1,9.1,69
"2019001S1","S11901","2019","201903066610060124","",,"60",42.122558,-67.31058,84,92,88,09-JUN-19,"21:29:16",42.115,67.32,73,09-JUN-19,"21:10","0035","SBE-911+","V",9.81,32.595,8.5,32.57,11,0.62,".32",1,9.3,70
"2019006HB","HB1906","2019","201904031100020035","Representative",966,"10",40.549787,-73.251245,23,25,23,04-SEP-19,"04:24:37",40.5567,73.2383,25,04-SEP-19,"04:01","0002","SBE-911+","W",21.13,30.805,20.12,31.215,2,0.72,".39",1,5.7,20
"2019006HB","HB1906","2019","201904030800020037","Representative",1105,"10",40.624085,-72.995193,22,22,22,04-SEP-19,"09:04:25",40.625,72.97,24,04-SEP-19,"08:40","0003","SBE-911+","V",21.6,30.971,20.92,31.489,2,1.15,".41",1,6.7,19
"2019006HB","HB1906","2019","201904030800010039","Representative",1228,"10",40.659775,-72.881638,26,25,26,04-SEP-19,"12:16:27",40.6633,72.86,26,04-SEP-19,"11:56","0004","SBE-911+","V",21.4,30.921,19.46,31.56,0,1.01,".34",1,5,22
"2019006HB","HB1906","2019","201904031400010042","Representative",1020,"10",40.26399,-73.909763,24,21,22,05-SEP-19,"00:33:10",40.2517,73.9033,24,04-SEP-19,"23:56","0005","SBE-911+","W",22.31,30.574,20.46,31.242,0,0.8,".62",1,6.4,18
"2019006HB","HB1906","2019","201904031400020044","Representative",983,"10",40.442875,-73.731727,29,27,29,05-SEP-19,"04:39:51",40.4417,73.745,30,05-SEP-19,"04:21","0006","SBE-911+","V",22.81,29.19,16.61,31.41,1,0.61,".31",1,4.5,27
"2019006HB","HB1906","2019","201904031100010045","Representative",1170,"10",40.446723,-73.64428,22,21,21,05-SEP-19,"05:54:07",40.4483,73.6617,23,05-SEP-19,"05:33","0007","SBE-911+","V",22.42,30.154,18.44,31.387,1,0.8,".35",1,5.1,21
"2019006HB","HB1906","2019","201904031100030046","Representative",1180,"10",40.410765,-73.612467,24,22,22,05-SEP-19,"07:02:22",40.4217,73.6017,23,05-SEP-19,"06:47","0008","SBE-911+","V",22.29,30.441,19.88,31.503,1,0.82,".26",1,5.6,21
"2019006HB","HB1906","2019","201904017200030047","Representative",1073,"10",37.964117,-73.949432,194,196,195,08-SEP-19,"20:47:37",37.9833,73.9267,213,08-SEP-19,"20:07","0009","SBE-911+","W",25.23,34.746,,,19,1.58,".68",0,4.9,200
"2019006HB","HB1906","2019","201904017100020048","Representative",1166,"10",37.958983,-74.021288,132,132,132,08-SEP-19,"22:34:12",37.9783,74,131,08-SEP-19,"22:00","0010","SBE-911+","V",24.95,34.729,14.07,35.777,1,1.54,".57",1,5.4,128
"2019006HB","HB1906","2019","201904017100030049","Representative",1164,"10",37.905103,-74.08017,133,140,137,09-SEP-19,"00:07:01",37.92,74.065,134,08-SEP-19,"23:35","0011","SBE-911+","V",24.62,34.875,14.05,35.757,1,1.15,".53",1,5.3,133
"2019006HB","HB1906","2019","201904017000020050","Representative",1120,"10",37.908657,-74.295168,70,69,70,09-SEP-19,"02:05:17",37.9117,74.2767,76,09-SEP-19,"01:40","0012","SBE-911+","V",22.6,34.513,7.86,32.673,6,0.89,".42",1,6.7,75
"2019006HB","HB1906","2019","201904017000050052","Representative",1144,"10",37.74876,-74.253398,111,107,109,09-SEP-19,"06:01:41",37.77,74.255,100,09-SEP-19,"05:32","0013","SBE-911+","W",23.93,35.28,13.41,35.154,11,1.28,".49",1,5.9,96
"2019006HB","HB1906","2019","201904016800030053","Representative",1311,"10",37.494792,-74.359568,195,197,197,09-SEP-19,"08:27:12",37.5133,74.3433,192,09-SEP-19,"07:51","0014","SBE-911+","V",22.67,34.66,12.52,35.605,3,1.36,".6",1,4.6,187
"2019006HB","HB1906","2019","201904016700010054","Representative",1194,"10",37.41259,-74.505917,126,131,129,09-SEP-19,"10:41:02",37.395,74.5117,109,09-SEP-19,"10:09","0015","SBE-911+","V",19.83,32.589,13.94,35.494,17,1.09,".53",1,5.7,106
"2019006HB","HB1906","2019","201904016600010055","Representative",1331,"10",37.43761,-74.55986,82,84,83,09-SEP-19,"12:24:40",37.46,74.5517,72,09-SEP-19,"11:48","0016","SBE-911+","V",20.66,32.275,8.77,33.142,10,1.4,".61",1,7.4,68
"2019006HB","HB1906","2019","201904016500070056","Representative",1308,"10",37.465788,-75.000012,31,30,31,09-SEP-19,"15:24:32",37.4767,74.9917,30,09-SEP-19,"15:04","0017","SBE-911+","V",21.65,31.103,20.9,31.527,1,0.77,".34",1,6.6,27
"2019006HB","HB1906","2019","201904016600020059","Representative",1231,"10",37.11506,-74.83802,59,60,60,09-SEP-19,"21:44:59",37.0933,74.84,60,09-SEP-19,"20:50","0018","SBE-911+","V",20.57,32.083,9.86,33.547,1,1.31,".92",1,7.2,57
"2019006HB","HB1906","2019","201904016800010063","Representative",1244,"10",36.862962,-74.646688,188,188,187,10-SEP-19,"04:12:22",36.885,74.6333,270,10-SEP-19,"03:29","0019","SBE-911+","V",24.42,34.812,13.69,35.792,82,1.47,".72",0,5.3,268
"2019006HB","HB1906","2019","201904016800020064","Representative",1210,"10",36.784102,-74.657145,187,182,187,10-SEP-19,"05:46:13",36.8117,74.6533,253,10-SEP-19,"05:10","0020","SBE-911+","V",24.34,34.793,,,66,1.67,".6",0,4.9,222
"2019006HB","HB1906","2019","201904016700020065","Representative",1077,"10",36.721625,-74.674033,135,145,140,10-SEP-19,"07:27:25",36.7,74.68,140,10-SEP-19,"06:54","0021","SBE-911+","V",24.15,34.714,14.81,35.956,5,1.33,".56",1,5.6,134
"2019006HB","HB1906","2019","201904016700030066","Representative",1294,"10",36.557017,-74.73772,122,121,120,10-SEP-19,"10:00:32",36.54,74.7433,122,10-SEP-19,"09:32","0022","SBE-911+","V",21.8,32.418,14.48,35.836,0,1.06,".48",1,5.5,115
"2019006HB","HB1906","2019","201904016400020068","Representative",1192,"10",36.47648,-74.740783,189,188,190,10-SEP-19,"12:59:03",36.5067,74.745,145,10-SEP-19,"11:27","0023","SBE-911+","W",21.9,32.493,14.25,35.838,44,1.83,"1.53",0,5.5,141
"2019006HB","HB1906","2019","201904016300010069","Representative",1214,"10",36.454473,-74.774667,121,126,120,10-SEP-19,"14:25:15",36.4717,74.7717,96,10-SEP-19,"14:00","0024","SBE-911+","V",21.89,32.5,13.84,35.751,25,1.04,".42",0,5.2,92
"2019006HB","HB1906","2019","201904016200010070","Representative",1282,"10",36.451357,-74.81878,75,75,75,10-SEP-19,"16:02:34",36.4683,74.815,75,10-SEP-19,"15:37","0025","SBE-911+","V",23.5,33.215,13.76,35.345,0,1.03,".43",1,5.7,71
"2019006HB","HB1906","2019","201904016300020071","Representative",1251,"10",36.144817,-74.786995,175,179,176,10-SEP-19,"19:31:47",36.1617,74.7833,180,10-SEP-19,"18:54","0026","SBE-911+","V",22.89,32.103,,,5,1.03,".63",0,4.8,166
"2019006HB","HB1906","2019","201904016300030072","Representative",1257,"10",35.960193,-74.818903,119,126,121,10-SEP-19,"22:02:14",35.9817,74.8133,134,10-SEP-19,"21:33","0027","SBE-911+","V",22.46,31.956,14.91,35.91,15,1.32,".49",1,5.5,127
"2019006HB","HB1906","2019","201904016200030073","Representative",1061,"10",35.951087,-74.89654,87,88,87,10-SEP-19,"23:34:14",35.9683,74.9017,84,10-SEP-19,"23:05","0028","SBE-911+","V",22.86,31.748,13.66,34.864,3,1.06,".49",1,6.2,82
"2019006HB","HB1906","2019","201904016200020074","Representative",1089,"10",35.835113,-74.968972,53,57,54,11-SEP-19,"01:31:20",35.85,74.975,52,11-SEP-19,"00:54","0029","SBE-911+","W",21.89,32.006,13.78,34.126,1,0.94,".62",1,7,51
"2019006HB","HB1906","2019","201904075200040078","Representative",1407,"10",34.925673,-75.792663,27,28,27,11-SEP-19,"15:35:59",34.915,75.8,26,11-SEP-19,"15:18","0030","SBE-911+","V",25.24,32.677,25.98,34.268,1,0.74,".3",1,6.3,21
"2019006HB","HB1906","2019","201904075200030079","Representative",1421,"10",34.984188,-75.883047,24,24,25,11-SEP-19,"17:21:21",34.9933,75.885,24,11-SEP-19,"17:04","0031","SBE-911+","V",25.01,31.953,27.04,35.186,0,0.56,".29",1,6.2,20
"2019006HB","HB1906","2019","201904085000010080","Representative",1176,"10",34.738187,-75.695372,46,47,46,11-SEP-19,"20:03:11",34.7333,75.71,45,11-SEP-19,"19:44","0032","SBE-911+","V",26.83,36.33,24.32,36.433,1,0.78,".32",1,5.8,41
"2019006HB","HB1906","2019","201904085200030081","Representative",1038,"10",34.631122,-75.665142,149,145,147,11-SEP-19,"22:04:00",34.6467,75.65,143,11-SEP-19,"21:32","0033","SBE-911+","V",27.14,36.395,18.12,36.387,6,1.2,".53",1,4.6,138
"2019006HB","HB1906","2019","201904085300010082","Representative",1133,"10",34.664473,-75.595338,232,235,233,12-SEP-19,"00:17:16",34.6833,75.58,224,11-SEP-19,"23:35","0034","SBE-911+","W",27.11,36.391,15.17,36.028,8,1.36,".7",1,4.5,217
"2019006HB","HB1906","2019","201904085300020083","Representative",1090,"10",34.717382,-75.534198,286,288,287,12-SEP-19,"02:22:04",34.6933,75.555,288,12-SEP-19,"01:36","0035","SBE-911+","V",26.5,36.369,12.09,35.558,2,1.77,".77",1,4.3,284
"2019006HB","HB1906","2019","201904085200010084","Representative",1212,"10",34.796957,-75.501235,159,158,158,12-SEP-19,"04:09:43",34.8133,75.485,161,12-SEP-19,"03:40","0036","SBE-911+","V",26.83,36.343,16.62,36.24,2,1.27,".5",1,4.6,156
"2019006HB","HB1906","2019","201904085100010085","Representative",1187,"10",34.802695,-75.535117,98,92,97,12-SEP-19,"05:25:45",34.79,75.5367,113,12-SEP-19,"05:04","0037","SBE-911+","V",26.72,36.334,18.83,36.422,15,0.77,".36",1,4.7,108
"2019006HB","HB1906","2019","201904085000020086","Representative",1059,"10",34.870045,-75.538458,65,60,62,12-SEP-19,"06:36:02",34.8567,75.5383,67,12-SEP-19,"06:16","0038","SBE-911+","W",26.71,36.337,23.05,36.493,2,0.8,".33",1,5.5,63
"2019006HB","HB1906","2019","201904085000030087","Representative",1322,"10",34.856545,-75.621263,45,45,45,12-SEP-19,"08:15:16",34.8467,75.6317,46,12-SEP-19,"07:55","0039","SBE-911+","V",26.88,36.359,24.54,36.426,1,0.78,".34",1,6,41
"2019006HB","HB1906","2019","201904085100020088","Representative",964,"10",34.89423,-75.454807,98,98,99,12-SEP-19,"10:08:06",34.8833,75.47,99,12-SEP-19,"09:39","0040","SBE-911+","V",26.92,36.34,20.8,36.505,1,1,".48",1,5,94
"2019006HB","HB1906","2019","201904085200020089","Representative",1245,"10",34.916528,-75.393385,133,134,133,12-SEP-19,"11:28:16",34.9333,75.3817,124,12-SEP-19,"11:05","0041","SBE-911+","V",27.03,36.352,18.31,36.41,9,1.16,".39",1,4.6,122
"2019006HB","HB1906","2019","201904085300030090","Representative",1301,"10",35.159275,-75.090032,213,206,211,12-SEP-19,"15:19:11",35.1733,75.075,216,12-SEP-19,"14:26","0042","SBE-911+","V",27.29,36.297,14.61,35.943,3,1.12,".89",1,4.5,211
"2019006HB","HB1906","2019","201904085100030091","Representative",1177,"10",35.170487,-75.167332,75,75,75,12-SEP-19,"17:49:25",35.1533,75.1817,78,12-SEP-19,"17:27","0043","SBE-911+","V",27.28,36.316,22.05,36.524,3,1.25,".37",1,5.3,77
"2019006HB","HB1906","2019","201904034400020092","Representative",962,"10",35.414205,-75.38324,23,23,23,12-SEP-19,"20:16:18",35.405,75.3933,22,12-SEP-19,"20:00","0044","SBE-911+","V",25.33,29.739,26.31,35.139,1,0.74,".27",1,6,19
"2019006HB","HB1906","2019","201904034400030093","Representative",1270,"10",35.512608,-75.3121,26,25,26,12-SEP-19,"21:50:15",35.5,75.3067,26,12-SEP-19,"21:33","0045","SBE-911+","V",24.99,30.521,26.37,35.704,0,0.8,".29",1,6,22
"2019006HB","HB1906","2019","201904034400040094","Representative",996,"10",35.679815,-75.243103,34,34,34,12-SEP-19,"23:25:46",35.6683,75.2417,34,12-SEP-19,"23:11","0046","SBE-911+","V",25.19,31.678,26.17,35.415,0,0.7,".25",1,5.6,27
"2019006HB","HB1906","2019","201904016100020095","Representative",1022,"10",36.031313,-75.116865,35,35,36,13-SEP-19,"02:08:26",36.02,75.105,32,13-SEP-19,"01:44","0047","SBE-911+","W",24.77,30.918,21.46,33.761,3,0.89,".41",1,6.8,29
"2019006HB","HB1906","2019","201904016100010096","Representative",956,"10",36.147463,-75.090282,35,36,36,13-SEP-19,"03:51:38",36.1633,75.0867,36,13-SEP-19,"03:27","0048","SBE-911+","V",25.02,30.898,19.62,32.58,1,0.97,".41",1,6.7,33
"2019006HB","HB1906","2019","201904016100050097","Representative",1315,"10",36.32057,-75.239048,35,34,34,13-SEP-19,"05:56:32",36.3167,75.2267,33,13-SEP-19,"05:40","0049","SBE-911+","V",24.86,30.904,20.43,32.988,2,0.64,".28",1,6.5,28
"2019006HB","HB1906","2019","201904034100030099","Representative",974,"10",35.963367,-75.438438,23,23,25,13-SEP-19,"11:04:19",35.9567,75.425,20,13-SEP-19,"10:48","0050","SBE-911+","V",25.6,27.742,23.1,31.341,3,0.77,".27",1,6.1,16
"2019006HB","HB1906","2019","201904034100040100","Representative",1216,"10",36.045878,-75.577797,22,23,22,13-SEP-19,"12:52:16",36.025,75.58,23,13-SEP-19,"12:26","0051","SBE-911+","V",25.12,28.707,24,30.879,1,1.26,".44",1,5.9,18
"2019006HB","HB1906","2019","201904034100010101","Representative",1238,"10",36.138872,-75.592173,26,23,24,13-SEP-19,"14:35:05",36.125,75.5833,25,13-SEP-19,"13:53","0052","SBE-911+","V",25.11,29.129,23.01,31.31,1,0.94,".7",1,6,20
"2019006HB","HB1906","2019","201904034100050103","Representative",997,"10",36.340577,-75.589038,26,25,26,13-SEP-19,"18:01:04",36.33,75.5883,26,13-SEP-19,"17:45","0053","SBE-911+","V",24.88,29.686,22.87,31.152,0,0.64,".27",1,5.9,19
"2019006HB","HB1906","2019","201904033800010104","Representative",1091,"10",36.546428,-75.662578,25,24,25,13-SEP-19,"20:12:32",36.54,75.675,24,13-SEP-19,"19:53","0054","SBE-911+","V",24.36,30.346,23.3,31.04,1,0.71,".33",1,5.9,20
"2019006HB","HB1906","2019","201904033800020105","Representative",1188,"10",36.569163,-75.708937,24,23,23,13-SEP-19,"22:03:27",36.5583,75.73,23,13-SEP-19,"21:35","0055","SBE-911+","V",24.53,29.856,23.66,30.789,1,1.21,".47",1,5.5,18
"2019006HB","HB1906","2019","201904016500050106","Representative",1087,"10",37.027963,-75.337222,31,28,28,14-SEP-19,"03:03:31",37.015,75.3467,33,14-SEP-19,"02:41","0056","SBE-911+","W",22.98,31.465,21.48,32.191,2,0.9,".38",1,6.4,32
"2019006HB","HB1906","2019","201904033800030107","Non-Representative",1298,"10",37.086197,-75.605113,22,21,21,14-SEP-19,"05:34:23",37.0767,75.61,22,14-SEP-19,"05:20","0057","SBE-911+","V",24.11,31.087,24.12,31.087,0,0.62,".24",1,6.6,17
"2019006HB","HB1906","2019","201904033800040108","Representative",1449,"10",37.11482,-75.652588,18,19,18,14-SEP-19,"17:11:23",37.1033,75.66,18,14-SEP-19,"16:54","0058","SBE-911+","W",24.51,31.031,24.23,31.026,0,0.78,".29",1,6.5,16
"2019006HB","HB1906","2019","201904033500010110","Representative",1111,"10",37.226535,-75.57722,21,22,21,14-SEP-19,"20:03:38",37.2133,75.5817,20,14-SEP-19,"19:46","0059","SBE-911+","V",24.84,30.98,24.08,31.013,1,0.82,".29",1,6.5,18
"2019006HB","HB1906","2019","201904033500030111","Representative",1181,"10",37.485297,-75.392078,22,22,22,14-SEP-19,"22:37:42",37.4767,75.4033,23,14-SEP-19,"22:21","0060","SBE-911+","V",24.24,30.995,23.45,30.997,1,0.74,".28",1,7,20
"2019006HB","HB1906","2019","201904033200030112","Representative",1080,"10",37.560827,-75.363833,25,25,26,15-SEP-19,"00:28:42",37.55,75.375,24,15-SEP-19,"00:12","0061","SBE-911+","V",24.25,30.845,23.69,30.876,1,0.84,".28",1,6.5,21
"2019006HB","HB1906","2019","201904033200020113","Representative",994,"10",37.739832,-75.244093,27,24,25,15-SEP-19,"03:15:45",37.7283,75.26,25,15-SEP-19,"02:57","0062","SBE-911+","V",24.02,30.756,23.69,30.792,2,1.03,".31",1,6.4,19
"2019006HB","HB1906","2019","201904016900020119","Representative",1250,"10",38.213845,-74.778645,25,30,28,15-SEP-19,"15:36:24",38.21,74.79,22,15-SEP-19,"15:15","0063","SBE-911+","W",23.39,30.632,22.11,31.058,3,0.58,".36",1,6.7,17
"2019006HB","HB1906","2019","201904032900010121","Representative",1302,"10",38.18565,-74.971957,23,23,23,15-SEP-19,"19:34:25",38.1733,74.9783,20,15-SEP-19,"19:17","0064","SBE-911+","V",23.83,30.711,23.19,30.751,3,0.8,".29",1,6.4,16
"2019006HB","HB1906","2019","201904032900030122","Representative",999,"10",38.228043,-74.870012,23,27,25,15-SEP-19,"20:50:29",38.2183,74.8783,23,15-SEP-19,"20:37","0065","SBE-911+","V",23.95,30.643,23.08,30.736,0,0.7,".22",1,6.5,19
"2019006HB","HB1906","2019","201904032600030123","Representative",968,"10",38.573747,-74.85443,27,26,26,15-SEP-19,"23:35:38",38.5617,74.8533,24,15-SEP-19,"23:20","0066","SBE-911+","V",23.64,30.28,22.34,30.721,3,0.73,".26",1,6.2,22
"2019006HB","HB1906","2019","201904032600020124","Representative",1305,"10",38.666908,-74.82107,18,17,19,16-SEP-19,"00:56:21",38.6533,74.8183,24,16-SEP-19,"00:39","0067","SBE-911+","V",22.74,30.508,22.29,30.775,6,0.83,".29",0,6.2,22
"2019006HB","HB1906","2019","201904032600010125","Representative",1291,"10",38.768287,-74.800793,19,19,19,16-SEP-19,"02:41:45",38.7717,74.7767,21,16-SEP-19,"02:07","0068","SBE-911+","V",22.98,30.515,22.87,30.561,2,1.15,".58",1,6.9,18
"2019006HB","HB1906","2019","201904016900070126","Representative",1303,"10",38.818382,-74.561883,24,24,25,16-SEP-19,"04:42:53",38.815,74.5783,25,16-SEP-19,"04:26","0069","SBE-911+","V",22.58,30.836,21.54,31.363,1,0.79,".28",1,6.7,21
"2019006HB","HB1906","2019","201904016900060127","Representative",1002,"10",38.501925,-74.59518,31,28,30,16-SEP-19,"08:29:39",38.5183,74.6017,30,16-SEP-19,"08:02","0070","SBE-911+","V",22.78,30.858,18.3,31.779,1,1.03,".46",1,5.6,26
"2019006HB","HB1906","2019","201904017000010129","Representative",1149,"10",38.411347,-74.032982,60,61,61,16-SEP-19,"14:52:56",38.4117,74.0567,62,16-SEP-19,"14:31","0071","SBE-911+","W",24,34.913,8.94,33.019,2,1.12,".37",1,7.4,58
"2019006HB","HB1906","2019","201904017100010130","Representative",1242,"10",38.225228,-73.722142,122,124,123,16-SEP-19,"17:30:49",38.2183,73.7433,120,16-SEP-19,"17:03","0072","SBE-911+","V",24.48,35.248,14.46,35.819,2,1.08,".46",1,5.2,119
"2019006HB","HB1906","2019","201904017200010131","Representative",1278,"10",38.487123,-73.509368,282,254,279,16-SEP-19,"20:55:45",38.505,73.475,103,16-SEP-19,"20:18","0073","SBE-911+","V",24.5,35.167,14.8,35.769,179,1.94,".63",0,5.2,102
"2019006HB","HB1906","2019","201904017500010133","Representative",1178,"10",38.504432,-73.351518,121,121,121,17-SEP-19,"01:32:17",38.5183,73.3367,120,17-SEP-19,"01:03","0074","SBE-911+","V",24.25,35.21,14.85,35.911,1,1.09,".49",1,5.3,117
"2019006HB","HB1906","2019","201904017500020135","Representative",1191,"10",38.657522,-73.201482,133,129,131,17-SEP-19,"05:06:30",38.6433,73.2167,128,17-SEP-19,"04:40","0075","SBE-911+","W",24.62,35.209,14.86,35.897,5,1.11,".44",1,5.3,123
"2019006HB","HB1906","2019","201904017600010136","Representative",1029,"10",38.65657,-73.12632,200,202,201,17-SEP-19,"07:12:01",38.6767,73.1033,197,17-SEP-19,"06:28","0076","SBE-911+","W",24.61,35.479,14.19,35.826,3,1.62,".73",1,5.2,193
"2019006HB","HB1906","2019","201904017400040137","Representative",1276,"10",38.818835,-73.229142,80,81,81,17-SEP-19,"09:21:52",38.8067,73.2433,81,17-SEP-19,"08:56","0077","SBE-911+","V",24.16,35.277,7.51,32.855,1,0.99,".43",1,6.8,74
"2019006HB","HB1906","2019","201904017400030138","Representative",1287,"10",39.04478,-73.4429,58,60,59,17-SEP-19,"12:11:53",39.055,73.4217,59,17-SEP-19,"11:36","0078","SBE-911+","V",22.44,33.562,7.7,32.595,1,1.16,".6",1,6.8,56
"2019006HB","HB1906","2019","201904017400020139","Representative",1107,"10",38.730732,-73.59406,65,65,66,17-SEP-19,"15:20:12",38.7283,73.56,68,17-SEP-19,"14:46","0079","SBE-911+","V",23.1,34.64,8.01,32.781,3,1.6,".57",1,7,59
"2019006HB","HB1906","2019","201904017000030140","Representative",1138,"10",38.627905,-73.771975,61,60,61,17-SEP-19,"17:35:17",38.625,73.7883,61,17-SEP-19,"17:12","0080","SBE-911+","V",23.3,34.617,8.64,32.706,0,0.79,".39",1,6.9,56
"2019006HB","HB1906","2019","201904017300010143","Representative",1195,"10",39.073048,-74.170613,32,30,32,17-SEP-19,"23:31:15",39.06,74.1767,33,17-SEP-19,"23:14","0081","SBE-911+","V",21.69,31.666,21.04,32.168,1,0.83,".29",1,7,29
"2019006HB","HB1906","2019","201904032000010144","Representative",1255,"10",39.17487,-74.180962,25,23,24,18-SEP-19,"01:03:06",39.1667,74.195,26,18-SEP-19,"00:46","0082","SBE-911+","V",21.4,31.546,21.12,31.507,1,0.82,".29",1,6.7,22
"2019006HB","HB1906","2019","201904032300010145","Representative",1283,"10",39.114643,-74.267347,27,27,27,18-SEP-19,"02:53:22",39.105,74.2817,25,18-SEP-19,"02:35","0083","SBE-911+","V",21.68,31.706,21.32,31.638,2,0.88,".31",1,7.3,21
"2019006HB","HB1906","2019","201904032300030147","Representative",1327,"10",39.133985,-74.490407,21,19,19,18-SEP-19,"06:43:31",39.125,74.5,21,18-SEP-19,"06:28","0084","SBE-911+","V",22.44,30.732,22.44,30.731,0,0.7,".26",1,7.3,16
"2019006HB","HB1906","2019","201904032000040148","Representative",1190,"10",39.353952,-74.12071,28,27,27,18-SEP-19,"09:31:04",39.345,74.135,27,18-SEP-19,"09:10","0085","SBE-911+","V",21.64,31.147,21.57,31.145,1,0.85,".35",1,6.9,22
"2019006HB","HB1906","2019","201904017300050150","Representative",1150,"10",39.420048,-73.885988,33,31,32,18-SEP-19,"14:02:32",39.42,73.89,32,18-SEP-19,"13:37","0086","SBE-911+","V",21.25,31.698,20.63,31.692,1,0.19,".43",1,6.4,27
"2019006HB","HB1906","2019","201904032000020153","Representative",1326,"10",39.43696,-74.014348,25,24,25,18-SEP-19,"20:01:36",39.43,74.0367,26,18-SEP-19,"19:35","0087","SBE-911+","V",21.07,31.428,20.72,31.399,1,1.12,".44",1,5.8,23
"2019006HB","HB1906","2019","201904032000030154","Representative",1132,"10",39.58145,-74.027933,24,24,24,18-SEP-19,"21:59:36",39.5683,74.0333,24,18-SEP-19,"21:42","0088","SBE-911+","V",21.61,31.092,21.55,31.13,0,0.83,".29",1,7.2,21
"2019006HB","HB1906","2019","201904031700010155","Representative",992,"10",39.899625,-73.936595,26,26,25,19-SEP-19,"02:34:06",39.8917,73.955,23,19-SEP-19,"02:13","0089","SBE-911+","W",21.41,30.955,21.41,30.955,3,0.97,".35",1,6.9,19
"2019006HB","HB1906","2019","201904031700030156","Representative",1656,"10",40.030238,-73.859882,27,27,26,19-SEP-19,"05:06:42",40.03,73.8783,25,19-SEP-19,"04:48","0090","SBE-911+","W",21.27,31.246,20.99,31.229,2,0.85,".31",1,5.8,20
"2019006HB","HB1906","2019","201904031700020157","Representative",976,"10",39.87986,-73.829983,27,28,28,19-SEP-19,"07:05:14",39.8783,73.8467,26,19-SEP-19,"06:48","0091","SBE-911+","V",21.12,31.536,21.13,31.536,1,0.78,".29",1,6.9,21
"2019006HB","HB1906","2019","201904010100060158","Representative",1203,"10",40.524308,-72.630072,41,42,42,19-SEP-19,"16:00:57",40.5183,72.645,47,19-SEP-19,"15:44","0092","SBE-911+","V",19.1,32.144,12.65,32.255,6,0.77,".28",1,5.9,40
"2019006HB","HB1906","2019","201904010100040159","Representative",1196,"10",40.535097,-72.386407,51,50,49,19-SEP-19,"19:14:56",40.5267,72.3983,49,19-SEP-19,"18:55","0093","SBE-911+","V",19,32.628,11.2,32.406,2,0.74,".33",1,6.3,45
"2019006HB","HB1906","2019","201904030800030160","Representative",1153,"10",40.772925,-72.473668,31,32,32,19-SEP-19,"22:03:42",40.7683,72.4883,32,19-SEP-19,"21:44","0094","SBE-911+","W",19.53,31.259,18.9,31.635,1,0.72,".33",1,6.7,26
"2019006HB","HB1906","2019","201904034500010161","Representative",985,"10",41.362225,-71.384652,35,34,35,25-SEP-19,"16:48:33",41.3517,71.395,34,25-SEP-19,"16:28","0095","SBE-911+","V",19.18,31.673,14.67,32.355,1,0.79,".34",1,2.6,30
"2019006HB","HB1906","2019","201904034500020162","Representative",958,"10",41.374305,-71.264918,30,29,30,25-SEP-19,"18:32:30",41.3717,71.285,34,25-SEP-19,"18:12","0096","SBE-911+","V",19.63,31.739,16.09,32.843,4,0.92,".34",1,5.2,29
"2019006HB","HB1906","2019","201904034600040163","Representative",1071,"10",41.346988,-70.92762,33,31,32,25-SEP-19,"21:51:55",41.345,70.9083,34,25-SEP-19,"20:55","0097","SBE-911+","V",18.66,32.063,15.44,32.699,1,0.88,".95",1,4.6,28
"2019006HB","HB1906","2019","201904010500050164","Representative",1141,"10",41.264628,-71.025575,43,42,42,26-SEP-19,"00:31:00",41.2817,71.0317,42,26-SEP-19,"00:13","0098","SBE-911+","W",19.25,31.772,14.85,32.842,1,1.06,".3",1,5.4,33
"2019006HB","HB1906","2019","201904010500010165","Representative",1293,"10",41.16691,-71.22101,38,38,37,26-SEP-19,"03:05:45",41.1517,71.2267,38,26-SEP-19,"02:38","0099","SBE-911+","V",19.22,31.812,12.2,32.643,0,0.95,".46",1,5.3,30
"2019006HB","HB1906","2019","201904030200010171","Representative",961,"10",41.004378,-71.81229,28,28,29,26-SEP-19,"22:02:26",41.0133,71.8,29,26-SEP-19,"21:42","0100","SBE-911+","W",19.09,31.864,16.07,32.078,1,0.77,".34",1,6,24
"2019006HB","HB1906","2019","201904030200020172","Representative",1183,"10",41.005537,-71.89899,21,22,21,27-SEP-19,"00:04:02",41.0017,71.9067,20,26-SEP-19,"23:42","0101","SBE-911+","V",19.28,31.508,18.03,32.226,1,0.42,".37",1,6.2,16
"2019006HB","HB1906","2019","201904030200030173","Representative",1156,"10",40.962577,-71.988557,25,25,26,27-SEP-19,"02:00:32",40.9567,72.0067,26,27-SEP-19,"01:39","0102","SBE-911+","V",19.19,31.695,16.2,32.992,1,0.9,".36",1,5.4,22
"2019006HB","HB1906","2019","201904030500020175","Representative",1016,"10",40.94898,-72.027727,25,26,25,27-SEP-19,"05:17:43",40.9533,72.0133,26,27-SEP-19,"04:55","0103","SBE-911+","W",18.81,32.117,15.65,32.609,1,0.7,".38",1,5.2,20
"2019006HB","HB1906","2019","201904030500010176","Representative",1099,"10",40.896078,-72.167045,27,27,28,27-SEP-19,"06:39:10",40.9033,72.1483,27,27-SEP-19,"06:22","0104","SBE-911+","V",18.59,32.391,13.74,32.461,0,0.96,".29",1,4.7,22
"2019006HB","HB1906","2019","201904010200060181","Representative",1044,"10",39.845918,-72.951482,71,75,73,27-SEP-19,"22:43:17",39.8383,72.9317,70,27-SEP-19,"22:23","0105","SBE-911+","W",21.49,33.646,11.4,33.946,1,1.02,".34",1,6.2,65
"2019006HB","HB1906","2019","201904010200050184","Representative",1068,"10",39.538532,-72.793135,67,66,68,28-SEP-19,"05:01:35",39.5517,72.7833,70,28-SEP-19,"04:42","0106","SBE-911+","V",21.33,34.142,10.59,33.868,3,0.91,".33",1,6.2,67
"2019006HB","HB1906","2019","201904010200040185","Representative",1309,"10",39.49859,-73.083008,66,62,65,28-SEP-19,"07:02:36",39.51,73.0683,67,28-SEP-19,"06:42","0107","SBE-911+","W",20.87,32.716,9.43,33.383,1,0.97,".34",1,6.4,61
"2019006HB","HB1906","2019","201904010100070186","Representative",979,"10",39.63828,-73.31429,39,40,39,28-SEP-19,"09:26:45",39.6483,73.3317,41,28-SEP-19,"09:05","0108","SBE-911+","V",21,31.975,13.09,32.356,2,1.01,".36",1,5.9,36
"2019006HB","HB1906","2019","201904017600020188","Representative",1198,"10",38.839808,-72.946323,190,211,196,28-SEP-19,"17:31:17",38.8567,72.9233,265,28-SEP-19,"16:49","0109","SBE-911+","V",22.14,35.246,,,75,1.48,".7",0,4.4,253
"2019006HB","HB1906","2019","201904017600030189","Representative",1161,"10",38.866338,-72.920962,184,191,187,28-SEP-19,"19:20:32",38.8433,72.9367,219,28-SEP-19,"18:37","0110","SBE-911+","V",22.26,35.232,13.03,35.687,35,1.57,".73",0,4.6,214
"2019006HB","HB1906","2019","201904010300020191","Representative",1332,"10",39.396837,-72.527313,128,130,128,29-SEP-19,"01:26:32",39.4167,72.5183,126,29-SEP-19,"00:55","0111","SBE-911+","V",22.02,34.844,14.36,35.746,2,1.26,".53",1,4.8,125
"2019006HB","HB1906","2019","201904010300030192","Representative",967,"10",39.4363,-72.332385,140,143,143,29-SEP-19,"04:06:30",39.4183,72.345,143,29-SEP-19,"03:36","0112","SBE-911+","V",22.39,35.55,14.06,35.784,3,1.23,".51",1,4.8,137
"2019006HB","HB1906","2019","201904010300040193","Representative",1265,"10",39.67229,-72.289955,119,116,118,29-SEP-19,"06:32:04",39.6783,72.27,119,29-SEP-19,"06:07","0113","SBE-911+","W",21.03,34.21,14.13,35.75,0,0.99,".42",1,4.9,114
"2019006HB","HB1906","2019","201904010300010194","Representative",1023,"10",39.771098,-72.090067,119,119,120,29-SEP-19,"08:52:09",39.7817,72.07,120,29-SEP-19,"08:27","0114","SBE-911+","V",21.36,34.498,14.2,35.764,1,1.12,".42",1,4.9,115
"2019006HB","HB1906","2019","201904010400020195","Representative",1116,"10",39.64516,-71.98403,265,271,267,29-SEP-19,"12:17:24",39.6133,71.995,300,29-SEP-19,"11:05","0115","SBE-911+","V",23.54,35.432,12.56,35.622,35,1.98,"1.21",1,4.5,293
"2019006HB","HB1906","2019","201904010400010196","Representative",982,"10",39.83057,-71.821368,196,195,196,29-SEP-19,"14:55:55",39.8567,71.8033,180,29-SEP-19,"14:23","0116","SBE-911+","V",20.67,33.11,14.15,35.848,16,1.78,".55",1,4.8,176
"2019006HB","HB1906","2019","201904010400040197","Non-Representative",1213,"10",39.876057,-71.757855,191,192,191,29-SEP-19,"17:41:04",39.8633,71.78,192,29-SEP-19,"16:56","0117","SBE-911+","W",20.66,33.108,14.09,35.843,1,1.28,".75",1,4.8,184
"2019006HB","HB1906","2019","201904010400030198","Representative",1213,"10",39.886817,-71.74265,191,191,191,29-SEP-19,"18:47:49",39.8633,71.78,192,29-SEP-19,"16:56","0117","SBE-911+","W",20.66,33.108,14.09,35.843,1,2.23,"1.86",1,4.8,184
"2019006HB","HB1906","2019","201904010700020199","Representative",1243,"10",39.93906,-71.565697,132,125,128,29-SEP-19,"21:57:00",39.955,71.5333,120,29-SEP-19,"20:53","0118","SBE-911+","V",23.14,35.387,14.77,35.911,12,1.77,"1.07",1,5,115
"2019006HB","HB1906","2019","201904010800050200","Non-Representative",1306,"10",39.904403,-71.511543,296,296,295,30-SEP-19,"01:09:00",39.895,71.555,286,30-SEP-19,"00:12","0119","SBE-911+","V",23.79,35.733,,,10,2.08,".95",0,4.6,274
"2019006HB","HB1906","2019","201904010800030202","Representative",1306,"10",39.90491,-71.484373,324,323,322,30-SEP-19,"05:29:17",39.895,71.555,286,30-SEP-19,"00:12","0119","SBE-911+","V",23.79,35.733,,,38,3.31,"5.29",0,4.6,274
"2019006HB","HB1906","2019","201904010800040201","Non-Representative",1306,"10",39.909945,-71.497727,293,295,293,30-SEP-19,"02:13:16",39.895,71.555,286,30-SEP-19,"00:12","0119","SBE-911+","V",23.79,35.733,,,7,2.79,"2.02",0,4.6,274
"2019006HB","HB1906","2019","201904010800020203","Representative",1070,"10",39.972413,-71.273727,317,318,316,30-SEP-19,"08:45:45",39.9883,71.2383,297,30-SEP-19,"07:55","0120","SBE-911+","V",23.84,35.925,13.83,35.809,20,1.89,".85",1,4.9,295
"2019006HB","HB1906","2019","201904010700040204","Representative",1186,"10",40.018585,-71.366768,135,132,133,30-SEP-19,"11:36:27",40.03,71.3533,146,30-SEP-19,"10:39","0121","SBE-911+","V",24,35.796,14.98,35.931,11,0.92,".96",1,5,142
"2019006HB","HB1906","2019","201904010600010206","Representative",973,"10",40.224873,-71.247972,98,97,97,30-SEP-19,"16:18:27",40.2133,71.2683,97,30-SEP-19,"15:50","0122","SBE-911+","V",21.74,35.074,14.1,35.51,1,1.16,".47",1,4.9,91
"2019006HB","HB1906","2019","201904010600040209","Representative",1108,"10",40.62103,-70.784837,67,68,68,01-OCT-19,"00:25:24",40.635,70.8,68,30-SEP-19,"23:56","0123","SBE-911+","V",20.28,34.163,11.28,33.473,1,1.09,".49",1,5.4,62
"2019006HB","HB1906","2019","201904010600020211","Representative",1155,"10",40.416932,-70.724758,86,85,86,01-OCT-19,"04:50:05",40.4167,70.7467,86,01-OCT-19,"04:29","0124","SBE-911+","W",20.16,34.262,13.73,35.366,0,1,".35",1,4.7,82
"2019006HB","HB1906","2019","201904010700030212","Representative",1126,"10",40.152788,-70.814952,135,136,135,01-OCT-19,"07:42:21",40.1633,70.835,135,01-OCT-19,"07:17","0125","SBE-911+","V",20.35,34.444,14.67,35.887,0,1.12,".42",1,4.9,130
"2019006HB","HB1906","2019","201904010800010213","Representative",1205,"10",39.990402,-70.557963,286,290,289,01-OCT-19,"12:09:50",40.0067,70.5267,312,01-OCT-19,"10:46","0126","SBE-911+","V",23.83,35.955,11.97,35.543,26,1.74,"1.4",1,4.5,307
"2019006HB","HB1906","2019","201904010700010214","Representative",1083,"10",40.091743,-70.591188,125,129,127,01-OCT-19,"14:20:56",40.0883,70.5717,124,01-OCT-19,"13:54","0127","SBE-911+","V",23.91,36.114,14.33,35.728,1,0.92,".45",1,4.8,120
"2019006HB","HB1906","2019","201904011000010215","Representative",1015,"10",40.294535,-70.392405,97,94,95,01-OCT-19,"16:59:46",40.2817,70.395,99,01-OCT-19,"16:33","0128","SBE-911+","V",19.3,33.937,,,2,0.78,".45",0,5,79
"2019006HB","HB1906","2019","201904011000060216","Representative",1162,"10",40.442042,-70.418245,75,73,74,01-OCT-19,"18:49:58",40.425,70.4067,76,01-OCT-19,"18:23","0129","SBE-911+","V",19.74,34.008,13.27,35.024,1,1.15,".45",1,4.8,71
"2019006HB","HB1906","2019","201904011000050217","Representative",1184,"10",40.383582,-70.269052,80,80,80,01-OCT-19,"21:00:52",40.3833,70.2917,81,01-OCT-19,"20:41","0130","SBE-911+","W",20.25,34.317,13.71,35.176,1,1.04,".33",1,4.6,76
"2019006HB","HB1906","2019","201904011000070219","Representative",1269,"10",40.319662,-70.083228,88,88,88,02-OCT-19,"00:48:17",40.3217,70.0583,87,02-OCT-19,"00:23","0131","SBE-911+","V",19.93,34,14.44,35.709,1,1.15,".42",1,4.7,82
"2019006HB","HB1906","2019","201904011100040220","Representative",963,"10",40.078122,-70.079195,155,153,154,02-OCT-19,"04:01:24",40.08,70.1067,158,02-OCT-19,"03:25","0132","SBE-911+","V",22.72,35.445,15.32,35.993,3,1.27,".61",1,5.1,152
"2019006HB","HB1906","2019","201904011100020221","Representative",1201,"10",40.022092,-70.073907,169,171,170,02-OCT-19,"06:15:10",40.0083,70.0517,166,02-OCT-19,"05:38","0133","SBE-911+","V",23.57,35.846,14.55,35.892,3,1.32,".62",1,5,161
"2019006HB","HB1906","2019","201904011100010222","Representative",1113,"10",40.002835,-69.261425,168,164,165,02-OCT-19,"13:03:40",40.0183,69.2433,162,02-OCT-19,"11:45","0134","SBE-911+","V",23.56,35.691,16.05,36.121,6,1.25,"1.31",1,5.4,156
"2019006HB","HB1906","2019","201904011200020223","Representative",1057,"10",40.06556,-68.940083,190,192,191,02-OCT-19,"18:38:29",40.0683,68.91,207,02-OCT-19,"15:56","0135","SBE-911+","W",24.85,36.013,14.59,35.908,17,1.39,"2.71",1,5.1,204
"2019006HB","HB1906","2019","201904011200010224","Representative",1158,"10",40.09297,-68.879733,195,194,195,02-OCT-19,"20:38:36",40.105,68.8567,203,02-OCT-19,"20:01","0136","SBE-911+","V",24.79,35.998,15.33,36.012,8,1.28,".63",1,5.2,200
"2019006HB","HB1906","2019","201904011000020226","Representative",1101,"10",40.205828,-69.459835,86,85,86,03-OCT-19,"03:51:59",40.195,69.48,85,03-OCT-19,"03:18","0137","SBE-911+","V",19.61,34.03,15.92,35.932,1,1.13,".57",1,4.9,81
"2019006HB","HB1906","2019","201904011000090227","Representative",1086,"10",40.447902,-69.738973,74,74,73,03-OCT-19,"06:56:33",40.4467,69.76,74,03-OCT-19,"06:34","0138","SBE-911+","W",18.77,33.029,14.37,35.621,0,0.96,".38",1,4.5,70
"2019006HB","HB1906","2019","201904034600020228","Representative",1316,"10",41.284278,-70.666885,26,27,26,13-OCT-19,"01:58:55",41.2967,70.6517,25,13-OCT-19,"01:33","0139","SBE-911+","W",15.77,31.637,15.78,31.636,1,1.01,".43",1,7.8,20
"2019006HB","HB1906","2019","201904034600010232","Representative",1263,"10",40.978427,-70.165448,26,26,26,13-OCT-19,"10:41:36",40.9667,70.1617,26,13-OCT-19,"10:24","0141","SBE-911+","V",14.02,31.822,14.01,31.82,0,0.72,".29",1,8.1,25
"2019006HB","HB1906","2019","201904010900040234","Representative",1128,"10",40.915287,-69.767818,39,39,39,13-OCT-19,"15:43:10",40.9217,69.77,36,13-OCT-19,"15:27","0142","SBE-911+","V",13.48,32.072,13.44,32.055,3,0.4,".27",1,8.2,31
"2019006HB","HB1906","2019","201904011300010238","Representative",1235,"10",40.747918,-68.28419,61,62,62,14-OCT-19,"04:45:46",40.7683,68.2783,60,14-OCT-19,"04:18","0143","SBE-911+","W",17.4,33.781,17.32,33.857,1,1.25,".46",1,7.3,57
"2019006HB","HB1906","2019","201904011300060240","Representative",1286,"10",40.541397,-68.80038,68,70,69,14-OCT-19,"09:13:41",40.5567,68.81,68,14-OCT-19,"08:54","0144","SBE-911+","V",16.13,33.245,20.59,34.938,0,1.02,".33",1,7,65
"2019006HB","HB1906","2019","201904011500010242","Representative",1165,"10",40.174033,-68.404815,220,220,221,14-OCT-19,"15:45:51",40.175,68.3667,292,14-OCT-19,"14:59","0145","SBE-911+","W",25.66,35.992,12.62,35.638,72,1.75,".78",0,4.8,285
"2019006HB","HB1906","2019","201904011400040243","Representative",1197,"10",40.414565,-68.216097,135,134,134,14-OCT-19,"18:49:34",40.4233,68.2,135,14-OCT-19,"18:16","0146","SBE-911+","W",24.18,35.189,15.56,36.073,0,0.9,".56",1,5,130
"2019006HB","HB1906","2019","201904011400020244","Representative",1323,"10",40.447757,-68.023127,140,142,142,14-OCT-19,"21:39:30",40.465,68.0317,135,14-OCT-19,"20:44","0147","SBE-911+","V",24.96,35.731,14.54,35.934,5,1.11,".93",1,5.1,130
"2019006HB","HB1906","2019","201904011300040245","Representative",1246,"10",40.568473,-67.796777,94,100,96,15-OCT-19,"00:28:35",40.595,67.8,89,14-OCT-19,"23:59","0148","SBE-911+","V",21.71,35.334,17.13,35.238,5,1.6,".49",1,5.9,86
"2019006HB","HB1906","2019","201904011400030246","Representative",1227,"10",40.477225,-67.764025,133,139,135,15-OCT-19,"02:36:18",40.5,67.775,125,15-OCT-19,"02:03","0149","SBE-911+","V",23.13,35.685,15.26,35.813,8,1.46,".56",1,5.1,121
"2019006HB","HB1906","2019","201904011500030247","Non-Representative",1182,"10",40.515925,-67.71476,282,278,280,15-OCT-19,"04:54:16",40.545,67.725,140,15-OCT-19,"04:08","0150","SBE-911+","V",23.02,35.659,13.12,35.674,142,1.81,".77",0,5.1,138
"2019006HB","HB1906","2019","201904011400010249","Representative",1135,"10",40.577252,-67.273878,128,119,123,15-OCT-19,"10:26:47",40.56,67.2733,140,15-OCT-19,"09:57","0151","SBE-911+","V",21.43,35.145,12.4,35.124,12,1.04,".5",1,5.3,137
"2019006HB","HB1906","2019","201904011300020250","Representative",1167,"10",40.688863,-67.49761,92,90,91,15-OCT-19,"12:48:27",40.7017,67.51,90,15-OCT-19,"12:18","0152","SBE-911+","V",22.09,35.374,17.1,34.569,2,0.96,".51",1,6.2,88
"2019006HB","HB1906","2019","201904011300100251","Representative",1021,"10",40.750828,-67.554515,85,85,85,15-OCT-19,"14:19:15",40.7317,67.5617,86,15-OCT-19,"13:55","0153","SBE-911+","V",20.22,34.687,18.24,34.817,1,1.19,".4",1,6.2,82
"2019006HB","HB1906","2019","201904011900030258","Representative",1200,"10",41.082832,-67.899623,50,49,49,16-OCT-19,"04:48:14",41.09,67.8867,51,16-OCT-19,"04:26","0154","SBE-911+","V",14.76,32.481,14.72,32.478,1,0.73,".37",1,8,45
"2019006HB","HB1906","2019","201904012000040261","Non-Representative",1277,"10",41.209167,-68.4135,55,57,55,16-OCT-19,"13:20:29",41.2067,68.435,57,16-OCT-19,"12:58","0155","SBE-911+","V",14.78,32.614,14.57,32.643,2,0.98,".37",1,7.6,51
"2019006HB","HB1906","2019","201904035900010262","Representative",1088,"10",41.83308,-70.368107,26,24,25,18-OCT-19,"01:55:46",41.8383,70.35,27,18-OCT-19,"01:39","0156","SBE-911+","W",13.77,31.528,13.78,31.527,1,0.87,".28",1,8.1,22
"2019006HB","HB1906","2019","201904036000030263","Representative",1209,"10",41.870505,-70.302725,31,30,31,18-OCT-19,"03:34:29",41.8717,70.2833,30,18-OCT-19,"03:12","0157","SBE-911+","V",13.29,31.538,13.29,31.539,1,0.87,".37",1,8.3,26
"2019006HB","HB1906","2019","201904035900030264","Representative",1159,"10",41.912232,-70.169868,28,30,29,18-OCT-19,"06:23:13",41.905,70.185,31,18-OCT-19,"06:06","0158","SBE-911+","V",13.02,31.54,12.55,31.593,3,0.8,".29",1,8.3,28
"2019006HB","HB1906","2019","201904012100020265","Representative",1104,"10",42.027598,-67.626517,68,70,69,18-OCT-19,"20:24:18",42.03,67.6083,69,18-OCT-19,"19:56","0159","SBE-911+","W",14.64,32.711,11.44,32.756,1,0.83,".47",1,7.8,61
"2019006HB","HB1906","2019","201904012000060266","Representative",1260,"10",41.949157,-67.577657,46,46,47,18-OCT-19,"22:50:25",41.9383,67.5583,43,18-OCT-19,"22:22","0160","SBE-911+","V",14.39,32.637,14.4,32.636,3,1.08,".47",1,7.9,36
"2019006HB","HB1906","2019","201904012000080267","Non-Representative",978,"10",42.062313,-67.188815,52,50,50,19-OCT-19,"02:22:18",42.0467,67.1783,53,19-OCT-19,"02:03","0161","SBE-911+","V",13.59,32.753,13.1,32.75,1,1.05,".32",1,8,46
"2019006HB","HB1906","2019","201904012000050268","Representative",978,"10",42.075895,-67.204665,50,55,53,19-OCT-19,"03:40:45",42.0467,67.1783,53,19-OCT-19,"02:03","0161","SBE-911+","V",13.59,32.753,13.1,32.75,3,2.11,"1.63",1,8,46
"2019006HB","HB1906","2019","201904011900070269","Non-Representative",1009,"10",41.942322,-67.072987,66,62,63,19-OCT-19,"07:06:40",41.9383,67.05,63,19-OCT-19,"06:36","0162","SBE-911+","V",13.8,32.547,13.49,32.58,3,1.06,".51",1,7.9,59
"2019006HB","HB1906","2019","201904011600100270","Representative",1239,"10",41.860197,-66.66361,72,72,71,19-OCT-19,"14:05:52",41.835,66.6483,74,19-OCT-19,"13:39","0163","SBE-911+","V",12.42,32.742,12.33,32.745,2,1.66,".45",1,8,68
"2019006HB","HB1906","2019","201904011600060272","Representative",1025,"10",41.772245,-66.91864,67,68,67,19-OCT-19,"19:14:49",41.7583,66.92,66,19-OCT-19,"18:52","0164","SBE-911+","W",13.43,32.644,13.48,32.695,1,0.84,".38",1,8,63
"2019006HB","HB1906","2019","201904011600070277","Representative",1008,"10",41.199598,-66.993085,70,69,69,20-OCT-19,"09:11:13",41.1867,66.9933,68,20-OCT-19,"08:49","0165","SBE-911+","V",13.88,32.618,14.67,33.28,2,0.77,".37",1,7.7,63
"2019006HB","HB1906","2019","201904011600050278","Representative",1028,"10",40.889695,-66.853752,94,94,94,20-OCT-19,"12:03:58",40.9017,66.83,93,20-OCT-19,"11:40","0166","SBE-911+","W",14.05,32.89,11.79,33.886,1,1.3,".4",1,6.9,90
"2019006HB","HB1906","2019","201904011700010279","Representative",1206,"10",40.8214,-66.737532,151,150,150,20-OCT-19,"14:08:48",40.8367,66.715,145,20-OCT-19,"13:42","0167","SBE-911+","V",15.33,33.758,9.99,34.41,6,1.38,".45",1,6.2,139
"2019006HB","HB1906","2019","201904011800020280","Representative",1171,"10",40.78935,-66.743018,238,236,237,20-OCT-19,"16:07:40",40.8,66.71,221,20-OCT-19,"15:26","0168","SBE-911+","V",14.43,33.238,10.03,35.239,17,1.63,".69",1,5.1,215
"2019006HB","HB1906","2019","201904011800010281","Representative",1142,"10",41.013982,-66.42033,346,346,347,20-OCT-19,"20:40:31",41.0467,66.4083,441,20-OCT-19,"19:47","0169","SBE-911+","W",14.98,33.563,,,95,2.04,".89",0,7,418
"2019006HB","HB1906","2019","201904011700020282","Representative",969,"10",41.032097,-66.475718,125,125,125,20-OCT-19,"22:47:03",41.05,66.4667,123,20-OCT-19,"22:21","0170","SBE-911+","V",14.83,33.486,9.59,34.085,2,1.15,".43",1,6.6,117
"2019006HB","HB1906","2019","201904011600120285","Representative",1262,"10",41.549025,-66.583555,86,85,86,21-OCT-19,"05:45:47",41.5383,66.5983,85,21-OCT-19,"05:25","0171","SBE-911+","V",12.47,32.766,11.19,32.883,1,0.92,".35",1,7.7,80
"2019006HB","HB1906","2019","201904011600090287","Representative",1229,"10",41.503198,-66.251332,95,96,95,21-OCT-19,"09:22:27",41.5233,66.2367,92,21-OCT-19,"08:55","0172","SBE-911+","V",14.43,33.067,10.35,33.711,3,1.37,".46",1,6.9,88
"2019006HB","HB1906","2019","201904011700030290","Representative",1217,"10",41.384612,-66.07547,166,167,166,21-OCT-19,"14:41:13",41.4,66.0517,170,21-OCT-19,"14:11","0173","SBE-911+","V",14.43,33.062,9.85,34.376,4,1.41,".5",1,6.3,166
"2019006HB","HB1906","2019","201904011600140291","Representative",1272,"10",41.777905,-66.014805,99,99,98,21-OCT-19,"18:09:02",41.76,66.01,103,21-OCT-19,"17:42","0174","SBE-911+","W",15.02,33.409,10.77,33.616,4,1.1,".45",1,7.3,95
"2019006HB","HB1906","2019","201904011800050292","Non-Representative",1271,"10",41.790617,-65.73783,203,201,203,21-OCT-19,"21:47:27",41.77,65.7417,256,21-OCT-19,"20:33","0175","SBE-911+","V",17.41,34.571,9.69,35.191,53,1.25,"1.24",0,5.3,250
"2019006HB","HB1906","2019","201904011800040293","Representative",1271,"10",41.792135,-65.737503,205,205,204,21-OCT-19,"22:53:27",41.77,65.7417,256,21-OCT-19,"20:33","0175","SBE-911+","V",17.41,34.571,9.69,35.191,51,1.34,"2.34",0,5.3,250
"2019006HB","HB1906","2019","201904011800030294","Representative",975,"10",41.982023,-65.846543,189,211,198,22-OCT-19,"01:46:15",41.975,65.875,162,22-OCT-19,"01:12","0176","SBE-911+","V",15.08,33.444,9.34,34.536,27,1.34,".57",1,6,157
"2019006HB","HB1906","2019","201904012900020295","Representative",1314,"10",42.287615,-65.90484,233,230,232,22-OCT-19,"04:48:54",42.2683,65.9067,233,22-OCT-19,"04:07","0177","SBE-911+","V",13.42,32.408,10.26,35.287,0,1.16,".7",1,5.2,229
"2019006HB","HB1906","2019","201904012900060296","Representative",1208,"10",42.199195,-66.132567,248,257,252,22-OCT-19,"07:25:41",42.175,66.14,230,22-OCT-19,"06:43","0178","SBE-911+","V",14.2,33.001,8.7,35.106,18,1.49,".71",1,5.8,225
"2019006HB","HB1906","2019","201904012900050297","Representative",1289,"10",42.375052,-66.340897,258,257,257,22-OCT-19,"10:45:29",42.3683,66.37,260,22-OCT-19,"09:59","0179","SBE-911+","V",13.39,32.784,9.7,35.121,2,1.35,".77",1,5.3,254
"2019006HB","HB1906","2019","201904012200030298","Representative",1119,"10",42.152135,-66.311463,184,193,189,22-OCT-19,"13:34:56",42.13,66.2967,113,22-OCT-19,"13:01","0180","SBE-911+","V",13.43,32.759,8.1,33.259,71,1.48,".57",0,7.4,109
"2019006HB","HB1906","2019","201904012200090299","Non-Representative",990,"10",42.177095,-66.729875,195,195,195,22-OCT-19,"16:57:59",42.18,66.7567,197,22-OCT-19,"16:19","0181","SBE-911+","W",,,9.42,34.821,2,1.21,".65",0,5.4,190
"2019006HB","HB1906","2019","201904012200040300","Representative",990,"10",42.177057,-66.7335,194,195,195,22-OCT-19,"18:18:06",42.18,66.7567,197,22-OCT-19,"16:19","0181","SBE-911+","W",,,9.42,34.821,3,1.05,"1.99",0,5.4,190
"2019006HB","HB1906","2019","201904012100030301","Representative",1058,"10",42.131622,-66.834435,75,73,76,22-OCT-19,"20:27:57",42.1367,66.8617,79,22-OCT-19,"19:58","0182","SBE-911+","V",13.66,32.798,9.09,32.954,4,1.25,".5",1,7.8,73
"2019006HB","HB1906","2019","201904012100040302","Representative",971,"10",42.161785,-66.92523,109,110,110,22-OCT-19,"22:31:33",42.165,66.9483,105,22-OCT-19,"22:05","0183","SBE-911+","V",13.6,32.824,8.66,32.941,4,1.05,".44",1,7.7,103
"2019006HB","HB1906","2019","201904012900100303","Representative",1035,"10",42.233278,-67.560128,252,256,255,23-OCT-19,"13:58:40",42.2367,67.6017,240,23-OCT-19,"13:14","0184","SBE-911+","V",13.78,32.554,9.62,35.009,12,1.86,".74",1,5.3,236
"2019006HB","HB1906","2019","201904012200020304","Representative",1296,"10",42.167627,-67.492635,207,221,212,23-OCT-19,"16:22:12",42.1667,67.525,194,23-OCT-19,"15:44","0185","SBE-911+","W",13.77,32.53,9.42,34.897,13,1.44,".64",1,5.4,186
"2019006HB","HB1906","2019","201904012000020305","Representative",1064,"10",41.697827,-67.822902,34,29,31,23-OCT-19,"21:56:28",41.685,67.815,36,23-OCT-19,"21:37","0186","SBE-911+","V",14.69,32.466,14.7,32.468,2,0.85,".32",1,8.1,30
"2019006HB","HB1906","2019","201904012100010306","Representative",989,"10",41.761857,-68.196058,64,65,65,24-OCT-19,"01:26:15",41.7683,68.175,63,24-OCT-19,"01:05","0187","SBE-911+","V",14.42,32.505,13.33,32.608,1,1.02,".35",1,7.7,56
"2019006HB","HB1906","2019","201904012200010307","Representative",1320,"10",41.74089,-68.356455,95,94,93,24-OCT-19,"03:26:43",41.7567,68.34,99,24-OCT-19,"03:06","0188","SBE-911+","V",14.04,32.554,7.57,32.945,4,1.2,".35",1,7.4,93
"2019006HB","HB1906","2019","201904012000010308","Representative",1093,"10",41.519567,-68.258217,39,44,40,24-OCT-19,"05:49:55",41.5117,68.245,40,24-OCT-19,"05:33","0189","SBE-911+","V",14.91,32.435,14.92,32.435,1,0.76,".28",1,8.1,37
"2019006HB","HB1906","2019","201904012400050311","Representative",1254,"10",41.391525,-68.828208,136,137,137,24-OCT-19,"12:25:00",41.3867,68.85,136,24-OCT-19,"11:57","0190","SBE-911+","V",13.4,32.393,6.8,33.011,0,1.02,".47",1,7.3,132
"2019006HB","HB1906","2019","201904012300020313","Representative",1290,"10",41.117598,-68.964483,98,100,100,24-OCT-19,"17:11:14",41.1067,68.9767,96,24-OCT-19,"16:44","0191","SBE-911+","W",13.92,32.423,8.55,32.72,2,0.86,".45",1,7.5,90
"2019006HB","HB1906","2019","201904012300060314","Representative",1130,"10",41.154122,-69.059873,106,106,106,24-OCT-19,"20:16:02",41.1433,69.0767,104,24-OCT-19,"19:51","0192","SBE-911+","V",13.77,32.26,8.18,32.749,2,1,".42",1,7.5,98
"2019006HB","HB1906","2019","201904036000010316","Representative",1066,"10",41.919085,-70.28527,34,33,33,30-OCT-19,"23:31:03",41.9117,70.2683,32,30-OCT-19,"23:14","0193","SBE-911+","V",13.21,31.561,13.11,31.627,2,0.88,".28",1,8,27
"2019006HB","HB1906","2019","201904036100030317","Representative",1096,"10",42.018218,-70.299565,49,52,51,31-OCT-19,"01:25:49",42.0083,70.275,46,31-OCT-19,"01:05","0194","SBE-911+","V",13.48,31.587,12.66,31.856,3,1.25,".35",1,8,42
"2019006HB","HB1906","2019","201904036000040319","Non-Representative",1085,"10",41.947818,-70.46425,39,39,39,31-OCT-19,"05:36:06",41.9333,70.455,39,31-OCT-19,"05:16","0195","SBE-911+","W",13.52,31.355,11.98,31.82,0,0.97,".33",1,5.7,33
"2019006HB","HB1906","2019","201904036000020320","Representative",1085,"10",41.947845,-70.464752,39,39,38,31-OCT-19,"06:42:08",41.9333,70.455,39,31-OCT-19,"05:16","0195","SBE-911+","W",13.52,31.355,11.98,31.82,0,0.98,"1.44",1,5.7,33
"2019006HB","HB1906","2019","201904036100010321","Representative",1033,"10",42.10722,-70.435645,60,57,58,31-OCT-19,"08:38:20",42.1183,70.4267,62,31-OCT-19,"08:19","0196","SBE-911+","V",13.32,31.707,10.35,32.169,2,0.78,".32",1,6.6,57
"2019006HB","HB1906","2019","201904035900020322","Non-Representative",1147,"10",42.118153,-70.563125,31,30,30,31-OCT-19,"11:45:10",42.105,70.5667,27,31-OCT-19,"11:02","0197","SBE-911+","V",13.2,31.602,12.73,31.803,4,0.81,".72",1,7.6,23
"2019006HB","HB1906","2019","201904035900040323","Non-Representative",1147,"10",42.118098,-70.563593,31,29,30,31-OCT-19,"12:47:06",42.105,70.5667,27,31-OCT-19,"11:02","0197","SBE-911+","V",13.2,31.602,12.73,31.803,4,0.8,"1.75",1,7.6,23
"2019006HB","HB1906","2019","201904012600030325","Non-Representative",1172,"10",42.446093,-70.56438,52,52,52,31-OCT-19,"18:24:16",42.4233,70.585,92,31-OCT-19,"18:00","0198","SBE-911+","V",13.13,31.828,9.57,32.315,40,1.65,".4",0,6.8,87
"2019006HB","HB1906","2019","201904036400010326","Representative",1274,"10",42.843878,-70.758095,31,30,30,01-NOV-19,"22:50:54",42.83,70.7483,32,01-NOV-19,"22:35","0199","SBE-911+","W",12.21,31.499,10.34,32.419,1,0.94,".27",1,7.5,29
"2019006HB","HB1906","2019","201904036600040327","Representative",1686,"10",42.787905,-70.658268,67,70,69,02-NOV-19,"00:45:56",42.7717,70.6617,62,02-NOV-19,"00:27","0200","SBE-911+","W",12.21,31.89,8.78,32.392,5,0.99,".32",1,6.8,58
"2019006HB","HB1906","2019","201904012700050329","Representative",991,"10",42.552552,-70.026812,148,138,143,02-NOV-19,"08:12:46",42.5633,70.0017,139,02-NOV-19,"06:21","0201","SBE-911+","V",12.02,32.311,7.54,33.239,9,1.28,"1.86",1,6.9,131
"2019006HB","HB1906","2019","201904012700060328","Non-Representative",991,"10",42.552643,-70.027982,147,137,143,02-NOV-19,"06:52:56",42.5633,70.0017,139,02-NOV-19,"06:21","0201","SBE-911+","V",12.02,32.311,7.54,33.239,8,1.33,".53",1,6.9,131
"2019006HB","HB1906","2019","201904012800020330","Representative",1121,"10",42.689495,-69.90128,233,225,222,02-NOV-19,"13:31:46",42.6683,69.8933,225,02-NOV-19,"12:46","0202","SBE-911+","V",12.14,32.296,8.16,34.165,8,1.32,".76",1,5.7,221
"2019006HB","HB1906","2019","201904012800060331","Representative",1261,"10",42.540047,-69.787338,269,266,270,02-NOV-19,"16:12:33",42.5167,69.7983,271,02-NOV-19,"15:31","0203","SBE-911+","W",12.26,32.229,8.3,34.237,2,1.48,".69",1,5.6,262
"2019006HB","HB1906","2019","201904012800030332","Representative",1114,"10",42.628415,-69.311383,223,226,224,02-NOV-19,"19:47:01",42.6533,69.3033,217,02-NOV-19,"19:06","0204","SBE-911+","V",13.08,32.411,7.81,33.952,6,1.54,".68",1,6.1,214
"2019006HB","HB1906","2019","201904012800070333","Representative",1112,"10",42.357272,-69.232918,246,256,248,02-NOV-19,"23:16:20",42.3567,69.1983,245,02-NOV-19,"22:39","0205","SBE-911+","V",13.36,32.498,8.15,34.144,1,1.54,".62",1,5.9,238
"2019006HB","HB1906","2019","201904012800040334","Representative",1074,"10",42.192443,-69.391147,200,196,200,03-NOV-19,"01:50:31",42.195,69.4233,182,03-NOV-19,"01:18","0206","SBE-911+","V",12.49,32.241,7.27,33.678,18,1.44,".54",1,6.4,175
"2019006HB","HB1906","2019","201904012900090336","Representative",1123,"10",42.221438,-68.331288,199,196,197,03-NOV-19,"08:42:28",42.22,68.2917,198,03-NOV-19,"08:00","0207","SBE-911+","W",14.04,32.707,9.32,34.74,1,1.76,".71",1,5.4,194
"2019006HB","HB1906","2019","201904012900080337","Representative",972,"10",42.23151,-68.256772,198,199,199,03-NOV-19,"12:16:12",42.2217,68.2767,196,03-NOV-19,"11:41","0208","SBE-911+","V",13.95,32.724,9.22,34.683,2,1.06,".59",1,5.5,192
"2019006HB","HB1906","2019","201904012900070338","Representative",1045,"10",42.561942,-68.001985,206,206,206,03-NOV-19,"16:09:04",42.58,67.9967,203,03-NOV-19,"15:26","0209","SBE-911+","V",12.61,32.563,9.93,34.922,3,1.11,".72",1,5.3,197
"2019006HB","HB1906","2019","201904012900040339","Representative",1041,"10",42.638078,-68.191463,193,194,194,03-NOV-19,"18:41:36",42.6367,68.165,188,03-NOV-19,"18:12","0210","SBE-911+","V",12.88,32.541,8.13,34.013,5,1.17,".49",1,6.3,181
"2019006HB","HB1906","2019","201904013600010340","Representative",1139,"10",42.877238,-68.235985,207,202,206,03-NOV-19,"21:45:38",42.9033,68.2383,183,03-NOV-19,"20:50","0211","SBE-911+","V",12.31,32.865,8.34,34.146,24,1.57,".93",1,6,177
"2019006HB","HB1906","2019","201904012900030341","Representative",1264,"10",42.683345,-68.318883,204,202,203,04-NOV-19,"00:22:17",42.6617,68.3267,204,03-NOV-19,"23:46","0212","SBE-911+","V",12,32.836,8.23,34.084,0,1.35,".6",1,6.1,199
"2019006HB","HB1906","2019","201904013700020343","Representative",1207,"10",42.979532,-68.63267,186,183,187,04-NOV-19,"07:26:45",43.005,68.63,196,04-NOV-19,"06:54","0213","SBE-911+","W",12.1,33.039,7.98,33.927,10,1.53,".55",1,6.2,192
"2019006HB","HB1906","2019","201904013700040344","Representative",1241,"10",43.038785,-68.619787,198,197,196,04-NOV-19,"09:31:03",43.0467,68.5933,188,04-NOV-19,"09:01","0214","SBE-911+","W",12.08,33.023,7.95,33.907,10,1.26,".5",1,6.2,183
"2019006HB","HB1906","2019","201904013600090345","Representative",1202,"10",43.254145,-68.472053,189,190,189,04-NOV-19,"12:30:02",43.2767,68.48,183,04-NOV-19,"11:59","0215","SBE-911+","V",12.29,33.044,7.96,33.907,6,1.4,".52",1,6.1,177
"2019006HB","HB1906","2019","201904013600060350","Representative",1160,"10",42.808062,-67.295258,221,216,220,05-NOV-19,"06:05:47",42.8133,67.26,208,05-NOV-19,"05:29","0216","SBE-911+","V",12.18,32.854,10.11,35.038,13,1.58,".61",1,5.2,203
"2019006HB","HB1906","2019","201904013600020351","Representative",1252,"10",43.246513,-67.591033,229,218,226,05-NOV-19,"10:08:10",43.265,67.575,232,05-NOV-19,"09:30","0217","SBE-911+","V",11.84,32.943,9.36,34.412,3,1.31,".64",1,5.8,229
"2019006HB","HB1906","2019","201904013600080352","Representative",1069,"10",43.302863,-67.359782,215,209,213,05-NOV-19,"12:42:11",43.3183,67.3883,203,05-NOV-19,"12:13","0218","SBE-911+","V",11.93,32.952,9.61,34.411,12,1.55,".49",1,5.8,199
"2019006HB","HB1906","2019","201904013400050353","Representative",1325,"10",43.181775,-67.051835,195,191,194,05-NOV-19,"15:44:54",43.2017,67.065,197,05-NOV-19,"15:07","0219","SBE-911+","V",12.11,33.159,10.21,34.841,2,1.33,".63",1,5.5,192
"2019006HB","HB1906","2019","201904013600100356","Representative",1049,"10",43.607398,-67.319933,221,227,226,06-NOV-19,"00:55:58",43.6317,67.325,215,06-NOV-19,"00:26","0220","SBE-911+","V",12.22,32.825,8.79,34.198,6,1.48,".5",1,5.9,207
"2019006HB","HB1906","2019","201904013400020357","Representative",1026,"10",43.94047,-67.360513,219,218,218,06-NOV-19,"04:56:03",43.9417,67.3233,221,06-NOV-19,"04:21","0221","SBE-911+","W",11.95,32.65,9.49,34.498,2,1.61,".58",1,5.6,217
"2019006HB","HB1906","2019","201904013400030359","Representative",1012,"10",44.114255,-67.226627,192,189,192,06-NOV-19,"10:05:55",44.1267,67.205,178,06-NOV-19,"09:28","0222","SBE-911+","V",11.9,32.587,9.5,34.465,14,1.2,".63",1,5.6,172
"2019006HB","HB1906","2019","201904013400070360","Representative",1007,"10",44.10806,-67.151248,87,86,86,06-NOV-19,"12:18:44",44.095,67.1417,80,06-NOV-19,"11:55","0223","SBE-911+","V",11.89,32.744,11.48,33.544,7,0.89,".4",1,6.9,75
"2019006HB","HB1906","2019","201904013510020361","Representative",1039,"10",44.35752,-66.722588,201,197,199,06-NOV-19,"17:10:53",44.365,66.6983,198,06-NOV-19,"16:25","0224","SBE-911+","V",11.68,32.684,10.69,33.913,3,1.14,".76",1,6.4,191
"2019006HB","HB1906","2019","201904013510030362","Non-Representative",1225,"10",44.320862,-66.788657,192,192,192,06-NOV-19,"18:40:35",44.3367,66.7567,190,06-NOV-19,"18:00","0225","SBE-911+","V",11.65,32.714,10.86,33.949,2,1.67,".68",1,6.3,184
"2019006HB","HB1906","2019","201904013510050363","Non-Representative",1225,"10",44.317042,-66.79594,194,191,192,06-NOV-19,"19:58:21",44.3367,66.7567,190,06-NOV-19,"18:00","0225","SBE-911+","V",11.65,32.714,10.86,33.949,4,2.06,"1.97",1,6.3,184
"2019006HB","HB1906","2019","201904013510040364","Representative",1063,"10",44.268908,-67.182712,192,195,194,06-NOV-19,"23:21:43",44.2817,67.155,167,06-NOV-19,"22:52","0226","SBE-911+","V",11.71,32.765,9.87,34.393,25,1.42,".5",1,5.7,162
"2019006HB","HB1906","2019","201904013510010365","Representative",1013,"10",44.338735,-67.272112,148,144,149,07-NOV-19,"01:59:51",44.3517,67.255,140,07-NOV-19,"01:28","0227","SBE-911+","V",11.6,32.799,11.08,33.393,8,1.07,".53",1,7,132
"2019006HB","HB1906","2019","201904013600050366","Representative",959,"10",44.194505,-67.45953,216,216,216,07-NOV-19,"05:04:40",44.1717,67.4733,215,07-NOV-19,"04:29","0228","SBE-911+","W",11.44,32.829,9.38,34.49,1,1.49,".59",1,5.6,211
"2019006HB","HB1906","2019","201904013800080367","Representative",1321,"10",43.9392,-67.933175,156,158,158,07-NOV-19,"08:51:03",43.93,67.945,161,07-NOV-19,"08:17","0229","SBE-911+","W",11.82,32.643,10.05,34.227,5,0.75,".57",1,5.9,156
"2019006HB","HB1906","2019","201904013600110368","Representative",1052,"10",43.79127,-67.99947,163,164,163,07-NOV-19,"11:51:47",43.805,67.9783,163,07-NOV-19,"10:53","0230","SBE-911+","V",11.78,32.624,9.23,34.269,0,1.23,".98",1,5.6,159
"2019006HB","HB1906","2019","201904013900030370","Representative",1189,"10",43.977527,-68.294208,106,106,106,07-NOV-19,"17:14:01",43.9867,68.27,104,07-NOV-19,"15:00","0231","SBE-911+","V",11.49,32.791,11.93,33.395,2,1.18,"2.23",1,7.1,98
"2019006HB","HB1906","2019","201904013900060369","Non-Representative",1189,"10",43.9765,-68.295833,107,108,106,07-NOV-19,"15:30:09",43.9867,68.27,104,07-NOV-19,"15:00","0231","SBE-911+","V",11.49,32.791,11.93,33.395,3,1.27,".5",1,7.1,98
"2019006HB","HB1906","2019","201904013900050371","Representative",1062,"10",43.837293,-68.43864,135,136,131,07-NOV-19,"23:25:54",43.84,68.4133,143,07-NOV-19,"23:01","0232","SBE-911+","V",11.87,32.736,11.43,33.688,8,1.11,".42",1,6.6,133
"2019006HB","HB1906","2019","201904013800020372","Representative",1163,"10",43.827597,-68.4494,134,129,132,08-NOV-19,"01:11:35",43.84,68.425,132,08-NOV-19,"00:45","0233","SBE-911+","V",11.84,32.739,11.5,33.649,2,1.29,".44",1,6.7,126
"2019006HB","HB1906","2019","201904013800070373","Representative",1215,"10",43.634288,-68.674743,152,150,154,08-NOV-19,"03:49:03",43.6217,68.695,154,08-NOV-19,"03:21","0234","SBE-911+","V",11.86,33.007,11.21,33.846,2,1.16,".47",1,6.4,148
"2019006HB","HB1906","2019","201904013800040374","Representative",1010,"10",43.501965,-69.05983,138,137,138,08-NOV-19,"08:23:00",43.5017,69.0867,144,08-NOV-19,"07:52","0235","SBE-911+","V",11.71,32.959,9.34,33.391,6,1.17,".52",1,6.5,138
"2019006HB","HB1906","2019","201904013800030375","Representative",1297,"10",43.405578,-69.377687,175,177,175,08-NOV-19,"11:47:50",43.3883,69.375,185,08-NOV-19,"10:52","0236","SBE-911+","V",11.29,32.8,7.31,33.399,10,1.04,".93",1,6.3,176
"2019006HB","HB1906","2019","201904013800010376","Representative",1312,"10",43.314347,-69.2204,158,161,161,08-NOV-19,"14:17:13",43.2917,69.2267,182,08-NOV-19,"13:42","0237","SBE-911+","W",11.37,32.667,7.33,33.42,24,1.39,".59",0,6.4,179
"2019006HB","HB1906","2019","201904013700030377","Representative",1100,"10",43.20331,-69.407828,167,171,167,08-NOV-19,"17:44:30",43.1917,69.43,157,08-NOV-19,"17:12","0238","SBE-911+","V",11.22,32.755,7.71,33.355,10,1.2,".54",1,6.4,152
"2019006HB","HB1906","2019","201904013700050378","Representative",1050,"10",43.064155,-69.5557,146,140,144,08-NOV-19,"20:26:41",43.0717,69.5283,146,08-NOV-19,"20:00","0239","SBE-911+","W",11.24,32.673,7.51,33.323,0,1.28,".44",1,6.5,142
"2019006HB","HB1906","2019","201904014000010379","Representative",1018,"10",43.55678,-69.783548,114,110,111,09-NOV-19,"06:35:00",43.54,69.79,113,09-NOV-19,"06:10","0240","SBE-911+","V",10.67,31.961,9.71,33.334,1,1.05,".42",1,6.4,106
"2019006HB","HB1906","2019","201904012700020381","Representative",1095,"10",43.220372,-70.114157,152,155,154,09-NOV-19,"11:42:28",43.2033,70.1233,148,09-NOV-19,"10:52","0241","SBE-911+","V",10.81,32.364,8.67,33.35,4,1.1,".84",1,6.3,142
"2019006HB","HB1906","2019","201904012700010382","Representative",1129,"10",43.187297,-70.227628,121,118,118,09-NOV-19,"13:30:51",43.175,70.24,118,09-NOV-19,"13:08","0242","SBE-911+","V",10.83,32.357,8.78,33.155,3,0.92,".38",1,6.5,112
"2019006HB","HB1906","2019","201904012700040383","Representative",981,"10",43.131948,-69.957355,156,156,156,09-NOV-19,"15:59:43",43.1117,69.9517,163,09-NOV-19,"15:28","0243","SBE-911+","V",10.62,32.254,7.46,33.619,7,1.24,".53",1,6.3,157
"2019006HB","HB1906","2019","201904012600020384","Non-Representative",998,"10",43.06975,-70.051367,59,59,59,09-NOV-19,"17:44:42",43.0583,70.05,56,09-NOV-19,"17:28","0244","SBE-911+","V",11.01,32.455,11.38,32.907,3,0.69,".28",1,7.8,49
"2019006HB","HB1906","2019","201904012700030385","Representative",1011,"10",43.015873,-70.362192,126,126,125,09-NOV-19,"20:19:21",43.0083,70.385,121,09-NOV-19,"19:57","0245","SBE-911+","V",10.88,32.518,7.22,32.815,5,1.1,".37",1,6.8,116
"2019006HB","HB1906","2019","201904012600070386","Representative",1556,"10",42.868668,-70.147302,61,61,62,09-NOV-19,"22:55:30",42.8583,70.13,96,09-NOV-19,"22:38","0246","SBE-911+","V",10.83,32.564,10.27,33.232,35,0.98,".29",0,6.7,91
"2019006HB","HB1906","2019","201904014000030387","Representative",1279,"10",42.849405,-70.46192,123,122,123,10-NOV-19,"01:29:16",42.8333,70.4533,125,10-NOV-19,"01:04","0247","SBE-911+","V",10.89,32.153,7.69,32.814,2,1.04,".42",1,6.8,117
"2019006HB","HB1906","2019","201904036600010388","Representative",1174,"10",42.718152,-70.443787,82,84,81,10-NOV-19,"04:58:53",42.7167,70.42,65,10-NOV-19,"04:36","0248","SBE-911+","V",10.8,32.095,9.44,32.506,17,1.05,".38",0,7.4,60
"2019006HB","HB1906","2019","201904036500020389","Representative",1117,"10",42.58998,-70.574638,54,59,56,10-NOV-19,"11:13:35",42.5817,70.5833,54,10-NOV-19,"10:55","0249","SBE-911+","W",10.9,31.838,9.69,32.521,0,0.63,".31",1,7,49
"2019006HB","HB1906","2019","201904036500030390","Representative",1651,"10",42.372255,-70.72623,51,50,51,10-NOV-19,"15:04:57",42.36,70.7183,43,10-NOV-19,"14:48","0250","SBE-911+","V",11.75,31.878,10.1,32.233,8,0.82,".28",1,6.5,39
"2019006HB","HB1906","2019","201904036400050391","Representative",1561,"10",42.267682,-70.668568,30,29,30,10-NOV-19,"17:35:58",42.2783,70.6733,32,10-NOV-19,"17:18","0251","SBE-911+","V",11.24,31.842,10.98,31.985,2,0.67,".3",1,7.9,28
"2019006HB","HB1906","2019","201904012600060392","Representative",1122,"10",42.408035,-70.094298,86,84,86,10-NOV-19,"21:02:42",42.4267,70.0917,86,10-NOV-19,"20:43","0252","SBE-911+","V",11.26,31.954,9.45,32.945,0,1.13,".33",1,7,81
"2019006HB","HB1906","2019","201904012400080395","Representative",1280,"10",42.025425,-69.766848,169,170,169,11-NOV-19,"05:28:03",42.0067,69.7483,161,11-NOV-19,"04:54","0253","SBE-911+","V",11.8,32.315,7.55,33.72,8,1.4,".57",1,5.9,157
"2019006HB","HB1906","2019","201904035600010397","Representative",1145,"10",41.814133,-69.910885,22,24,23,11-NOV-19,"10:47:45",41.8,69.9083,20,11-NOV-19,"10:32","0254","SBE-911+","V",11.09,32.048,11.23,32.089,2,0.86,".26",1,8.5,16
"2019006HB","HB1906","2019","201904012500030398","Representative",1056,"10",41.782173,-69.864247,41,35,38,11-NOV-19,"12:39:09",41.77,69.8517,48,11-NOV-19,"12:22","0255","SBE-911+","V",11.33,32.168,11.36,32.319,7,0.92,".29",1,8.3,43
"2019006HB","HB1906","2019","201904012400040399","Representative",1125,"10",41.77978,-69.718383,134,132,133,11-NOV-19,"14:41:28",41.7617,69.7067,132,11-NOV-19,"14:14","0256","SBE-911+","V",11.56,32.246,7.48,33.277,2,1.21,".46",1,6.6,126
"2019006HB","HB1906","2019","201904012300030400","Representative",1055,"10",41.66964,-69.671337,80,82,81,11-NOV-19,"16:56:17",41.6583,69.6583,78,11-NOV-19,"16:35","0257","SBE-911+","W",11.64,32.29,8.48,32.843,2,0.9,".35",1,7,74
"2019006HB","HB1906","2019","201904012300010401","Representative",1131,"10",41.593625,-69.567895,63,69,65,11-NOV-19,"19:10:05",41.5817,69.5583,60,11-NOV-19,"18:51","0258","SBE-911+","W",11.4,32.245,9.39,32.663,3,0.84,".32",1,7.3,56
"2019006HB","HB1906","2019","201904012500020402","Non-Representative",1313,"10",41.45255,-69.545843,33,32,33,11-NOV-19,"22:00:43",41.465,69.5417,35,11-NOV-19,"21:40","0259","SBE-911+","V",11.41,32.25,11.39,32.248,2,0.77,".35",1,8.4,32
"2019006HB","HB1906","2019","201904012500040403","Representative",1319,"10",41.362953,-69.370907,52,54,53,12-NOV-19,"03:05:18",41.375,69.3817,45,12-NOV-19,"02:49","0260","SBE-911+","V",11.3,32.323,10.31,32.489,7,0.87,".27",1,7.9,38
"2019006HB","HB1906","2019","201904012300050404","Representative",1221,"10",41.49935,-69.325795,90,90,90,12-NOV-19,"05:34:11",41.5117,69.34,89,12-NOV-19,"05:17","0261","SBE-911+","V",11.42,32.257,7.98,32.934,1,0.98,".29",1,7.1,82
"2019006HB","HB1906","2019","201904012400030405","Representative",993,"10",41.67493,-69.374172,175,174,175,12-NOV-19,"08:23:02",41.6967,69.375,176,12-NOV-19,"07:48","0262","SBE-911+","V",11.77,32.373,6.99,33.374,1,1.31,".58",1,6.6,168
"2019006HB","HB1906","2019","201904012400020406","Non-Representative",1092,"10",41.616745,-68.943492,112,112,113,12-NOV-19,"12:15:48",41.63,68.96,132,12-NOV-19,"11:42","0263","SBE-911+","V",11.94,32.428,6.72,33.161,20,1.09,".56",0,7.1,126
"2020001HB","HB2001","2020","202002016800020052","Representative",2744,"10",37.366667,-74.465667,227,231,229,05-MAR-20,"20:58:33",37.3883,74.4633,242,05-MAR-20,"20:23","0014","SBE-911+","V",12.45,34.959,12.34,35.608,15,1.3,".59",1,-2,241
"2020001HB","HB2001","2020","202002085300030103","Representative",2835,"10",34.4495,-75.735333,330,327,328,11-MAR-20,"05:41:58",34.4683,75.7217,330,11-MAR-20,"04:48","0044","SBE-911+","V",24.32,36.466,10.49,35.364,0,1.32,".9",1,7.4,329
"2021001HB","HB2101","2021","202102017500020010","Representative",1697,"10",38.976333,-72.8825,115,117,116,16-MAR-21,"13:16:58",38.9583,72.8917,112,16-MAR-21,"12:47","0001","SBE-911+","V",10.86,34.674,13.31,35.442,3,1.17,".5",1,4.5,103
"2021001HB","HB2101","2021","202102017600030011","Representative",1855,"10",38.955195,-72.818795,322,321,328,16-MAR-21,"17:08:06",38.97,72.7817,799,16-MAR-21,"16:22","0002","SBE-911+","W",10.4,34.502,,,477,1.95,".77",0,0.8,230
"2021001HB","HB2101","2021","202102017500030014","Representative",1750,"10",38.703915,-73.150825,131,134,132,17-MAR-21,"00:42:04",38.7267,73.1417,127,16-MAR-21,"23:51","0003","SBE-911+","W",,,12.72,35.257,4,1.43,".85",0,1.9,121
"2021001HB","HB2101","2021","202102017500010015","Representative",1575,"10",38.672775,-73.20114,121,117,119,17-MAR-21,"02:11:56",38.685,73.18,130,17-MAR-21,"01:43","0004","SBE-911+","V",10.86,34.671,12.57,35.199,9,1.23,".48",1,3.1,124
"2021001HB","HB2101","2021","202102017400030016","Representative",1796,"10",38.708818,-73.41855,78,78,78,17-MAR-21,"04:04:02",38.6933,73.4283,77,17-MAR-21,"03:44","0005","SBE-911+","V",10.43,34.535,12.29,35.104,1,1.04,".33",1,3.1,72
"2021001HB","HB2101","2021","202102017400040018","Representative",1883,"10",38.980103,-73.338577,69,66,68,17-MAR-21,"08:33:48",38.975,73.3183,68,17-MAR-21,"07:59","0006","SBE-911+","V",9.73,34.255,9.86,34.296,1,1,".58",1,3.2,61
"2021001HB","HB2101","2021","202102017400020019","Representative",1622,"10",38.914978,-73.492285,58,60,58,17-MAR-21,"10:22:27",38.9317,73.48,58,17-MAR-21,"09:58","0007","SBE-911+","V",9.19,34.034,9.23,34.046,0,1.16,".41",1,3.1,52
"2021001HB","HB2101","2021","202102017300050020","Representative",1815,"10",38.729065,-73.797475,50,52,51,17-MAR-21,"13:13:04",38.74,73.8117,48,17-MAR-21,"12:50","0008","SBE-911+","V",8.62,33.864,8.61,33.862,2,0.94,".38",1,3,43
"2021001HB","HB2101","2021","202102017100030022","Representative",1722,"10",38.380947,-73.627598,119,120,120,17-MAR-21,"17:04:25",38.3767,73.6517,115,17-MAR-21,"16:19","0009","SBE-911+","V",11.12,34.738,11.92,34.996,4,1.16,".76",1,3.2,109
"2021001HB","HB2101","2021","202102017000010023","Representative",1651,"10",38.390085,-73.70941,96,95,96,17-MAR-21,"19:10:09",38.3767,73.7233,99,17-MAR-21,"18:45","0010","SBE-911+","W",11.22,34.787,11.4,34.842,3,1.04,".42",1,1.9,93
"2021001HB","HB2101","2021","202102017100020024","Representative",1886,"10",38.077493,-73.881113,134,138,135,17-MAR-21,"22:57:13",38.0583,73.8883,139,17-MAR-21,"22:23","0011","SBE-911+","W",10.94,34.648,13.16,35.464,5,1.2,".57",1,1.7,132
"2021001HB","HB2101","2021","202102017200020025","Representative",1726,"10",38.01835,-73.883552,238,239,235,18-MAR-21,"00:55:05",38.0433,73.8633,222,18-MAR-21,"00:15","0012","SBE-911+","V",10.96,34.658,,,16,1.78,".67",0,1.7,200
"2021001HB","HB2101","2021","202102017200010026","Representative",1566,"10",37.958313,-73.95345,200,196,199,18-MAR-21,"02:28:24",37.98,73.9283,211,18-MAR-21,"01:56","0013","SBE-911+","V",11.83,34.994,12.86,35.558,11,1.76,".54",1,1,210
"2021001HB","HB2101","2021","202102017200030027","Representative",1721,"10",37.914605,-73.975778,291,284,287,18-MAR-21,"04:48:21",37.9383,73.9467,305,18-MAR-21,"04:02","0014","SBE-911+","V",12.19,35.13,11.38,35.427,14,1.98,".77",1,0.6,303
"2021001HB","HB2101","2021","202102017100010028","Representative",1877,"10",37.860472,-74.128657,149,141,146,18-MAR-21,"06:42:25",37.8817,74.1017,161,18-MAR-21,"06:09","0015","SBE-911+","V",11.91,35.009,12.83,35.318,12,1.81,".56",1,0.9,154
"2021001HB","HB2101","2021","202102017000030029","Representative",1587,"10",37.828678,-74.335967,65,67,68,18-MAR-21,"08:33:04",37.845,74.3233,66,18-MAR-21,"08:08","0016","SBE-911+","V",11.04,34.724,11.09,34.736,1,1.15,".42",1,1.8,60
"2021001HB","HB2101","2021","202102016600020033","Representative",1545,"10",37.549545,-74.579718,64,65,65,18-MAR-21,"15:13:12",37.5583,74.5717,65,18-MAR-21,"14:56","0017","SBE-911+","V",11.35,34.806,11.63,34.923,1,0.65,".29",1,1.5,60
"2021001HB","HB2101","2021","202102016800010034","Representative",1710,"10",37.444708,-74.419635,196,221,200,18-MAR-21,"17:31:35",37.4633,74.4083,185,18-MAR-21,"16:52","0018","SBE-911+","W",11.89,34.963,13.24,35.524,11,1.24,".66",1,2.8,181
"2021001HB","HB2101","2021","202102016800030035","Representative",1621,"10",37.403232,-74.48291,218,235,223,18-MAR-21,"19:45:49",37.42,74.5033,144,18-MAR-21,"19:09","0019","SBE-911+","V",11.84,34.926,12.74,35.273,74,1.4,".61",0,2.1,138
"2021001HB","HB2101","2021","202102016700030036","Representative",1793,"10",37.367858,-74.50481,116,118,117,18-MAR-21,"21:49:40",37.3883,74.5033,116,18-MAR-21,"20:54","0020","SBE-911+","V",12.08,35.032,12.78,35.293,0,1.23,".93",1,2.3,110
"2021001HB","HB2101","2021","202102016700010037","Representative",1868,"10",37.097557,-74.759643,126,127,128,19-MAR-21,"00:44:08",37.115,74.7483,96,19-MAR-21,"00:10","0021","SBE-911+","V",11.54,34.829,11.6,34.889,30,1.18,".57",0,1.7,91
"2021001HB","HB2101","2021","202102033800010038","Representative",1716,"10",36.633833,-75.685,18,18,18,21-MAR-21,"02:38:45",36.6217,75.69,18,21-MAR-21,"02:21","0022","SBE-911+","W",7.51,32.762,7.51,32.761,0,0.77,".3",1,1.2,14
"2021001HB","HB2101","2021","202102033800030039","Representative",1765,"10",36.672098,-75.662608,21,18,19,21-MAR-21,"03:53:38",36.6617,75.6617,20,21-MAR-21,"03:39","0023","SBE-911+","V",7.53,32.853,7.54,32.85,1,0.63,".24",1,1.2,17
"2021001HB","HB2101","2021","202102016500070040","Representative",2108,"10",36.785272,-75.486523,23,21,21,21-MAR-21,"05:51:59",36.7783,75.495,22,21-MAR-21,"05:38","0024","SBE-911+","V",7.61,33.366,7.63,33.39,1,0.58,".23",1,1.3,17
"2021001HB","HB2101","2021","202102033800020041","Representative",1841,"10",36.831983,-75.646955,19,20,20,21-MAR-21,"07:38:14",36.8317,75.6283,23,21-MAR-21,"07:22","0025","SBE-911+","V",7.28,32.916,7.3,32.924,4,0.9,".27",1,1.3,20
"2021001HB","HB2101","2021","202102033200030047","Representative",1542,"10",37.584873,-75.34831,23,21,22,21-MAR-21,"23:04:37",37.575,75.3533,25,21-MAR-21,"22:50","0026","SBE-911+","W",6.97,32.563,6.73,32.726,2,0.64,".24",1,1.6,20
"2021001HB","HB2101","2021","202102033200010050","Representative",1755,"10",37.686708,-75.284663,24,23,24,22-MAR-21,"01:45:30",37.6833,75.295,21,22-MAR-21,"01:10","0027","SBE-911+","V",6.8,32.412,6.74,32.436,3,0.53,".59",1,1.5,16
"2021001HB","HB2101","2021","202102033200020051","Representative",1604,"10",37.770317,-75.139753,30,25,27,22-MAR-21,"03:33:01",37.7583,75.1467,27,22-MAR-21,"03:17","0028","SBE-911+","V",6.62,32.418,6.88,32.679,3,0.79,".27",1,1.6,22
"2021001HB","HB2101","2021","202102016500020052","Representative",1862,"10",37.852812,-75.01778,25,24,24,22-MAR-21,"04:59:46",37.8483,75.0317,26,22-MAR-21,"04:47","0029","SBE-911+","V",7.31,33.035,7.2,33.028,1,0.71,".21",1,1.6,22
"2021001HB","HB2101","2021","202102032900020059","Representative",1794,"10",38.38547,-74.881402,23,21,22,22-MAR-21,"16:01:37",38.3767,74.8917,22,22-MAR-21,"15:47","0030","SBE-911+","W",6.81,32.51,6.58,32.683,1,0.72,".24",1,1.6,19
"2021001HB","HB2101","2021","202102016900050061","Representative",1725,"10",38.581788,-74.61543,31,30,31,22-MAR-21,"20:06:11",38.575,74.6233,29,22-MAR-21,"19:52","0031","SBE-911+","V",7.36,33.403,6.91,33.407,2,0.55,".24",1,1.7,27
"2021001HB","HB2101","2021","202102016900020062","Representative",1759,"10",38.482445,-74.202913,53,56,55,22-MAR-21,"22:45:36",38.47,74.205,50,22-MAR-21,"22:29","0032","SBE-911+","V",8.95,33.878,8.36,33.912,3,0.75,".28",1,1.5,47
"2021001HB","HB2101","2021","202102016900070063","Representative",1806,"10",38.685428,-74.144808,47,50,48,23-MAR-21,"00:39:20",38.6733,74.1433,48,23-MAR-21,"00:23","0033","SBE-911+","V",8.59,33.803,7.83,33.767,1,0.73,".27",1,1.6,44
"2021001HB","HB2101","2021","202102032600030067","Representative",1614,"10",38.731453,-74.788728,18,21,20,23-MAR-21,"11:58:34",38.7233,74.8,20,23-MAR-21,"11:43","0034","SBE-911+","V",6.4,32.783,6.4,32.787,2,0.72,".26",1,1.7,16
"2021001HB","HB2101","2021","202102032600020068","Representative",1767,"10",38.768787,-74.841727,17,17,17,23-MAR-21,"13:12:38",38.7617,74.8517,17,23-MAR-21,"13:00","0035","SBE-911+","V",6.23,32.447,6.22,32.447,0,0.63,".21",1,1.7,11
"2021001HB","HB2101","2021","202102032600010070","Representative",1588,"10",38.812923,-74.80945,18,17,17,23-MAR-21,"14:16:17",38.8083,74.8167,18,23-MAR-21,"14:03","0036","SBE-911+","V",6.27,32.426,6.26,32.432,0,0.44,".22",1,1.8,13
"2021001HB","HB2101","2021","202102032300010072","Representative",1648,"10",39.018817,-74.507323,16,20,19,23-MAR-21,"16:57:02",39.005,74.5017,24,23-MAR-21,"16:41","0037","SBE-911+","W",5.8,32.45,5.76,32.465,8,0.87,".27",0,1.7,21
"2021001HB","HB2101","2021","202102032300020073","Representative",1658,"10",39.053963,-74.604733,21,21,21,23-MAR-21,"18:23:41",39.0433,74.6083,19,23-MAR-21,"18:10","0038","SBE-911+","V",5.84,31.967,5.8,31.954,2,0.66,".23",1,1.7,16
"2021001HB","HB2101","2021","202102032000020077","Representative",1850,"10",39.352657,-74.04727,25,25,25,23-MAR-21,"23:58:22",39.3417,74.045,24,23-MAR-21,"23:46","0039","SBE-911+","V",5.45,32.308,4.85,32.336,1,0.67,".21",1,1.7,21
"2021001HB","HB2101","2021","202102032000010082","Representative",1789,"10",39.538167,-73.994333,25,25,25,24-MAR-21,"02:06:36",39.5283,73.9917,24,24-MAR-21,"01:46","0040","SBE-911+","V",6.02,32.583,5.45,32.631,1,0.61,".34",1,1.7,21
"2021001HB","HB2101","2021","202102031700030083","Representative",1540,"10",39.732,-73.971667,24,24,23,24-MAR-21,"03:53:48",39.7183,73.9717,23,24-MAR-21,"03:37","0041","SBE-911+","V",5.51,32.104,5.52,32.151,1,0.82,".28",1,1.8,17
"2021001HB","HB2101","2021","202102010200060092","Representative",1698,"10",40.1055,-72.494,60,60,60,24-MAR-21,"23:23:06",40.0967,72.48,60,24-MAR-21,"23:07","0042","SBE-911+","W",7.97,33.373,7.56,33.451,0,0.83,".27",1,1.7,57
"2021001HB","HB2101","2021","202102010100020094","Representative",1594,"10",40.3635,-72.865,45,47,46,25-MAR-21,"05:58:10",40.3583,72.88,45,25-MAR-21,"05:42","0043","SBE-911+","V",6.45,32.688,5.38,32.805,0,0.75,".27",1,1.9,41
"2021001HB","HB2101","2021","202102031100020098","Representative",1786,"10",40.369833,-73.544167,25,24,25,25-MAR-21,"14:49:34",40.375,73.53,27,25-MAR-21,"14:36","0044","SBE-911+","V",6.8,32.314,5.42,32.531,2,0.72,".23",1,1.9,24
"2021001HB","HB2101","2021","202102031400030099","Representative",1737,"10",40.341167,-73.679667,26,26,26,25-MAR-21,"16:10:13",40.3333,73.6667,25,25-MAR-21,"15:57","0045","SBE-911+","W",6.66,32.344,5.86,32.579,1,0.76,".22",1,1.8,23
"2021001HB","HB2101","2021","202102010100010100","Representative",1735,"10",40.166833,-73.762833,37,41,39,25-MAR-21,"18:23:48",40.165,73.78,31,25-MAR-21,"18:09","0046","SBE-911+","V",6.76,32.533,6.42,32.738,6,0.8,".25",1,1.8,26
"2021001HB","HB2101","2021","202102010100050101","Representative",1880,"10",40.082333,-73.694333,36,36,37,25-MAR-21,"20:09:01",40.0817,73.71,35,25-MAR-21,"19:54","0047","SBE-911+","V",7.24,32.542,6.21,32.941,1,0.72,".25",1,1.8,30
"2021001HB","HB2101","2021","202102031700020102","Representative",1788,"10",40.007667,-73.9685,23,24,24,25-MAR-21,"22:37:45",39.9933,73.965,22,25-MAR-21,"22:20","0048","SBE-911+","V",7.16,32.131,6.3,32.828,1,0.88,".3",1,1.8,19
"2021001HB","HB2101","2021","202102031400020103","Representative",1576,"10",40.361,-73.895167,23,25,24,26-MAR-21,"02:06:01",40.3583,73.91,20,26-MAR-21,"01:54","0049","SBE-911+","V",6.77,29.929,5.87,32.506,3,0.7,".2",1,1.7,18
"2021001HB","HB2101","2021","202102031400010104","Representative",1582,"10",40.490667,-73.786167,25,25,25,26-MAR-21,"04:00:43",40.455,73.7967,29,26-MAR-21,"03:34","0050","SBE-911+","V",7.24,31.524,5.98,32.72,4,2.2,".45",1,1.9,23
"2021001HB","HB2101","2021","202102031100010105","Representative",1728,"10",40.4785,-73.5485,23,22,22,26-MAR-21,"05:53:58",40.4733,73.56,24,26-MAR-21,"05:42","0051","SBE-911+","V",6.51,32.348,5.45,32.424,1,0.61,".2",1,1.9,20
"2021001HB","HB2101","2021","202102031100030106","Representative",1661,"10",40.504833,-73.451,21,23,22,26-MAR-21,"07:02:32",40.5017,73.4617,22,26-MAR-21,"06:50","0052","SBE-911+","V",6.08,32.34,5.34,32.33,1,0.52,".21",1,1.9,18
"2021001HB","HB2101","2021","202102030800020107","Representative",1867,"10",40.577667,-73.183333,23,25,24,26-MAR-21,"08:55:10",40.5717,73.2,26,26-MAR-21,"08:42","0053","SBE-911+","V",6.22,32.168,5.45,32.333,3,0.84,".22",1,1.9,21
"2021001HB","HB2101","2021","202102030800030108","Representative",1613,"10",40.545333,-73.1095,30,30,30,26-MAR-21,"10:05:40",40.545,73.1283,28,26-MAR-21,"09:51","0054","SBE-911+","W",6.13,32.143,4.58,32.345,2,0.86,".24",1,1.9,23
"2021001HB","HB2101","2021","202102010500050110","Representative",1560,"10",40.755667,-72.267,41,44,42,26-MAR-21,"16:16:45",40.7683,72.2667,39,26-MAR-21,"16:03","0055","SBE-911+","V",5.91,32.384,4.88,32.517,2,0.76,".23",1,2.1,34
"2021001HB","HB2101","2021","202102030500020111","Representative",1634,"10",40.862667,-72.290333,24,27,26,26-MAR-21,"18:08:53",40.8733,72.2817,23,26-MAR-21,"17:54","0056","SBE-911+","V",6.09,31.46,5.66,31.578,1,0.75,".25",1,1.9,19
"2021001HB","HB2101","2021","202102034500010113","Representative",1628,"10",41.372833,-71.372,35,36,35,27-MAR-21,"08:53:57",41.3833,71.36,33,27-MAR-21,"08:39","0057","SBE-911+","W",5.28,32.062,4.69,32.409,2,0.83,".25",1,2,29
"2021001HB","HB2101","2021","202102034500020116","Representative",1683,"10",41.4105,-71.167,25,25,25,27-MAR-21,"12:08:57",41.4117,71.1583,24,27-MAR-21,"10:37","0058","SBE-911+","V",4.78,32.077,4.77,32.075,1,0.4,"1.53",1,2,19
"2021001HB","HB2101","2021","202102034500040114","Non-Representative",1683,"10",41.412667,-71.177833,24,24,24,27-MAR-21,"10:56:04",41.4117,71.1583,24,27-MAR-21,"10:37","0058","SBE-911+","V",4.78,32.077,4.77,32.075,0,0.88,".32",1,2,19
"2021001HB","HB2101","2021","202102034500030117","Representative",1700,"10",41.3525,-71.165167,32,35,34,27-MAR-21,"13:43:53",41.3583,71.1533,33,27-MAR-21,"13:29","0059","SBE-911+","V",4.71,32.116,4.44,32.14,1,0.64,".25",1,1.9,28
"2021001HB","HB2101","2021","202102010300020118","Representative",1797,"10",39.694167,-72.053167,150,156,153,11-APR-21,"07:23:31",39.7067,72.0733,129,11-APR-21,"07:00","0060","SBE-911+","V",7.63,32.973,14.04,35.785,21,1.2,".39",1,6.5,124
"2021001HB","HB2101","2021","202102010400030119","Representative",1833,"10",39.619667,-72.012667,239,241,239,11-APR-21,"09:50:27",39.6383,71.9883,255,11-APR-21,"09:12","0061","SBE-911+","V",9.34,33.733,14.19,35.835,16,1.59,".64",1,6.4,254
"2021001HB","HB2101","2021","202102010400020121","Representative",1800,"10",39.586833,-72.050333,243,244,242,11-APR-21,"13:13:39",39.59,72.045,242,11-APR-21,"10:55","0062","SBE-911+","V",,,13.61,35.695,1,0.31,"2.31",0,6.1,241
"2021001HB","HB2101","2021","202102010400050120","Non-Representative",1800,"10",39.587167,-72.0495,243,242,242,11-APR-21,"12:09:20",39.59,72.045,242,11-APR-21,"10:55","0062","SBE-911+","V",,,13.61,35.695,1,0.27,"1.24",0,6.1,241
"2021001HB","HB2101","2021","202102010300030122","Representative",1655,"10",39.3635,-72.360333,146,146,146,11-APR-21,"16:09:37",39.3783,72.345,148,11-APR-21,"15:43","0063","SBE-911+","W",10.29,34.155,13.66,35.665,2,1.14,".44",1,6.2,145
"2021001HB","HB2101","2021","202102010400040123","Representative",2151,"10",39.438167,-72.272833,210,207,209,11-APR-21,"20:35:50",39.465,72.2833,325,11-APR-21,"19:53","0064","SBE-911+","V",10.79,33.856,10.79,35.376,115,1.68,".71",0,4.5,319
"2021001HB","HB2101","2021","202102010300010124","Representative",1853,"10",39.671833,-72.33,115,113,114,11-APR-21,"23:19:14",39.6583,72.3317,113,11-APR-21,"22:49","0065","SBE-911+","V",9,32.678,12.89,35.364,2,0.82,".5",1,6,107
"2021001HB","HB2101","2021","202102010200020125","Representative",1881,"10",39.8405,-72.302,86,86,86,12-APR-21,"01:14:54",39.8483,72.3183,82,12-APR-21,"00:53","0066","SBE-911+","V",8.77,32.835,12.02,35.027,4,0.89,".36",1,6.4,75
"2021001HB","HB2101","2021","202102010200070127","Representative",1859,"10",40.239167,-72.087667,65,63,63,12-APR-21,"06:00:14",40.2283,72.0983,64,12-APR-21,"05:42","0067","SBE-911+","V",7.58,32.726,8,33.498,1,0.81,".3",1,8.1,60
"2021001HB","HB2101","2021","202102010600080128","Representative",1694,"10",40.233667,-71.9035,72,75,72,12-APR-21,"08:14:36",40.2267,71.93,68,12-APR-21,"07:49","0068","SBE-911+","V",6.74,32.657,7.26,33.247,4,1.29,".43",1,8.7,61
"2021001HB","HB2101","2021","202102030500030134","Representative",1719,"10",40.923833,-72.119167,23,22,23,12-APR-21,"19:15:39",40.915,72.1283,26,12-APR-21,"19:01","0069","SBE-911+","W",7.24,31.117,6.99,31.432,3,0.67,".24",1,8.6,22
"2021001HB","HB2101","2021","202102030200010135","Representative",1589,"10",40.957667,-71.987333,26,27,27,12-APR-21,"20:46:49",40.95,72.005,27,12-APR-21,"20:31","0070","SBE-911+","V",7,31.256,6.98,31.195,1,0.92,".26",1,7.8,23
"2021001HB","HB2101","2021","202102030200020136","Representative",1677,"10",40.9465,-71.953667,29,30,29,12-APR-21,"22:14:58",40.945,71.9717,29,12-APR-21,"21:59","0071","SBE-911+","V",7.11,31.145,7.03,31.216,0,0.82,".27",1,8.7,24
"2021001HB","HB2101","2021","202102030200030137","Representative",1660,"10",40.995333,-71.8965,22,23,23,12-APR-21,"23:31:26",40.995,71.905,21,12-APR-21,"23:15","0072","SBE-911+","V",7.27,30.972,7.27,30.978,1,0.39,".27",1,8.8,19
"2021001HB","HB2101","2021","202102010800030143","Representative",1617,"10",39.902,-71.5305,278,276,276,13-APR-21,"17:23:48",39.8917,71.5583,284,13-APR-21,"16:42","0073","SBE-911+","W",8.46,33.235,11.58,35.483,6,1.42,".7",1,4.7,283
"2021001HB","HB2101","2021","202102010700010144","Representative",1730,"10",40.006167,-71.387333,129,130,128,13-APR-21,"19:24:28",39.995,71.395,138,13-APR-21,"19:01","0074","SBE-911+","V",8.89,33.375,13.57,35.594,9,0.76,".39",1,6.1,137
"2021001HB","HB2101","2021","202102010800020145","Representative",1705,"10",40.072667,-71.044167,199,191,194,13-APR-21,"22:57:42",40.0633,71.0683,200,13-APR-21,"22:23","0075","SBE-911+","V",10.43,33.909,14.17,35.838,1,1.24,".58",1,6.4,199
"2021001HB","HB2101","2021","202102010700030146","Representative",1760,"10",40.155333,-71,142,137,139,14-APR-21,"00:31:56",40.1367,70.9983,146,14-APR-21,"00:08","0076","SBE-911+","V",9.41,33.534,14.24,35.815,4,1.12,".4",1,6.8,145
"2021001HB","HB2101","2021","202102010700020148","Representative",1564,"10",40.221,-70.64,119,117,118,14-APR-21,"06:23:58",40.2,70.6367,121,14-APR-21,"05:58","0077","SBE-911+","V",7.44,32.669,12.63,35.274,2,1.27,".43",1,6.3,120
"2021001HB","HB2101","2021","202102011000010149","Non-Representative",1554,"10",40.294833,-70.319167,93,90,92,14-APR-21,"09:04:15",40.2783,70.3133,95,14-APR-21,"08:40","0078","SBE-911+","V",7.03,32.617,10.66,34.488,2,1.03,".4",1,7.3,94
"2021001HB","HB2101","2021","202102011200010150","Representative",1537,"10",39.968167,-70.118667,259,250,258,14-APR-21,"13:48:37",39.965,70.1533,287,14-APR-21,"13:01","0079","SBE-911+","V",8.15,32.979,10.92,35.391,28,1.61,".79",1,4.5,285
"2021001HB","HB2101","2021","202102011200030151","Representative",1535,"10",39.933,-69.906333,287,290,298,14-APR-21,"17:15:09",39.9033,69.8933,497,14-APR-21,"16:19","0080","SBE-911+","W",10.37,34.253,7.18,35.091,210,1.88,".94",0,5.7,489
"2021001HB","HB2101","2021","202102010600010157","Representative",1664,"10",40.817167,-71.020167,58,57,57,15-APR-21,"13:43:29",40.83,71.03,58,15-APR-21,"13:21","0081","SBE-911+","W",5.62,32.446,5.25,32.551,0,0.89,".37",1,9.1,53
"2021001HB","HB2101","2021","202102010500030159","Representative",1572,"10",41.14,-71.467,29,29,29,15-APR-21,"20:14:33",41.1833,71.47,58,15-APR-21,"18:27","0082","SBE-911+","V",6.92,32.174,,,29,2.6,"1.79",0,9.3,33
"2021001HB","HB2101","2021","202102010500060158","Non-Representative",1572,"10",41.168667,-71.473,25,26,26,15-APR-21,"18:44:47",41.1833,71.47,58,15-APR-21,"18:27","0082","SBE-911+","V",6.92,32.174,,,33,0.89,".3",0,9.3,33
"2021001HB","HB2101","2021","202102034600020163","Representative",1820,"10",40.953167,-70.111833,22,24,23,18-APR-21,"02:18:18",40.9417,70.1167,23,18-APR-21,"02:04","0083","SBE-911+","V",7.32,32.704,7.32,32.704,1,0.72,".24",1,9.4,20
"2021001HB","HB2101","2021","202102010900050164","Representative",1704,"10",40.758833,-70.3515,50,51,50,18-APR-21,"05:12:19",40.7583,70.325,49,18-APR-21,"04:50","0084","SBE-911+","W",6.66,32.571,6.46,32.626,1,1.21,".37",1,9.5,45
"2021001HB","HB2101","2021","202102011000070168","Representative",1536,"10",40.448167,-69.734167,73,72,73,18-APR-21,"15:04:39",40.4467,69.7517,74,18-APR-21,"14:46","0085","SBE-911+","V",6.88,32.821,6.62,32.819,1,0.81,".31",1,9.6,70
"2021001HB","HB2101","2021","202102011000060171","Representative",1807,"10",40.257667,-69.222667,92,91,92,18-APR-21,"22:24:03",40.2567,69.2033,93,18-APR-21,"22:01","0086","SBE-911+","V",7.14,32.588,6.29,32.889,1,0.89,".38",1,9.3,91
"2021001HB","HB2101","2021","202102011200020172","Representative",1848,"10",40.1635,-69.0835,138,141,137,19-APR-21,"01:21:52",40.14,69.0817,139,19-APR-21,"00:48","0087","SBE-911+","W",7.18,32.654,11.89,34.976,1,1.41,".56",1,6.8,134
"2021001HB","HB2101","2021","202102011100030173","Representative",1816,"10",40.108167,-68.984,158,155,157,19-APR-21,"03:23:48",40.0983,68.9633,160,19-APR-21,"02:56","0088","SBE-911+","V",7.36,32.765,13.27,35.558,2,1.12,".46",1,6.1,157
"2021001HB","HB2101","2021","202102011100020174","Representative",1736,"10",40.239167,-68.941167,116,116,115,19-APR-21,"05:25:44",40.2367,68.915,115,19-APR-21,"05:01","0089","SBE-911+","V",7.05,32.644,11.69,34.9,1,1.21,".41",1,6.8,111
"2021001HB","HB2101","2021","202102011500030177","Representative",1821,"10",40.222,-68.4905,190,192,193,19-APR-21,"12:05:21",40.215,68.465,184,19-APR-21,"10:08","0090","SBE-911+","V",8.17,33.291,13.11,35.573,6,1.24,"1.96",1,6.1,180
"2021001HB","HB2101","2021","202102011500010179","Representative",1601,"10",40.3125,-67.9725,218,216,218,19-APR-21,"18:46:14",40.3167,67.9333,186,19-APR-21,"18:11","0091","SBE-911+","W",8.16,32.933,13.27,35.604,32,1.81,".59",1,6.3,182
"2021001HB","HB2101","2021","202102011300050182","Representative",1592,"10",40.553833,-68.086167,100,100,100,19-APR-21,"23:17:17",40.555,68.0533,97,19-APR-21,"22:49","0092","SBE-911+","V",7.81,32.636,9.5,34.008,3,1.5,".47",1,7.9,95
"2021001HB","HB2101","2021","202102011400010183","Representative",1863,"10",40.560333,-67.644333,111,117,114,20-APR-21,"02:18:41",40.5667,67.6233,107,20-APR-21,"01:59","0093","SBE-911+","V",6.94,32.658,9.93,34.301,4,1.03,".33",1,7.7,103
"2021001HB","HB2101","2021","202102011400030184","Representative",1842,"10",40.508167,-67.324833,142,141,141,20-APR-21,"04:54:05",40.5017,67.355,146,20-APR-21,"04:23","0094","SBE-911+","V",7.6,32.415,11.2,34.795,4,1.43,".52",1,7.4,141
"2021001HB","HB2101","2021","202102011300070187","Representative",1570,"10",40.985333,-67.192333,76,75,76,20-APR-21,"11:58:56",40.975,67.215,77,20-APR-21,"11:38","0095","SBE-911+","V",6.54,32.133,6.13,32.678,1,1.2,".35",1,9.3,73
"2021001HB","HB2101","2021","202102011900050191","Non-Representative",1813,"10",41.073833,-68.251333,46,46,45,20-APR-21,"19:06:07",41.085,68.25,44,20-APR-21,"18:45","0096","SBE-911+","W",7.6,32.923,7.3,32.923,2,0.67,".35",1,9.3,40
"2021001HB","HB2101","2021","202102011900030193","Representative",1982,"10",40.8265,-68.346,55,53,55,21-APR-21,"02:19:12",40.8317,68.3233,54,21-APR-21,"01:58","0097","SBE-911+","V",7.11,32.856,7.08,32.851,1,1.08,".35",1,9.5,50
"2021001HB","HB2101","2021","202102011300060196","Representative",1608,"10",40.647833,-68.543833,63,64,63,21-APR-21,"05:06:24",40.6483,68.5133,64,21-APR-21,"04:03","0098","SBE-911+","V",6.97,32.728,6.91,32.741,1,1.39,"1.06",1,9.6,60
"2021001HB","HB2101","2021","202102011300090194","Non-Representative",1608,"10",40.6475,-68.535,63,62,63,21-APR-21,"04:24:48",40.6483,68.5133,64,21-APR-21,"04:03","0098","SBE-911+","V",6.97,32.728,6.91,32.741,1,0.99,".36",1,9.6,60
"2021001HB","HB2101","2021","202102012300050199","Representative",1670,"10",41.060833,-68.978,85,86,85,21-APR-21,"14:14:58",41.05,68.99,85,21-APR-21,"13:50","0099","SBE-911+","V",7.36,33.037,6.87,33.079,0,0.85,".42",1,9.4,76
"2021001HB","HB2101","2021","202102012300030200","Representative",1811,"10",41.123667,-68.822333,76,79,77,21-APR-21,"16:39:33",41.12,68.825,75,21-APR-21,"16:15","0100","SBE-911+","W",7.62,33.079,6.68,33.066,1,0.25,".41",1,9.2,72
"2021001HB","HB2101","2021","202102012300020201","Representative",1790,"10",41.128667,-68.6945,64,64,64,21-APR-21,"19:03:38",41.0917,68.67,65,21-APR-21,"18:30","0101","SBE-911+","V",7.03,32.899,6.8,32.912,1,2.48,".56",1,9.5,62
"2021001HB","HB2101","2021","202102035900030204","Representative",1635,"10",41.801833,-70.318,25,26,25,23-APR-21,"11:09:28",41.7967,70.3517,24,23-APR-21,"10:44","0102","SBE-911+","V",7.44,32.078,7.44,32.079,1,1.54,".42",1,9.5,20
"2021001HB","HB2101","2021","202102035900010205","Representative",1559,"10",41.877833,-70.188667,25,28,27,23-APR-21,"13:21:16",41.8767,70.1733,21,23-APR-21,"13:09","0103","SBE-911+","V",7.78,32.029,7.78,32.029,4,0.69,".2",1,9.4,16
"2021001HB","HB2101","2021","202102036000030206","Representative",1738,"10",41.891333,-70.273,33,33,33,23-APR-21,"14:34:05",41.895,70.2567,33,23-APR-21,"14:23","0104","SBE-911+","V",7.24,32.172,7.19,32.177,0,0.76,".18",1,9.6,26
"2021001HB","HB2101","2021","202102035900020207","Representative",1607,"10",41.851667,-70.426167,27,27,27,23-APR-21,"16:42:12",41.8483,70.4117,27,23-APR-21,"16:26","0105","SBE-911+","W",7.38,32.098,7.28,32.104,0,0.68,".27",1,9.6,25
"2021001HB","HB2101","2021","202102036000010208","Representative",1641,"10",42.012333,-70.466667,39,37,38,23-APR-21,"19:28:45",42.0167,70.45,45,23-APR-21,"19:17","0106","SBE-911+","V",7.27,32.07,6.5,32.271,6,0.79,".2",1,9.4,41
"2021001HB","HB2101","2021","202102036100010210","Representative",1696,"10",42.063333,-70.387,57,56,57,23-APR-21,"21:50:01",42.0617,70.3833,56,23-APR-21,"21:05","0107","SBE-911+","V",7.28,32.143,5.95,32.426,1,0.19,".75",1,9.4,52
"2021001HB","HB2101","2021","202102035600030212","Representative",1671,"10",42.098833,-70.167667,31,32,31,24-APR-21,"01:46:46",42.1017,70.1483,37,24-APR-21,"01:27","0109","SBE-911+","V",7.43,32.118,6.87,32.256,6,0.88,".33",1,9.6,32
"2021001HB","HB2101","2021","202102036100030213","Representative",1999,"10",42.105333,-70.139833,,,,24-APR-21,"03:24:29",42.0983,70.12,37,24-APR-21,"02:56","0110","SBE-911+","V",7.37,32.132,6.96,32.246,,0.98,".47",0,9.6,33
"2021001HB","HB2101","2021","202102036100020214","Representative",1685,"10",42.112,-70.097833,40,40,40,24-APR-21,"05:17:37",42.1083,70.07,47,24-APR-21,"04:48","0111","SBE-911+","V",7.16,32.15,6.26,32.569,7,1.26,".49",1,9.7,41
"2021001HB","HB2101","2021","202102012600010215","Representative",1711,"10",42.166167,-70.0315,100,102,101,24-APR-21,"07:17:59",42.1583,70.015,119,24-APR-21,"06:56","0112","SBE-911+","V",6.39,32.772,6.08,32.937,19,0.87,".37",0,9.4,114
"2021001HB","HB2101","2021","202102012600040217","Representative",1620,"10",42.118,-70.25,63,64,63,24-APR-21,"09:23:17",42.1217,70.2267,56,24-APR-21,"09:03","0113","SBE-911+","V",7.8,31.984,6.19,32.382,7,1.06,".34",1,9.6,52
"2021001HB","HB2101","2021","202102036000020218","Representative",1851,"10",42.118667,-70.517167,37,36,36,24-APR-21,"12:02:09",42.13,70.5033,42,24-APR-21,"11:48","0114","SBE-911+","V",6.78,32.096,6.05,32.436,5,0.92,".24",1,9.4,39
"2021001HB","HB2101","2021","202102012600020220","Representative",1829,"10",42.215167,-70.415833,69,69,69,24-APR-21,"14:31:04",42.215,70.3967,67,24-APR-21,"14:13","0115","SBE-911+","W",6.69,32.129,5.59,32.522,2,0.85,".3",1,9.4,62
"2021001HB","HB2101","2021","202102012600030222","Representative",1835,"10",42.282,-70.469667,82,81,82,24-APR-21,"17:12:21",42.275,70.4483,82,24-APR-21,"16:06","0116","SBE-911+","V",6.85,31.892,4.88,32.726,0,1.04,"1.11",1,8.7,80
"2021001HB","HB2101","2021","202102036500020223","Representative",1682,"10",42.196167,-70.557333,37,38,37,24-APR-21,"20:14:45",42.1867,70.5417,46,24-APR-21,"19:56","0117","SBE-911+","V",7.05,32.007,5.82,32.529,9,0.9,".31",0,9.4,41
"2021001HB","HB2101","2021","202102036400030224","Representative",1574,"10",42.2285,-70.605,34,33,34,24-APR-21,"22:06:03",42.22,70.5933,35,24-APR-21,"21:50","0118","SBE-911+","V",7.56,32.026,6.7,32.137,1,0.73,".27",1,9.8,31
"2021001HB","HB2101","2021","202102036500030225","Representative",1702,"10",42.305667,-70.667667,46,46,46,24-APR-21,"23:44:20",42.3183,70.6783,47,24-APR-21,"23:24","0119","SBE-911+","V",8.31,31.825,6.28,32.38,1,0.89,".34",1,9.7,43
"2021001HB","HB2101","2021","202102036400010226","Representative",1642,"10",42.3575,-70.833833,30,30,32,25-APR-21,"03:11:59",42.3383,70.845,24,25-APR-21,"02:55","0120","SBE-911+","V",8.23,31.927,6.7,32.197,6,1.26,".28",0,9.4,20
"2021001HB","HB2101","2021","202102036600030227","Non-Representative",1801,"10",42.4025,-70.677667,67,65,66,25-APR-21,"05:00:08",42.385,70.675,68,25-APR-21,"04:40","0121","SBE-911+","V",7.23,31.88,5.67,32.676,1,1.06,".34",1,9.1,63
"2021001HB","HB2101","2021","202102036400020228","Representative",1741,"10",42.538833,-70.721667,38,43,40,25-APR-21,"06:56:16",42.5533,70.7283,31,25-APR-21,"06:42","0122","SBE-911+","V",7.54,31.761,6.44,32.321,7,0.92,".24",1,9.5,27
"2021001HB","HB2101","2021","202102036600020229","Representative",1775,"10",42.5375,-70.6635,53,53,52,25-APR-21,"08:57:51",42.55,70.6467,51,25-APR-21,"08:30","0123","SBE-911+","V",7.19,31.99,6.13,32.531,2,1.06,".46",1,9.2,47
"2021001HB","HB2101","2021","202102012600050230","Representative",1707,"10",42.477833,-70.336667,140,140,139,25-APR-21,"12:23:02",42.485,70.3517,157,25-APR-21,"11:52","0124","SBE-911+","V",7.24,31.837,5.84,32.911,17,0.79,".52",1,9.4,153
"2021001HB","HB2101","2021","202102036600040232","Representative",2260,"10",42.71,-70.514833,83,81,82,25-APR-21,"17:32:40",42.7183,70.4933,86,25-APR-21,"17:11","0125","SBE-911+","W",7.24,32.227,5.94,32.818,3,1.07,".36",1,9.5,79
"2021001HB","HB2101","2021","202102036500010233","Representative",1740,"10",42.7115,-70.575833,64,63,63,25-APR-21,"19:06:24",42.7217,70.5883,65,25-APR-21,"18:43","0126","SBE-911+","V",6.87,31.814,5.92,32.78,1,0.82,".39",1,9.5,62
"2021001HB","HB2101","2021","202102012700030239","Representative",1558,"10",43.331,-70.0735,164,162,160,26-APR-21,"07:26:33",43.3517,70.075,151,26-APR-21,"06:58","0127","SBE-911+","V",6.64,31.688,5.84,32.941,13,1.24,".48",1,9,147
"2021001HB","HB2101","2021","202102014000010240","Representative",1548,"10",43.511667,-69.921333,114,115,115,26-APR-21,"11:49:30",43.5167,69.8967,111,26-APR-21,"10:46","0128","SBE-911+","W",6.42,31.666,5.77,32.705,3,1.11,"1.06",1,9.5,107
"2021001HB","HB2101","2021","202102013800080241","Representative",1672,"10",43.485167,-69.400167,151,144,150,26-APR-21,"17:07:48",43.47,69.3817,146,26-APR-21,"16:40","0129","SBE-911+","V",6.51,32.145,6.19,33.102,5,1.22,".46",1,8.4,144
"2021001HB","HB2101","2021","202102013700030242","Representative",1803,"10",43.048833,-69.784,170,168,167,26-APR-21,"21:45:46",43.03,69.7683,164,26-APR-21,"20:49","0130","SBE-911+","V",7.03,32.864,6.87,33.396,6,1.32,".95",1,7.7,160
"2021001HB","HB2101","2021","202102012700020243","Representative",1602,"10",43.055333,-69.966667,190,173,182,27-APR-21,"00:10:07",43.035,69.9467,208,26-APR-21,"23:33","0131","SBE-911+","V",7.07,32.864,8.37,34.044,18,1.5,".62",1,4.9,206
"2021001HB","HB2101","2021","202102012700050244","Representative",1557,"10",42.957667,-69.956667,208,210,208,27-APR-21,"02:34:52",42.93,69.95,220,27-APR-21,"01:58","0132","SBE-911+","V",7.11,32.925,8.4,34.055,12,1.69,".61",1,5.1,218
"2021001HB","HB2101","2021","202102012800010245","Representative",1652,"10",42.661,-69.795167,241,245,243,27-APR-21,"06:16:18",42.6367,69.7817,239,27-APR-21,"05:39","0133","SBE-911+","W",7.11,32.975,8.72,34.248,2,1.58,".62",1,4.2,235
"2021001HB","HB2101","2021","202102012800040246","Representative",1611,"10",42.291167,-69.633,242,244,243,27-APR-21,"11:48:56",42.2683,69.62,239,27-APR-21,"10:00","0134","SBE-911+","V",7.18,33.077,8.45,34.053,3,1.49,"1.82",1,4.7,234
"2021001HB","HB2101","2021","202102012800070247","Representative",1708,"10",42.0095,-69.605667,218,219,218,27-APR-21,"15:59:01",41.9983,69.5783,214,27-APR-21,"15:23","0135","SBE-911+","V",7.25,33.081,7.51,33.667,4,1.39,".6",1,6.2,212
"2021001HB","HB2101","2021","202102012400080248","Representative",1840,"10",41.8995,-69.573333,203,203,203,27-APR-21,"18:32:14",41.88,69.5567,196,27-APR-21,"17:52","0136","SBE-911+","V",7.42,33.053,6.44,33.308,7,1.39,".67",1,8.3,189
"2021001HB","HB2101","2021","202102012500030249","Non-Representative",1650,"10",41.896333,-69.853833,61,61,61,27-APR-21,"21:44:57",41.8817,69.8517,59,27-APR-21,"21:01","0137","SBE-911+","V",7.43,32.319,6.61,32.552,2,0.88,".73",1,9.5,56
"2021001HB","HB2101","2021","202102035600010250","Representative",1858,"10",41.996,-69.978167,29,29,29,28-APR-21,"00:19:35",42.0117,69.9833,32,28-APR-21,"00:02","0138","SBE-911+","V",7.33,32.265,6.93,32.326,3,0.97,".29",1,9.5,29
"2021001HB","HB2101","2021","202102035600020251","Representative",1802,"10",41.722,-69.875333,25,27,26,28-APR-21,"04:07:28",41.705,69.8783,22,28-APR-21,"03:46","0139","SBE-911+","V",7.39,32.23,7.09,32.307,3,1.03,".36",1,9.5,18
"2021001HB","HB2101","2021","202102012500010253","Representative",1810,"10",41.6055,-69.672167,48,45,47,28-APR-21,"07:34:55",41.595,69.66,47,28-APR-21,"06:32","0140","SBE-911+","V",7.01,32.55,6.76,32.847,1,0.83,"1.05",1,9.5,43
"2021001HB","HB2101","2021","202102012300010254","Representative",1834,"10",41.665667,-69.625,86,85,85,28-APR-21,"10:39:17",41.66,69.6017,87,28-APR-21,"10:18","0141","SBE-911+","W",6.82,32.926,6.27,33.009,1,1.1,".35",1,9.3,84
"2021001HB","HB2101","2021","202102012300060255","Representative",1632,"10",41.540667,-69.4115,70,70,70,28-APR-21,"13:58:36",41.5183,69.3917,69,28-APR-21,"13:13","0142","SBE-911+","V",6.79,32.946,6.78,32.976,1,1.61,".76",1,9.5,66
"2021001HB","HB2101","2021","202102012400070256","Representative",1619,"10",41.5445,-68.650833,134,134,134,13-MAY-21,"12:03:43",41.5633,68.625,134,13-MAY-21,"11:03","0143","SBE-911+","V",8.96,33.013,6.48,33.192,0,1.62,"1.01",1,8.3,126
"2021001HB","HB2101","2021","202102012400060257","Representative",1633,"10",41.646333,-68.563167,158,158,158,13-MAY-21,"14:22:10",41.6617,68.58,167,13-MAY-21,"13:50","0144","SBE-911+","V",8.89,33.015,6.83,33.393,9,1.19,".54",1,7.7,161
"2021001HB","HB2101","2021","202102012000040258","Representative",1657,"10",41.5495,-68.392167,50,51,51,13-MAY-21,"18:39:39",41.5633,68.3967,50,13-MAY-21,"18:22","0145","SBE-911+","V",8.4,32.893,8.34,32.894,0,0.85,".29",1,10.2,47
"2021001HB","HB2101","2021","202102011900100260","Non-Representative",1774,"10",41.314,-67.899333,34,38,34,14-MAY-21,"00:44:41",41.3117,67.8833,38,14-MAY-21,"00:26","0146","SBE-911+","V",8.97,32.852,8.97,32.852,4,0.74,".31",1,9.5,29
"2021001HB","HB2101","2021","202102012000010262","Representative",1646,"10",41.462833,-68.044833,40,39,41,14-MAY-21,"03:36:02",41.4717,68.0567,38,14-MAY-21,"02:40","0147","SBE-911+","W",8.94,32.857,8.95,32.858,2,0.75,".93",1,9.6,34
"2021001HB","HB2101","2021","202102012000030264","Representative",1727,"10",41.728667,-67.992833,32,33,33,14-MAY-21,"08:15:07",41.73,68.0117,32,14-MAY-21,"06:19","0148","SBE-911+","V",8.5,32.91,8.52,32.908,0,0.85,"1.94",1,10.2,28
"2021001HB","HB2101","2021","202102012000080263","Non-Representative",1727,"10",41.721333,-68.021833,32,33,33,14-MAY-21,"06:33:15",41.73,68.0117,32,14-MAY-21,"06:19","0148","SBE-911+","V",8.5,32.91,8.52,32.908,0,0.69,".24",1,10.2,28
"2021001HB","HB2101","2021","202102012200010266","Representative",1581,"10",42.089333,-67.6935,178,180,179,14-MAY-21,"13:42:02",42.0967,67.6633,172,14-MAY-21,"13:14","0149","SBE-911+","V",8.46,32.087,7.76,33.829,6,1.42,".47",1,6.7,165
"2021001HB","HB2101","2021","202102012000050268","Representative",1849,"10",42.055667,-67.377333,50,51,51,14-MAY-21,"20:44:26",42.0633,67.3733,51,14-MAY-21,"19:41","0150","SBE-911+","W",8.71,32.85,8.23,32.889,1,0.49,"1.06",1,9.5,43
"2021001HB","HB2101","2021","202102012100020269","Representative",1844,"10",42.131833,-67.223,82,89,86,14-MAY-21,"22:57:37",42.1333,67.2083,81,14-MAY-21,"22:36","0151","SBE-911+","V",9.15,32,6.99,33.177,1,0.66,".36",1,8.6,73
"2021001HB","HB2101","2021","202102012100040271","Representative",1701,"10",42.103833,-66.9235,68,68,69,15-MAY-21,"03:29:50",42.12,66.92,66,15-MAY-21,"03:08","0152","SBE-911+","V",8.71,32.36,7.72,32.992,2,0.98,".36",1,9.1,62
"2021001HB","HB2101","2021","202102011900090273","Representative",1860,"10",41.724333,-67.219667,56,55,55,15-MAY-21,"08:46:54",41.715,67.22,58,15-MAY-21,"08:24","0153","SBE-911+","V",8.49,32.854,8.47,32.848,2,0.56,".38",1,9.5,55
"2021001HB","HB2101","2021","202102011900080276","Representative",1597,"10",41.360667,-67.245333,50,51,50,15-MAY-21,"16:18:35",41.3783,67.2517,50,15-MAY-21,"16:00","0154","SBE-911+","V",8.82,32.85,8.56,32.854,0,1.1,".31",1,9.8,46
"2021001HB","HB2101","2021","202102011600010278","Representative",1852,"10",41.281333,-67.028,66,65,66,15-MAY-21,"19:36:31",41.285,67.015,66,15-MAY-21,"19:22","0155","SBE-911+","W",8.7,32.667,7.92,32.704,0,0.63,".24",1,9.4,62
"2021001HB","HB2101","2021","202102011600050279","Representative",1843,"10",41.152167,-67.1735,61,61,61,15-MAY-21,"21:50:04",41.1433,67.1833,63,15-MAY-21,"21:30","0156","SBE-911+","V",9.76,32.711,7.6,32.671,2,0.69,".33",1,9.3,58
"2021001HB","HB2101","2021","202102011700010281","Representative",1826,"10",40.8485,-66.720333,117,116,116,16-MAY-21,"03:02:24",40.8583,66.6917,125,16-MAY-21,"02:42","0157","SBE-911+","V",10.76,33.093,13.33,35.491,8,1.43,".34",1,6.5,122
"2021001HB","HB2101","2021","202102011800020283","Representative",1770,"10",40.858667,-66.621667,244,239,245,16-MAY-21,"07:52:09",40.8333,66.6483,245,16-MAY-21,"07:14","0158","SBE-911+","V",9.9,32.715,10.21,35.314,1,1.95,".64",1,4.6,242
"2021001HB","HB2101","2021","202102011700020284","Representative",1776,"10",41.163,-66.365667,115,116,115,16-MAY-21,"10:59:14",41.1767,66.3433,119,16-MAY-21,"10:37","0159","SBE-911+","V",8.55,32.321,9.6,34.119,4,1.3,".37",1,7.2,117
"2021001HB","HB2101","2021","202102011600030286","Representative",1699,"10",41.562,-66.786,74,74,74,16-MAY-21,"17:39:36",41.5467,66.7933,72,16-MAY-21,"17:22","0160","SBE-911+","W",9.29,32.747,7.85,32.754,2,0.98,".29",1,9.3,69
"2021001HB","HB2101","2021","202102011600020287","Representative",1709,"10",41.5215,-66.641667,79,79,79,16-MAY-21,"19:34:08",41.5017,66.6433,78,16-MAY-21,"19:17","0161","SBE-911+","V",9.85,32.713,7.53,32.755,1,1.19,".29",1,9,74
"2021001HB","HB2101","2021","202102011600130288","Representative",1693,"10",41.807167,-66.645667,70,66,68,16-MAY-21,"22:08:40",41.8117,66.63,70,16-MAY-21,"21:49","0162","SBE-911+","V",8.39,32.7,7.87,32.719,0,0.75,".33",1,9.3,66
"2021001HB","HB2101","2021","202102011600090290","Representative",1864,"10",41.814667,-66.217333,86,82,84,17-MAY-21,"03:15:59",41.805,66.2333,85,17-MAY-21,"02:52","0163","SBE-911+","V",9.81,32.413,7.27,32.893,1,0.92,".4",1,8.7,79
"2021001HB","HB2101","2021","202102011600140291","Representative",1756,"10",41.731333,-66.2825,87,87,87,17-MAY-21,"05:10:48",41.715,66.29,85,17-MAY-21,"04:53","0164","SBE-911+","V",8.96,32.388,7.31,32.901,2,1.04,".3",1,8.7,83
"2021001HB","HB2101","2021","202102011600080293","Representative",1773,"10",41.498,-66.382833,93,93,94,17-MAY-21,"09:52:27",41.4883,66.4033,94,17-MAY-21,"09:33","0165","SBE-911+","V",9.24,32.346,7.87,33.385,1,1.09,".32",1,8,91
"2021001HB","HB2101","2021","202102011700040294","Representative",1674,"10",41.384,-66.075833,161,162,161,17-MAY-21,"12:51:54",41.3667,66.0967,162,17-MAY-21,"12:22","0166","SBE-911+","W",11.46,33.484,12.29,35.43,1,1.4,".5",1,5.9,159
"2021001HB","HB2101","2021","202102011800030295","Representative",1644,"10",41.469,-65.95,298,295,298,17-MAY-21,"15:13:04",41.4433,65.9633,330,17-MAY-21,"14:32","0167","SBE-911+","W",11.54,33.469,8.45,35.154,32,1.66,".68",1,4.9,329
"2021001HB","HB2101","2021","202102011700030297","Representative",1571,"10",41.887333,-65.842667,133,137,134,17-MAY-21,"20:45:51",41.91,65.8383,139,17-MAY-21,"19:59","0168","SBE-911+","V",9.12,31.942,8.37,33.878,6,1.38,".78",1,7.3,135
"2021001HB","HB2101","2021","202102011800040298","Representative",1556,"10",41.932167,-65.7765,196,193,195,17-MAY-21,"23:14:51",41.9517,65.7917,203,17-MAY-21,"22:12","0169","SBE-911+","V",9.02,31.895,9.39,34.718,7,1.36,"1.05",1,6.4,199
"2021001HB","HB2101","2021","202102012900030299","Representative",1585,"10",42.191,-65.7735,226,223,224,18-MAY-21,"02:19:18",42.2067,65.7933,225,18-MAY-21,"01:41","0170","SBE-911+","V",8.95,31.813,7.56,35.074,1,1.29,".64",1,6.1,223
"2021001HB","HB2101","2021","202102012200040300","Representative",1618,"10",42.135833,-66.070167,210,208,210,18-MAY-21,"05:11:58",42.1417,66.1,209,18-MAY-21,"04:38","0171","SBE-911+","V",6.44,31.18,11.15,35.196,1,1.37,".57",1,5.9,208
"2021001HB","HB2101","2021","202102012900100301","Representative",1732,"10",42.267167,-66.150833,248,244,245,18-MAY-21,"07:38:39",42.23,66.1367,250,18-MAY-21,"08:54","0172","SBE-911+","V",,,8.8,35.16,2,2.32,"1.26",0,5.7,249
"2021001HB","HB2101","2021","202102012100030302","Representative",1669,"10",42.087833,-66.344,87,86,86,18-MAY-21,"11:08:47",42.0633,66.3417,84,18-MAY-21,"10:44","0173","SBE-911+","V",9.2,32.486,7.53,33.076,3,1.48,".41",1,8.8,81
"2021001HB","HB2101","2021","202102012200030303","Representative",1761,"10",42.172833,-66.511833,191,191,191,18-MAY-21,"13:41:29",42.1717,66.4917,190,18-MAY-21,"13:05","0174","SBE-911+","V",7.32,32.405,10.96,35.232,1,0.9,".61",1,5.7,187
"2021001HB","HB2101","2021","202102012900010304","Representative",1543,"10",42.484833,-66.331333,244,243,245,18-MAY-21,"17:10:38",42.4733,66.295,245,18-MAY-21,"16:41","0175","SBE-911+","W",8.73,31.823,9.08,35.178,1,1.75,".49",1,5.6,242
"2021001HB","HB2101","2021","202102013000030305","Representative",1681,"10",42.463333,-66.735,324,323,323,18-MAY-21,"21:19:46",42.4717,66.695,311,18-MAY-21,"20:07","0176","SBE-911+","V",9.28,31.834,8.65,35.141,13,1.84,"1.21",1,5.6,310
"2021001HB","HB2101","2021","202102013000020306","Representative",1766,"10",42.3915,-67.027667,349,343,346,19-MAY-21,"01:12:13",42.3967,66.9917,355,19-MAY-21,"00:12","0177","SBE-911+","V",10.03,32.223,8.75,35.157,6,1.63,"1",1,5.2,353
"2021001HB","HB2101","2021","202102013000010307","Representative",1680,"10",42.4045,-67.333667,338,336,336,19-MAY-21,"04:19:31",42.3867,67.3067,343,19-MAY-21,"03:39","0178","SBE-911+","V",9.88,32.274,8.64,35.151,5,1.6,".68",1,5.2,342
"2021001HB","HB2101","2021","202102012900060308","Representative",1870,"10",42.547333,-67.664833,215,215,214,19-MAY-21,"07:36:54",42.5583,67.635,200,19-MAY-21,"07:08","0179","SBE-911+","V",9.62,32.333,9.47,34.795,15,1.48,".48",1,5.3,199
"2021001HB","HB2101","2021","202102012900050309","Representative",1583,"10",42.549167,-67.6525,206,211,210,19-MAY-21,"10:21:34",42.56,67.6183,202,19-MAY-21,"09:50","0180","SBE-911+","V",9.58,32.303,9.55,34.893,4,1.65,".53",1,5.3,201
"2021001HB","HB2101","2021","202102012900090310","Representative",1688,"10",42.655667,-67.498333,196,200,200,19-MAY-21,"13:59:27",42.6517,67.4667,217,19-MAY-21,"13:20","0181","SBE-911+","V",9.64,32.282,9.39,35.133,21,1.42,".66",1,5.1,215
"2021001HB","HB2101","2021","202102012900070311","Representative",1814,"10",42.672667,-67.296,227,228,228,19-MAY-21,"17:14:43",42.6717,67.3233,227,19-MAY-21,"16:42","0182","SBE-911+","V",9.69,32.277,9.4,35.191,0,1.21,".55",1,5,225
"2021001HB","HB2101","2021","202102013600050312","Representative",1838,"10",42.824333,-67.600167,226,226,225,19-MAY-21,"20:23:25",42.845,67.625,225,19-MAY-21,"19:43","0183","SBE-911+","V",10.3,32.228,9.52,34.87,1,1.65,".67",1,5.4,224
"2021001HB","HB2101","2021","202102013600100313","Representative",1805,"10",42.95,-67.556,227,226,226,19-MAY-21,"23:04:17",42.9633,67.5817,212,19-MAY-21,"22:30","0184","SBE-911+","W",10.27,32.247,9.39,34.698,15,1.38,".57",1,5.5,210
"2021001HB","HB2101","2021","202102013600110315","Representative",1771,"10",43.0845,-67.102333,182,185,183,20-MAY-21,"04:58:18",43.0733,67.0783,189,20-MAY-21,"04:31","0185","SBE-911+","V",9.49,32.295,10.39,35.024,7,1.25,".45",1,5.4,188
"2021001HB","HB2101","2021","202102013600070316","Representative",1606,"10",43.289333,-67.285167,214,214,214,20-MAY-21,"07:16:54",43.265,67.285,212,20-MAY-21,"08:14","0186","SBE-911+","V",9.63,32.41,9.4,34.601,2,1.46,".95",1,5.4,211
"2021001HB","HB2101","2021","202102013600090317","Representative",1857,"10",43.3735,-67.409667,213,211,212,20-MAY-21,"10:11:51",43.4017,67.4017,205,20-MAY-21,"09:40","0187","SBE-911+","V",9.27,32.271,9.11,34.36,8,1.73,".53",1,5.7,204
"2021001HB","HB2101","2021","202102013600030318","Representative",1733,"10",43.419,-67.185167,222,224,223,20-MAY-21,"13:09:09",43.425,67.2133,198,20-MAY-21,"12:34","0188","SBE-911+","V",9.37,32.072,9.4,34.555,24,1.28,".59",1,5.6,197
"2021001HB","HB2101","2021","202102013400070319","Non-Representative",1584,"10",43.205333,-66.921167,171,172,172,20-MAY-21,"17:53:38",43.2217,66.9233,180,20-MAY-21,"17:22","0189","SBE-911+","V",8.2,31.215,9.95,34.733,9,0.99,".53",1,5.7,177
"2021001HB","HB2101","2021","202102013400040320","Representative",1584,"10",43.2055,-66.9215,173,173,172,20-MAY-21,"19:19:50",43.2217,66.9233,180,20-MAY-21,"17:22","0189","SBE-911+","V",8.2,31.215,9.95,34.733,7,0.98,"1.96",1,5.7,177
"2021001HB","HB2101","2021","202102013400050322","Representative",1612,"10",43.530333,-66.699333,120,121,120,21-MAY-21,"01:04:31",43.5383,66.725,120,21-MAY-21,"00:45","0190","SBE-911+","V",8.02,31.451,8.16,33.518,0,1.22,".33",1,7.2,114
"2021001HB","HB2101","2021","202102013400030323","Representative",1647,"10",43.610667,-66.539,110,109,110,21-MAY-21,"03:22:44",43.5883,66.5283,100,21-MAY-21,"02:54","0191","SBE-911+","V",8.72,32.144,7.16,32.688,10,1.42,".48",1,8.3,97
"2021001HB","HB2101","2021","202102013400010324","Representative",1689,"10",43.709333,-67.097,135,135,134,21-MAY-21,"07:05:02",43.6917,67.1067,138,21-MAY-21,"06:43","0192","SBE-911+","W",9.52,32.497,8.54,33.959,3,1.14,".37",1,6.1,135
"2021001HB","HB2101","2021","202102013600060325","Representative",1662,"10",43.7575,-67.423667,212,211,212,21-MAY-21,"09:57:52",43.7817,67.4117,210,21-MAY-21,"09:23","0193","SBE-911+","V",10.56,32.217,9.14,34.324,2,1.54,".58",1,5.8,207
"2021001HB","HB2101","2021","202102013400060326","Representative",1824,"10",43.96,-67.045,169,168,169,21-MAY-21,"13:27:01",43.9433,67.0617,167,21-MAY-21,"12:56","0194","SBE-911+","V",9.46,32.311,8.3,33.808,2,1.24,".52",1,6.3,166
"2021001HB","HB2101","2021","202102013510010327","Representative",1544,"10",44.2075,-67.1125,119,116,119,21-MAY-21,"16:32:15",44.235,67.0967,107,21-MAY-21,"17:21","0195","SBE-911+","W",7.86,32.228,7.42,33.099,12,1.79,".81",1,7.5,103
"2021001HB","HB2101","2021","202102013510030328","Representative",1690,"10",44.398333,-66.9345,119,120,119,21-MAY-21,"19:06:30",44.415,66.9267,106,21-MAY-21,"18:41","0196","SBE-911+","V",7.22,32.008,6.78,32.405,13,1.06,".42",1,8.6,103
"2021001HB","HB2101","2021","202102013510020329","Representative",1603,"10",44.382833,-67.133667,141,143,145,21-MAY-21,"22:09:10",44.385,67.1067,140,21-MAY-21,"21:45","0197","SBE-911+","V",8.21,32.178,8,33.537,1,1.16,".4",1,6.7,137
"2021001HB","HB2101","2021","202102013900020330","Representative",1631,"10",44.419667,-67.448667,83,84,83,22-MAY-21,"00:54:02",44.425,67.42,75,22-MAY-21,"00:33","0198","SBE-911+","V",7.61,32.003,6.93,32.178,8,1.27,".35",1,8.9,72
"2021001HB","HB2101","2021","202102013900030331","Representative",1792,"10",44.282,-67.661,98,97,97,22-MAY-21,"03:02:38",44.275,67.6767,104,22-MAY-21,"02:41","0199","SBE-911+","V",7.64,32.093,6.95,32.379,6,0.8,".36",1,8.5,100
"2021001HB","HB2101","2021","202102013800020335","Representative",1595,"10",43.784333,-68.621833,122,122,124,22-MAY-21,"17:12:16",43.8017,68.6183,117,22-MAY-21,"16:54","0200","SBE-911+","W",10.47,32.197,6.37,32.779,5,1.05,".3",1,8.3,115
"2021001HB","HB2101","2021","202102013800010336","Representative",1630,"10",43.679833,-68.111833,175,178,177,22-MAY-21,"20:51:30",43.6867,68.1383,169,22-MAY-21,"20:25","0201","SBE-911+","V",10.94,32.171,8.33,33.835,6,1.22,".44",1,5.9,166
"2021001HB","HB2101","2021","202102013600120337","Representative",1625,"10",43.455833,-68.171,186,187,186,22-MAY-21,"23:46:32",43.4783,68.1633,189,22-MAY-21,"23:19","0202","SBE-911+","V",10.91,32.147,8.68,34.004,3,1.39,".46",1,5.5,186
"2021001HB","HB2101","2021","202102013800040338","Representative",1692,"10",43.535333,-68.301333,191,183,187,23-MAY-21,"02:47:00",43.5483,68.325,198,23-MAY-21,"02:16","0203","SBE-911+","V",11.28,32.092,7.98,33.772,7,1.29,".52",1,6,197
"2021001HB","HB2101","2021","202102013800060339","Representative",1804,"10",43.4475,-68.554667,158,158,158,23-MAY-21,"05:32:18",43.465,68.54,184,23-MAY-21,"05:06","0204","SBE-911+","V",11.37,32.168,7.57,33.489,26,1.23,".44",0,6.7,178
"2021001HB","HB2101","2021","202102013800070340","Representative",1565,"10",43.416833,-68.652333,137,141,138,23-MAY-21,"07:24:00",43.43,68.6317,145,23-MAY-21,"07:02","0205","SBE-911+","V",11.47,32.16,6.85,33.172,8,1.2,".37",1,7.6,142
"2021001HB","HB2101","2021","202102013700060343","Representative",1706,"10",43.096667,-68.590333,184,182,183,23-MAY-21,"14:57:31",43.115,68.6083,192,23-MAY-21,"14:17","0206","SBE-911+","V",11.68,32.163,8.48,34.082,8,1.35,".68",1,5.3,190
"2021001HB","HB2101","2021","202102013600080344","Representative",1818,"10",43.117333,-68.3235,202,198,203,23-MAY-21,"17:54:53",43.1383,68.3167,204,23-MAY-21,"17:28","0207","SBE-911+","W",11.75,32.395,8.24,33.949,2,1.29,".45",1,5.7,202
"2021001HB","HB2101","2021","202102013600040345","Representative",1879,"10",42.896333,-68.389167,179,177,177,23-MAY-21,"21:07:20",42.9367,68.4033,166,23-MAY-21,"20:18","0208","SBE-911+","V",11.85,32.209,8.24,33.979,13,2.5,".82",1,5.9,164
"2021001HB","HB2101","2021","202102013700040346","Representative",1665,"10",42.916333,-68.743833,202,206,203,24-MAY-21,"00:10:32",42.8933,68.7283,203,23-MAY-21,"23:37","0209","SBE-911+","V",11.66,32.243,8.54,34.162,1,1.54,".56",1,5.4,201
"2021001HB","HB2101","2021","202102013700050347","Representative",1675,"10",42.9235,-69.079,187,184,188,24-MAY-21,"03:02:47",42.905,69.0567,198,24-MAY-21,"02:37","0210","SBE-911+","V",11.47,32.582,6.72,33.298,11,1.48,".43",1,7.7,195
"2021001HB","HB2101","2021","202102013700020348","Representative",1629,"10",42.7945,-69.2655,79,84,81,24-MAY-21,"05:26:17",42.7783,69.2583,78,24-MAY-21,"05:11","0211","SBE-911+","V",11.14,32.613,6.71,32.943,1,1.02,".25",1,8.7,73
"2021001HB","HB2101","2021","202102013700070349","Representative",1865,"10",42.716,-68.705833,194,195,194,24-MAY-21,"09:28:06",42.6867,68.7117,178,24-MAY-21,"09:01","0212","SBE-911+","V",11.27,32.37,8.35,34.085,16,1.78,".45",1,5.6,177
"2021001HB","HB2101","2021","202102012900040350","Representative",1679,"10",42.574833,-68.312333,191,193,192,24-MAY-21,"13:00:56",42.5533,68.3317,197,24-MAY-21,"12:35","0213","SBE-911+","V",10.93,32.257,8.43,34.155,6,1.55,".43",1,5.5,195
"2021001HB","HB2101","2021","202102012900080352","Representative",1785,"10",42.3725,-68.293833,200,193,195,24-MAY-21,"19:33:23",42.3633,68.3183,200,24-MAY-21,"19:08","0214","SBE-911+","W",11.7,32.56,8.95,34.665,0,1.22,".42",1,5.2,198
"2021001HB","HB2101","2021","202102012800020353","Representative",1823,"10",42.486167,-68.602333,195,203,199,24-MAY-21,"22:40:17",42.4733,68.625,187,24-MAY-21,"22:17","0215","SBE-911+","V",12.25,32.405,8.85,34.57,8,1.27,".39",1,5,185
"2021001HB","HB2101","2021","202102012800030354","Representative",1610,"10",42.429833,-68.864,219,216,217,25-MAY-21,"01:50:39",42.4467,68.8433,227,25-MAY-21,"01:20","0216","SBE-911+","V",11.94,32.565,8.17,34.096,8,1.37,".51",1,5.8,223
"2021001HB","HB2101","2021","202102012800050355","Representative",1615,"10",42.513667,-68.994833,218,221,220,25-MAY-21,"04:19:05",42.535,68.9917,200,25-MAY-21,"03:51","0217","SBE-911+","V",11.87,32.604,8.24,34.079,18,1.29,".47",1,5.7,199
"2021001HB","HB2101","2021","202102012800060356","Representative",1762,"10",42.333167,-69.276,233,226,230,25-MAY-21,"07:59:43",42.3567,69.2533,242,25-MAY-21,"07:18","0218","SBE-911+","V",11.47,32.685,8.69,34.26,9,1.74,".7",1,4.9,239
"2021001HB","HB2101","2021","202102012400050358","Representative",1822,"10",41.994667,-68.493167,170,171,170,25-MAY-21,"16:08:15",42.0183,68.4833,171,25-MAY-21,"15:44","0219","SBE-911+","V",11.33,32.702,6.91,33.464,1,1.49,".4",1,7.2,169
"2021001HB","HB2101","2021","202102012400010360","Representative",1791,"10",42.0625,-69.018,136,139,138,25-MAY-21,"22:08:13",42.0783,68.9967,131,25-MAY-21,"21:39","0220","SBE-911+","W",11.22,32.82,6.42,33.257,5,1.34,".49",1,8,128
"2021001HB","HB2101","2021","202102012500040361","Representative",1940,"10",41.389167,-69.488833,34,31,33,26-MAY-21,"09:37:22",41.38,69.4567,32,26-MAY-21,"09:05","0221","SBE-911+","W",8.05,32.524,8.02,32.528,2,1.55,".54",1,9.2,28
"2021001S1","S12101","2021","202103065500100020","",,"60",40.95457,-68.918223,75,75,74,13-JUN-21,"11:03:58",40.9567,68.9167,76,13-JUN-21,"10:33","0001","SBE-911+","W",10,32.724,10,32.724,1,0.15,".52",1,9.1,73
"2021001S1","S12101","2021","202103065500040026","",,"60",40.729282,-68.70822,67,67,66,13-JUN-21,"18:43:51",40.7267,68.7083,68,13-JUN-21,"18:16","0002","SBE-911+","W",12.76,32.69,10.04,32.765,1,0.16,".46",1,8.9,65
"2021001S1","S12101","2021","202103065900090029","",,"60",40.814098,-67.915938,72,70,71,14-JUN-21,"01:50:08",40.81,67.92,73,14-JUN-21,"01:32","0003","SBE-911+","V",14.28,32.606,8.68,33.047,1,0.31,".3",1,8.4,71
"2021001S1","S12101","2021","202103065800040039","",,"60",40.694488,-68.062978,81,85,82,14-JUN-21,"19:49:47",40.7,68.06,81,14-JUN-21,"19:24","0004","SBE-911+","W",14.17,32.858,9.13,33.418,0,0.36,".43",1,7.9,77
"2021001S1","S12101","2021","202103065800030043","",,"60",40.54691,-68.479462,86,89,87,15-JUN-21,"02:37:09",40.7183,68.4783,84,15-JUN-21,"02:16","0005","SBE-911+","V",13.97,32.835,9.6,33.644,2,10.29,".35",0,7.7,78
"2021001S1","S12101","2021","202103064700110053","",,"60",40.837572,-68.959718,74,74,77,15-JUN-21,"19:37:27",40.8367,68.96,75,15-JUN-21,"19:14","0008","SBE-911+","W",13.67,32.67,9.57,32.737,1,0.05,".39",1,8.7,71
"2021001S1","S12101","2021","202103064700160056","",,"60",40.86273,-68.913193,74,72,73,16-JUN-21,"00:09:34",40.87,68.915,67,15-JUN-21,"23:54","0009","SBE-911+","V",12.24,32.567,10.78,32.703,7,0.44,".26",1,9,65
"2021001S1","S12101","2021","202103064600070060","",,"60",40.912588,-69.276275,52,53,51,16-JUN-21,"07:12:04",40.9067,69.2783,52,16-JUN-21,"06:52","0010","SBE-911+","W",11.04,32.415,10.52,32.526,0,0.37,".33",1,9,48
"2021001S1","S12101","2021","202103065200070063","",,"60",41.10946,-69.106078,99,101,101,16-JUN-21,"12:34:21",41.1183,69.1133,101,16-JUN-21,"12:14","0011","SBE-911+","V",14.82,32.066,6.96,32.8,2,0.62,".34",1,8.8,98
"2021001S1","S12101","2021","202103064700120066","",,"60",41.003873,-69.166945,65,64,64,16-JUN-21,"17:48:49",41.0083,69.1633,68,16-JUN-21,"17:31","0012","SBE-911+","W",10.24,32.505,8.35,32.669,3,0.31,".3",1,8.9,66
"2021001S1","S12101","2021","202103065000140069","",,"60",41.112372,-69.325967,53,60,55,16-JUN-21,"22:28:13",41.1217,69.335,54,16-JUN-21,"22:14","0013","SBE-911+","V",10.91,32.316,9.76,32.417,1,0.69,".24",1,8.9,50
"2021001S1","S12101","2021","202103065000110072","",,"60",41.244603,-69.365472,52,55,54,17-JUN-21,"03:29:58",41.2517,69.3667,54,17-JUN-21,"03:09","0014","SBE-911+","V",14.19,32.136,7.09,32.668,2,0.43,".35",1,8.8,51
"2021001S1","S12101","2021","202103065000010075","",,"60",41.3723,-69.373283,53,53,53,17-JUN-21,"09:07:25",41.3783,69.3783,53,17-JUN-21,"08:53","0015","SBE-911+","W",14.07,32.011,7.3,32.541,0,0.43,".24",1,8.8,49
"2021001S1","S12101","2021","202103064900050080","",,"60",41.396643,-69.552047,31,31,31,26-JUN-21,"19:34:19",41.41,69.5617,33,26-JUN-21,"18:59","0016","SBE-911+","W",11.03,32.188,10.38,32.225,2,0.91,".59",1,8.9,29
"2021001S1","S12101","2021","202103064900010083","",,"60",41.573392,-69.618887,47,39,42,27-JUN-21,"01:07:50",41.5733,69.6167,49,27-JUN-21,"00:54","0017","SBE-911+","V",17.46,31.718,6.95,32.445,2,0.1,".23",1,8.6,47
"2021001S1","S12101","2021","202103065100020086","",,"60",41.698333,-69.77036,59,63,61,27-JUN-21,"07:34:42",41.7033,69.7767,60,27-JUN-21,"06:52","0018","SBE-911+","W",17.03,31.777,6.76,32.527,1,0.41,".71",1,8.8,56
"2021001S1","S12101","2021","202103065000050089","",,"60",41.880012,-69.851017,60,56,58,27-JUN-21,"12:21:43",41.8767,69.8483,62,27-JUN-21,"12:00","0019","SBE-911+","V",15.02,31.862,7.13,32.433,2,0.23,".36",1,8.7,60
"2021001S1","S12101","2021","202103067100190092","",,"60",42.062658,-67.071723,57,56,57,30-JUN-21,"15:39:07",42.0533,67.0767,58,30-JUN-21,"13:56","0020","SBE-911+","V",17.2,32.508,10.65,32.756,1,0.6,"1.72",1,8.4,54
"2021001S1","S12101","2021","202103066510110095","",,"60",42.099805,-67.155712,53,51,51,30-JUN-21,"22:15:33",42.1033,67.1533,57,30-JUN-21,"21:34","0021","SBE-911+","W",16,32.564,10.77,32.758,4,0.24,".69",1,8.3,53
"2021001S1","S12101","2021","202103066510020111","",,"60",41.751345,-68.22285,64,62,63,02-JUL-21,"13:18:24",41.7467,68.2217,61,02-JUL-21,"12:58","0022","SBE-911+","W",15.42,32.579,10.28,32.713,3,0.28,".34",1,8.3,59
"2021001S1","S12101","2021","202103065300020114","",,"60",41.583498,-68.486692,95,95,96,02-JUL-21,"18:15:04",41.5867,68.4883,98,02-JUL-21,"17:49","0023","SBE-911+","V",18.92,31.867,6.65,33.031,3,0.21,".43",1,8.1,96
"2021003HB","HB2103","2021","202104017300010007","Representative",3253,"10",39.17,-73.539667,50,50,50,12-SEP-21,"10:07:16",39.1883,73.5217,40,12-SEP-21,"08:08","0002","SBE-911+","W",22.24,31.126,10.28,32.84,10,1.38,"1.99",0,6.5,39
"2021003HB","HB2103","2021","202104017300070006","Non-Representative",3253,"10",39.166833,-73.556333,46,47,46,12-SEP-21,"08:43:44",39.1883,73.5217,40,12-SEP-21,"08:08","0002","SBE-911+","W",22.24,31.126,10.28,32.84,6,2.06,".6",1,6.5,39
"2021003HB","HB2103","2021","202104017400050010","Representative",3070,"10",39.058667,-73.054667,83,84,84,12-SEP-21,"16:25:45",39.075,73.0417,82,12-SEP-21,"16:02","0003","SBE-911+","V",23.27,33.053,13.75,35.331,1,1.15,".4",1,5,78
"2021003HB","HB2103","2021","202104017500010011","Representative",3039,"10",38.962,-72.9065,111,111,112,12-SEP-21,"18:39:14",38.9817,72.9,102,12-SEP-21,"18:17","0004","SBE-911+","V",23.03,33.195,14.22,35.777,9,1.22,".37",1,5.2,97
"2021003HB","HB2103","2021","202104017600020013","Non-Representative",3227,"10",38.864333,-72.9545,122,122,122,12-SEP-21,"22:36:47",38.88,72.9383,122,12-SEP-21,"22:10","0005","SBE-911+","V",22.54,32.6,13.92,35.763,0,1.21,".45",1,5.1,118
"2021003HB","HB2103","2021","202104017400010014","Representative",3229,"10",38.920833,-73.035667,84,84,85,13-SEP-21,"00:25:36",38.9383,73.0233,84,13-SEP-21,"00:07","0006","SBE-911+","V",,,14.12,35.589,0,1.2,".31",0,5.1,80
"2021003HB","HB2103","2021","202104017400030015","Representative",3278,"10",38.863,-73.175167,79,78,79,13-SEP-21,"01:59:56",38.8733,73.1617,79,13-SEP-21,"01:44","0007","SBE-911+","V",23.3,33.045,13.73,35.348,0,0.88,".27",1,5.1,77
"2021003HB","HB2103","2021","202104017600030016","Representative",3341,"10",38.759667,-73.038,233,231,232,13-SEP-21,"05:17:40",38.7917,73.0283,529,13-SEP-21,"04:28","0008","SBE-911+","W",23.1,33.078,7.18,35.12,296,1.98,".83",0,5.6,520
"2021003HB","HB2103","2021","202104017600010017","Representative",3697,"10",38.597667,-73.206667,206,207,207,13-SEP-21,"08:25:49",38.6283,73.2,306,13-SEP-21,"07:48","0009","SBE-911+","V",23.28,33.105,10.61,35.374,100,1.87,".63",0,4.2,303
"2021003HB","HB2103","2021","202104017500030018","Representative",3231,"10",38.597333,-73.255833,131,131,131,13-SEP-21,"10:04:51",38.62,73.25,119,13-SEP-21,"09:44","0010","SBE-911+","V",23.12,33.035,13.75,35.739,12,1.39,".35",1,5.2,117
"2021003HB","HB2103","2021","202104017500020019","Representative",3173,"10",38.543667,-73.290667,133,131,132,13-SEP-21,"11:56:57",38.56,73.2783,135,13-SEP-21,"11:39","0011","SBE-911+","V",23.02,33.094,13.05,35.671,2,1.14,".3",1,4.8,132
"2021003HB","HB2103","2021","202104017100030021","Representative",3200,"10",38.352667,-73.611333,131,134,133,13-SEP-21,"16:14:20",38.3733,73.6,126,13-SEP-21,"15:50","0012","SBE-911+","V",23.18,32.794,13.87,35.752,5,1.35,".41",1,5.3,122
"2021003HB","HB2103","2021","202104017000020022","Representative",3105,"10",38.358833,-73.859833,73,75,74,13-SEP-21,"18:32:16",38.3817,73.855,72,13-SEP-21,"18:14","0013","SBE-911+","V",23.17,32.283,13.47,35.094,1,1.39,".3",1,5.4,68
"2021003HB","HB2103","2021","202104017000050023","Representative",3098,"10",38.077333,-74.103833,79,79,79,13-SEP-21,"21:05:04",38.0883,74.0933,78,13-SEP-21,"20:49","0014","SBE-911+","V",23.48,31.961,14.85,35.944,1,0.83,".27",1,5.3,73
"2021003HB","HB2103","2021","202104016900060024","Representative",3069,"10",38.012667,-74.405167,53,54,53,13-SEP-21,"23:07:14",38.0217,74.395,52,13-SEP-21,"22:56","0015","SBE-911+","V",22.96,31.809,12.83,34.912,1,0.73,".19",1,5.4,49
"2021003HB","HB2103","2021","202104017100010025","Representative",3363,"10",37.922,-74.069167,134,132,133,14-SEP-21,"01:52:44",37.9433,74.0533,131,14-SEP-21,"01:26","0016","SBE-911+","W",24.17,32.91,13.8,35.721,3,1.48,".45",1,5.2,128
"2021003HB","HB2103","2021","202104017000010028","Representative",3122,"10",37.821,-74.276667,88,85,86,14-SEP-21,"07:03:51",37.8317,74.265,91,14-SEP-21,"06:48","0017","SBE-911+","V",24.01,32.706,14.7,35.971,3,0.85,".26",1,5.5,89
"2021003HB","HB2103","2021","202104017200010029","Representative",3029,"10",37.710833,-74.199333,200,197,199,14-SEP-21,"09:05:13",37.6833,74.2117,244,14-SEP-21,"08:30","0018","SBE-911+","V",23.36,32.413,10.88,35.401,44,1.75,".59",0,4.2,242
"2021003HB","HB2103","2021","202104017200020030","Representative",3205,"10",37.645,-74.241333,198,197,197,14-SEP-21,"10:50:07",37.665,74.2317,187,14-SEP-21,"10:20","0019","SBE-911+","V",22.87,32.233,13.02,35.675,11,1.29,".5",1,4.7,184
"2021003HB","HB2103","2021","202104017000030031","Representative",3051,"10",37.669667,-74.388167,78,76,78,14-SEP-21,"12:35:49",37.6817,74.3817,76,14-SEP-21,"12:23","0020","SBE-911+","V",23.24,32.338,14.36,35.939,2,0.79,".21",1,5.6,73
"2021003HB","HB2103","2021","202104016600030032","Representative",3362,"10",37.597833,-74.540167,69,69,69,14-SEP-21,"14:18:56",37.6067,74.5283,65,14-SEP-21,"13:55","0021","SBE-911+","V",23.12,32.539,15.12,35.995,4,0.78,".4",1,5.1,62
"2021003HB","HB2103","2021","202104016700020033","Representative",3064,"10",37.4695,-74.413833,118,118,117,14-SEP-21,"16:14:01",37.4817,74.4,146,14-SEP-21,"15:54","0022","SBE-911+","V",25.23,33.963,14.91,36.068,28,0.99,".33",0,6.2,141
"2021003HB","HB2103","2021","202104016800020034","Representative",3347,"10",37.4515,-74.410167,234,235,235,14-SEP-21,"18:03:11",37.475,74.3967,285,14-SEP-21,"17:24","0023","SBE-911+","V",25.43,34.07,9.71,35.275,51,1.55,".65",0,4.3,281
"2021003HB","HB2103","2021","202104016600010035","Representative",3171,"10",37.371833,-74.575333,93,96,95,14-SEP-21,"20:06:32",37.3817,74.5717,93,14-SEP-21,"19:48","0024","SBE-911+","V",25.21,33.729,15.65,36.215,0,0.62,".31",1,6.6,88
"2021003HB","HB2103","2021","202104016700010036","Representative",3354,"10",37.281333,-74.5165,151,150,150,14-SEP-21,"22:02:24",37.3,74.5117,152,14-SEP-21,"21:36","0025","SBE-911+","V",26.32,34.478,15.34,36.149,1,1.14,".44",1,6.4,149
"2021003HB","HB2103","2021","202104016800010041","Representative",3186,"10",36.719333,-74.663667,252,253,249,15-SEP-21,"09:30:20",36.745,74.6583,241,15-SEP-21,"08:54","0026","SBE-911+","V",24.38,31.911,12.29,35.602,11,1.56,".61",1,4.6,238
"2021003HB","HB2103","2021","202104016800030042","Representative",3087,"10",36.540167,-74.7325,213,209,212,15-SEP-21,"12:13:55",36.515,74.7417,206,15-SEP-21,"11:40","0027","SBE-911+","V",24.79,31.919,14.26,35.92,7,1.58,".57",1,5.4,200
"2021003HB","HB2103","2021","202104016400020043","Representative",3063,"10",36.319667,-74.7845,194,199,196,15-SEP-21,"14:53:52",36.3017,74.785,186,15-SEP-21,"14:25","0028","SBE-911+","V",25.81,33.558,13.64,35.801,8,1.08,".48",1,4.9,184
"2021003HB","HB2103","2021","202104016300020044","Representative",3191,"10",36.308833,-74.795833,127,123,127,15-SEP-21,"16:49:57",36.33,74.8417,83,15-SEP-21,"16:13","0029","SBE-911+","V",25.86,33.007,14.61,35.835,44,2.56,".62",0,4.9,81
"2021003HB","HB2103","2021","202104016100040045","Representative",3340,"10",36.252167,-75.005167,43,43,43,15-SEP-21,"19:01:46",36.2683,75.005,43,15-SEP-21,"18:46","0030","SBE-911+","V",26.21,34.128,16.34,35.667,0,0.97,".26",1,5.2,41
"2021003HB","HB2103","2021","202104016300030046","Representative",3280,"10",36.223667,-74.798667,117,116,117,15-SEP-21,"21:59:40",36.245,74.7967,122,15-SEP-21,"21:33","0031","SBE-911+","W",26.56,34.664,14.37,35.888,5,1.28,".44",1,5.1,118
"2021003HB","HB2103","2021","202104016300040047","Non-Representative",3311,"10",36.201667,-74.790833,135,135,135,15-SEP-21,"23:25:29",36.2183,74.7867,142,15-SEP-21,"22:59","0032","SBE-911+","V",26.71,35.287,13.38,35.756,7,1.02,".44",1,4.9,138
"2021003HB","HB2103","2021","202104016300010048","Representative",3311,"10",36.202667,-74.789667,137,137,137,16-SEP-21,"00:34:15",36.2183,74.7867,142,15-SEP-21,"22:59","0032","SBE-911+","V",26.71,35.287,13.38,35.756,5,0.95,"1.59",1,4.9,138
"2021003HB","HB2103","2021","202104016400030050","Representative",3239,"10",36.074333,-74.7795,277,272,274,16-SEP-21,"03:48:35",36.1017,74.7783,293,16-SEP-21,"03:09","0033","SBE-911+","V",26.71,35.577,11.01,35.438,16,1.64,".66",1,4.4,289
"2021003HB","HB2103","2021","202104016100010051","Representative",3104,"10",36.0245,-74.985833,43,43,42,16-SEP-21,"06:11:45",36.03,74.98,43,16-SEP-21,"05:59","0034","SBE-911+","V",27.5,35.677,29.85,36.112,0,0.44,".21",1,6.8,39
"2021003HB","HB2103","2021","202104016200030052","Representative",3197,"10",35.977833,-74.907,84,86,85,16-SEP-21,"07:38:57",35.99,74.9117,79,16-SEP-21,"07:24","0035","SBE-911+","W",27.39,36.002,14.86,35.937,5,0.77,".25",1,4.8,76
"2021003HB","HB2103","2021","202104016400040053","Non-Representative",3124,"10",35.839,-74.8425,317,322,310,16-SEP-21,"10:01:12",35.8433,74.8417,306,16-SEP-21,"09:03","0036","SBE-911+","V",26.56,36.002,11.05,35.449,11,0.26,".97",1,4.4,304
"2021003HB","HB2103","2021","202104016400010054","Representative",3124,"10",35.8145,-74.8685,188,178,192,16-SEP-21,"11:04:40",35.8433,74.8417,306,16-SEP-21,"09:03","0036","SBE-911+","V",26.56,36.002,11.05,35.449,118,2.17,"2.03",0,4.4,304
"2021003HB","HB2103","2021","202104016200020055","Representative",3144,"10",35.618833,-74.899833,55,53,54,16-SEP-21,"13:28:54",35.6433,74.8933,61,16-SEP-21,"13:06","0037","SBE-911+","V",27.77,36.015,26.37,36.071,6,1.5,".38",1,5.8,56
"2021003HB","HB2103","2021","202104085000010056","Representative",3192,"10",35.241,-75.151,29,13,26,16-SEP-21,"17:59:32",35.2517,75.1633,30,16-SEP-21,"17:37","0038","SBE-911+","V",28.6,35.858,28.21,35.942,1,0.88,".38",1,6.1,27
"2021003HB","HB2103","2021","202104034400020057","Representative",3233,"10",35.165333,-75.275833,32,34,34,16-SEP-21,"20:48:32",35.1833,75.2717,27,16-SEP-21,"20:25","0039","SBE-911+","V",28.73,35.829,23.44,36.403,5,1.1,".39",1,6,22
"2021003HB","HB2103","2021","202104085000030058","Representative",3034,"10",35.116333,-75.294833,47,47,48,16-SEP-21,"22:19:45",35.1183,75.2867,52,16-SEP-21,"22:08","0040","SBE-911+","V",28.66,35.78,22.39,36.424,5,0.42,".2",1,5.8,42
"2021003HB","HB2103","2021","202104075200040059","Representative",3561,"10",35.06,-75.499167,28,28,27,17-SEP-21,"00:34:29",35.06,75.5167,28,17-SEP-21,"00:20","0041","SBE-911+","V",28.34,35.91,26.14,36.053,0,0.86,".24",1,6,25
"2021003HB","HB2103","2021","202104075200020060","Representative",3235,"10",34.944333,-75.8045,25,27,26,17-SEP-21,"03:20:10",34.9367,75.8217,25,17-SEP-21,"03:08","0042","SBE-911+","V",27.88,36.073,27.5,36.132,0,0.96,".2",1,6.1,22
"2021003HB","HB2103","2021","202104085000020061","Representative",3108,"10",34.83,-75.995333,31,32,31,17-SEP-21,"05:43:30",34.83,76.0133,31,17-SEP-21,"05:29","0043","SBE-911+","V",28.61,35.916,27.31,36.243,0,0.89,".24",1,6.3,29
"2021003HB","HB2103","2021","202104085100030064","Representative",3025,"10",34.493,-75.901167,67,66,67,17-SEP-21,"11:42:03",34.4617,75.85,118,17-SEP-21,"08:54","0044","SBE-911+","V",29.39,36.181,21.61,36.423,51,3.15,"2.8",0,5.3,115
"2021003HB","HB2103","2021","202104085100040062","Non-Representative",3025,"10",34.457333,-75.865833,109,110,109,17-SEP-21,"09:31:17",34.4617,75.85,118,17-SEP-21,"08:54","0044","SBE-911+","V",29.39,36.181,21.61,36.423,9,0.83,".62",1,5.3,115
"2021003HB","HB2103","2021","202104085100050063","Non-Representative",3025,"10",34.466,-75.866,104,105,105,17-SEP-21,"10:36:52",34.4617,75.85,118,17-SEP-21,"08:54","0044","SBE-911+","V",29.39,36.181,21.61,36.423,14,0.83,"1.71",1,5.3,115
"2021003HB","HB2103","2021","202104085300010065","Representative",3322,"10",34.421667,-75.777333,288,285,286,17-SEP-21,"14:29:49",34.44,75.765,283,17-SEP-21,"13:35","0045","SBE-911+","V",29.4,36.264,15.11,35.997,5,1.26,".91",1,4.1,282
"2021003HB","HB2103","2021","202104085200020066","Representative",3092,"10",34.650833,-75.6565,135,134,135,17-SEP-21,"17:13:56",34.65,75.6517,141,17-SEP-21,"16:37","0046","SBE-911+","V",29.4,36.183,21.79,36.398,6,0.24,".62",1,5.3,137
"2021003HB","HB2103","2021","202104085200030067","Representative",3170,"10",34.770167,-75.517,180,183,182,17-SEP-21,"19:34:03",34.775,75.5117,180,17-SEP-21,"19:03","0047","SBE-911+","V",29.38,36.143,14.81,35.954,0,0.39,".52",1,4.2,178
"2021003HB","HB2103","2021","202104085300020069","Representative",3011,"10",34.8385,-75.3895,337,337,337,17-SEP-21,"23:57:41",34.85,75.3717,372,17-SEP-21,"21:37","0048","SBE-911+","V",29.41,36.236,9.69,35.258,35,1.12,"2.34",1,4.3,363
"2021003HB","HB2103","2021","202104085300040068","Non-Representative",3011,"10",34.842167,-75.385,335,337,338,17-SEP-21,"22:38:34",34.85,75.3717,372,17-SEP-21,"21:37","0048","SBE-911+","V",29.41,36.236,9.69,35.258,37,0.81,"1.03",1,4.3,363
"2021003HB","HB2103","2021","202104085100010070","Representative",3001,"10",34.884667,-75.5145,67,67,67,18-SEP-21,"01:57:14",34.8717,75.5233,69,18-SEP-21,"01:45","0049","SBE-911+","V",28.82,35.828,27.55,36.146,2,0.89,".2",1,6.2,65
"2021003HB","HB2103","2021","202104085100020071","Representative",3358,"10",34.950167,-75.430667,75,75,76,18-SEP-21,"03:33:52",34.9167,75.455,81,18-SEP-21,"02:59","0050","SBE-911+","V",28.85,35.839,27.14,36.206,6,2.34,".58",1,6.2,77
"2021003HB","HB2103","2021","202104085200010072","Representative",3160,"10",35.069833,-75.196833,168,163,167,18-SEP-21,"06:16:17",35.0767,75.19,167,18-SEP-21,"05:52","0051","SBE-911+","V",28.76,35.901,15.89,36.104,1,0.53,".4",1,4.2,166
"2021003HB","HB2103","2021","202104034400010074","Representative",3139,"10",35.462167,-75.266,28,29,28,18-SEP-21,"12:50:42",35.455,75.265,28,18-SEP-21,"12:25","0052","SBE-911+","V",25.93,34.668,26.03,34.999,0,0.43,".43",1,5.6,24
"2021003HB","HB2103","2021","202104034400030075","Representative",3114,"10",35.565833,-75.214,30,30,30,18-SEP-21,"14:18:47",35.5583,75.215,31,18-SEP-21,"14:09","0053","SBE-911+","V",26.52,35.625,25.47,35.344,1,0.46,".16",1,5.8,27
"2021003HB","HB2103","2021","202104034400040077","Representative",3265,"10",35.685167,-75.282667,30,31,31,18-SEP-21,"16:40:38",35.6767,75.2817,29,18-SEP-21,"15:55","0054","SBE-911+","V",25.89,33.902,24.49,34.179,1,0.51,".76",1,5.9,25
"2021003HB","HB2103","2021","202104034100030079","Representative",3127,"10",35.996167,-75.383667,22,24,24,18-SEP-21,"22:07:20",35.9867,75.3817,26,18-SEP-21,"21:58","0055","SBE-911+","V",25.14,32.696,23.44,33.969,4,0.58,".16",1,6.4,22
"2021003HB","HB2103","2021","202104034100010080","Representative",3189,"10",36.045333,-75.4955,27,25,27,18-SEP-21,"23:36:48",36.0367,75.5067,28,18-SEP-21,"23:28","0056","SBE-911+","V",24.64,32.343,22.39,32.7,1,0.75,".15",1,6,22
"2021003HB","HB2103","2021","202104033800030086","Representative",3246,"10",36.638833,-75.663167,21,21,21,19-SEP-21,"11:52:47",36.6267,75.6617,21,19-SEP-21,"11:41","0057","SBE-911+","V",24.49,31.11,19.76,32.433,0,0.73,".2",1,6.3,17
"2021003HB","HB2103","2021","202104033800020088","Representative",3327,"10",37.108833,-75.594333,19,19,19,19-SEP-21,"15:55:13",37.0967,75.5983,20,19-SEP-21,"15:46","0058","SBE-911+","V",24.81,31.034,20.89,32.047,1,0.75,".15",1,6.2,14
"2021003HB","HB2103","2021","202104033500030090","Representative",3031,"10",37.353333,-75.457833,26,27,26,19-SEP-21,"18:54:06",37.345,75.4617,26,19-SEP-21,"18:46","0059","SBE-911+","V",24.38,31.781,21.59,32.047,0,0.53,".14",1,5.9,22
"2021003HB","HB2103","2021","202104016500030091","Representative",3042,"10",37.339,-75.3115,30,30,30,19-SEP-21,"20:54:57",37.3283,75.3183,30,19-SEP-21,"20:42","0060","SBE-911+","V",24.02,31.583,16.21,32.499,0,0.72,".22",1,6,27
"2021003HB","HB2103","2021","202104033500010092","Representative",3373,"10",37.422667,-75.417833,27,27,27,19-SEP-21,"22:34:59",37.415,75.4183,27,19-SEP-21,"22:20","0061","SBE-911+","V",24.02,31.619,20.3,32.141,0,0.46,".25",1,5.8,24
"2021003HB","HB2103","2021","202104033200010095","Representative",3236,"10",37.613833,-75.393167,21,21,20,20-SEP-21,"03:21:55",37.6033,75.3983,18,20-SEP-21,"03:12","0062","SBE-911+","V",23.23,31.747,23.18,31.768,3,0.68,".17",1,6.6,13
"2021003HB","HB2103","2021","202104033200020096","Representative",3068,"10",37.892167,-75.066,18,19,17,20-SEP-21,"06:44:17",37.8817,75.075,18,20-SEP-21,"06:30","0063","SBE-911+","W",23.35,31.384,23.36,31.385,0,0.76,".24",1,6.7,14
"2021003HB","HB2103","2021","202104016500040098","Representative",3116,"10",37.665167,-74.851667,40,37,38,20-SEP-21,"10:45:45",37.6517,74.8467,47,20-SEP-21,"10:33","0064","SBE-911+","V",23.16,31.771,12.04,32.767,7,0.84,".21",1,6.7,43
"2021003HB","HB2103","2021","202104016900030101","Representative",3244,"10",37.934667,-74.754,32,32,32,20-SEP-21,"17:23:53",37.9283,74.7733,28,20-SEP-21,"17:08","0065","SBE-911+","V",23.58,30.998,14.61,32.378,4,0.99,".26",1,6.9,21
"2021003HB","HB2103","2021","202104032900030102","Representative",3201,"10",38.162667,-74.989167,21,21,20,20-SEP-21,"20:09:22",38.1533,74.9967,21,20-SEP-21,"19:59","0066","SBE-911+","V",22.49,30.741,20.97,30.511,0,0.67,".17",1,7.1,17
"2021003HB","HB2103","2021","202104032900020105","Representative",3276,"10",38.4035,-74.891833,22,20,21,21-SEP-21,"01:37:28",38.3933,74.89,22,21-SEP-21,"01:28","0067","SBE-911+","V",23.27,30.891,19.58,31.071,0,0.62,".16",1,5.7,17
"2021003HB","HB2103","2021","202104032600020106","Representative",3248,"10",38.547167,-74.844833,24,26,24,21-SEP-21,"03:10:24",38.5367,74.8483,24,21-SEP-21,"03:00","0068","SBE-911+","V",23.05,30.56,19.14,31.453,0,0.65,".17",1,6.2,20
"2021003HB","HB2103","2021","202104032600010108","Representative",3052,"10",38.806667,-74.768667,21,21,21,21-SEP-21,"06:25:08",38.8033,74.785,20,21-SEP-21,"06:15","0069","SBE-911+","V",22.24,31.29,22.25,31.29,1,0.79,".17",1,6.6,16
"2021003HB","HB2103","2021","202104032300010117","Representative",3119,"10",39.048833,-74.601833,20,19,19,22-SEP-21,"03:04:52",39.0383,74.6117,22,22-SEP-21,"02:54","0070","SBE-911+","V",22.52,31.28,21.61,31.357,2,0.78,".18",1,6.2,15
"2021003HB","HB2103","2021","202104032300030118","Representative",3089,"10",39.143667,-74.316333,24,23,24,22-SEP-21,"05:23:55",39.1433,74.3283,24,22-SEP-21,"05:15","0071","SBE-911+","W",22.65,31.368,19.39,31.762,0,0.56,".15",1,3.9,20
"2021003HB","HB2103","2021","202104032000040119","Representative",3212,"10",39.387833,-74.176167,20,18,20,22-SEP-21,"07:42:44",39.38,74.185,19,22-SEP-21,"07:33","0072","SBE-911+","V",22.76,31.049,22.36,31.143,1,0.62,".16",1,6.8,15
"2021003HB","HB2103","2021","202104017300020120","Representative",3368,"10",39.303167,-74.0475,29,30,29,22-SEP-21,"09:20:14",39.32,74.045,26,22-SEP-21,"09:04","0073","SBE-911+","V",22.86,31.04,19.74,31.77,3,1.02,".27",1,5.2,21
"2021003HB","HB2103","2021","202104032000050123","Non-Representative",3336,"10",39.483833,-74.019333,25,26,26,22-SEP-21,"14:13:22",39.4983,74.0333,25,22-SEP-21,"13:59","0074","SBE-911+","V",22.61,31.259,18.74,32.439,0,1.08,".24",1,5.6,22
"2021003HB","HB2103","2021","202104032000020124","Representative",3336,"10",39.476167,-74.009167,26,26,26,22-SEP-21,"15:03:39",39.4983,74.0333,25,22-SEP-21,"13:59","0074","SBE-911+","V",22.61,31.259,18.74,32.439,1,1.74,"1.08",1,5.6,22
"2021003HB","HB2103","2021","202104031700010126","Representative",3269,"10",39.7275,-73.906333,26,27,26,22-SEP-21,"18:58:50",39.7333,73.9167,25,22-SEP-21,"18:50","0075","SBE-911+","V",22.6,31.334,17.91,32.381,1,0.59,".15",1,3.8,23
"2021003HB","HB2103","2021","202104031700030127","Representative",3002,"10",39.821167,-73.8755,27,26,26,22-SEP-21,"20:38:25",39.8333,73.88,25,22-SEP-21,"20:29","0076","SBE-911+","V",22.59,31.408,19.5,32.251,2,0.76,".16",1,5.3,21
"2021003HB","HB2103","2021","202104031700020128","Representative",3270,"10",40.151667,-73.889167,24,25,25,22-SEP-21,"23:33:23",40.16,73.8917,21,22-SEP-21,"23:20","0077","SBE-911+","V",22.62,30.123,22.21,31.728,3,0.51,".22",1,7,17
"2021003HB","HB2103","2021","202104031400010129","Representative",3046,"10",40.3195,-73.894833,23,24,23,23-SEP-21,"01:32:45",40.33,73.8983,22,23-SEP-21,"01:24","0078","SBE-911+","V",22.49,27.896,20.31,31.643,1,0.65,".15",1,4.8,19
"2021003HB","HB2103","2021","202104031100020132","Representative",3268,"10",40.395833,-73.661833,25,25,25,23-SEP-21,"06:46:49",40.3967,73.6583,24,23-SEP-21,"06:32","0079","SBE-911+","V",22.4,31.185,20.59,32.278,1,0.17,".25",1,4.7,21
"2021003HB","HB2103","2021","202104010100020134","Representative",3058,"10",40.413167,-73.344,33,33,33,23-SEP-21,"11:39:23",40.4,73.32,31,23-SEP-21,"10:56","0080","SBE-911+","V",22.19,31.86,20.31,32.505,2,1.35,".72",1,5.2,28
"2021003HB","HB2103","2021","202104031100030135","Representative",3132,"10",40.4425,-73.453667,27,29,27,23-SEP-21,"13:20:44",40.4467,73.4733,26,23-SEP-21,"13:08","0081","SBE-911+","V",22.24,31.742,20.4,32.404,1,0.93,".21",1,5,23
"2021003HB","HB2103","2021","202104031100010136","Representative",3207,"10",40.5205,-73.2405,24,25,25,23-SEP-21,"15:15:46",40.5217,73.2567,25,23-SEP-21,"15:07","0082","SBE-911+","V",22.21,31.845,21.69,32.064,1,0.74,".15",1,6.7,22
"2021003HB","HB2103","2021","202104030800030137","Representative",3079,"10",40.612333,-73.021667,23,25,24,23-SEP-21,"16:58:42",40.615,73.0367,22,23-SEP-21,"16:50","0083","SBE-911+","V",21.69,31.749,21.76,31.97,1,0.7,".15",1,6.8,19
"2021003HB","HB2103","2021","202104030800010138","Representative",3151,"10",40.754667,-72.592167,28,28,28,23-SEP-21,"19:29:20",40.7533,72.6067,26,23-SEP-21,"19:21","0084","SBE-911+","V",21.43,31.605,21.18,31.721,2,0.67,".14",1,7.2,24
"2021003HB","HB2103","2021","202104030800020139","Representative",3353,"10",40.78,-72.511667,26,29,28,23-SEP-21,"20:45:19",40.7783,72.525,26,23-SEP-21,"20:37","0085","SBE-911+","V",21.56,31.503,20.86,32.211,0,0.62,".14",1,7,24
"2021003HB","HB2103","2021","202104030500010140","Representative",3359,"10",40.814833,-72.425833,25,26,26,23-SEP-21,"22:10:40",40.815,72.4383,25,23-SEP-21,"22:03","0086","SBE-911+","V",21.37,31.578,20.91,31.811,0,0.57,".13",1,6.7,22
"2021003HB","HB2103","2021","202104030500020141","Representative",3101,"10",40.900167,-72.190833,26,27,26,24-SEP-21,"00:19:20",40.8983,72.2033,23,24-SEP-21,"00:12","0087","SBE-911+","W",21.46,31.432,21.47,31.447,3,0.58,".12",1,7.6,18
"2021003HB","HB2103","2021","202104030500030142","Representative",3196,"10",40.926167,-72.104667,24,28,26,24-SEP-21,"01:36:17",40.925,72.1183,24,24-SEP-21,"01:28","0088","SBE-911+","V",21.58,31.281,20.76,32.197,0,0.62,".14",1,6.8,20
"2021003HB","HB2103","2021","202104010100030148","Representative",3302,"10",40.317833,-72.980667,44,44,43,24-SEP-21,"18:21:59",40.32,72.995,41,24-SEP-21,"18:11","0089","SBE-911+","V",21.58,32.199,16.96,33.185,3,0.67,".18",1,4.7,38
"2021003HB","HB2103","2021","202104010100050149","Representative",3366,"10",40.188333,-73.059,46,46,46,24-SEP-21,"20:15:57",40.1867,73.0767,44,24-SEP-21,"20:03","0090","SBE-911+","V",21.65,32.038,15.48,33.217,2,0.82,".22",1,5.2,41
"2021003HB","HB2103","2021","202104010200030154","Representative",3281,"10",39.5805,-72.613833,81,80,81,25-SEP-21,"08:33:57",39.5733,72.6267,79,25-SEP-21,"08:17","0091","SBE-911+","W",23.1,34.155,13.91,35.203,2,0.74,".28",1,4.8,78
"2021003HB","HB2103","2021","202104010300030155","Representative",3126,"10",39.418667,-72.5085,125,122,124,25-SEP-21,"10:37:44",39.4067,72.5167,127,25-SEP-21,"10:17","0092","SBE-911+","V",23.31,34.036,14.37,35.681,2,0.81,".35",1,4.7,124
"2021003HB","HB2103","2021","202104010300020157","Representative",3279,"10",39.574333,-72.2545,127,132,130,25-SEP-21,"15:39:48",39.575,72.2717,120,25-SEP-21,"15:21","0093","SBE-911+","V",24.53,35.455,14.58,35.796,7,0.8,".31",1,4.6,118
"2021003HB","HB2103","2021","202104010300010158","Representative",3339,"10",39.695167,-72.217667,124,127,125,25-SEP-21,"17:48:20",39.6917,72.24,120,25-SEP-21,"17:25","0094","SBE-911+","V",24.28,35.186,14.96,35.744,4,1.05,".39",1,4.7,116
"2021003HB","HB2103","2021","202104010400020159","Representative",3282,"10",39.5755,-72.424167,333,340,339,25-SEP-21,"20:57:58",39.5433,72.4333,306,25-SEP-21,"20:19","0095","SBE-911+","V",24.48,35.336,,,27,1.98,".65",0,4.5,277
"2021003HB","HB2103","2021","202104010200070162","Representative",3345,"10",39.8055,-72.362333,87,88,86,26-SEP-21,"01:56:58",39.805,72.3833,85,26-SEP-21,"01:42","0096","SBE-911+","V",23.56,34.582,14.8,35.524,2,0.97,".25",1,4.8,81
"2021003HB","HB2103","2021","202104010200060163","Representative",3174,"10",39.8435,-72.0875,95,93,94,26-SEP-21,"04:18:18",39.8433,72.07,97,26-SEP-21,"04:05","0097","SBE-911+","V",23.83,34.786,14.59,35.444,2,0.81,".22",1,4.7,94
"2021003HB","HB2103","2021","202104010300040164","Representative",3111,"10",39.769333,-72.0325,132,130,131,26-SEP-21,"06:11:42",39.7733,72.0117,134,26-SEP-21,"05:52","0098","SBE-911+","V",23.93,35.009,14.33,35.786,2,0.99,".33",1,4.8,131
"2021003HB","HB2103","2021","202104010400010165","Representative",3134,"10",39.859333,-71.779,200,199,199,26-SEP-21,"09:03:06",39.8633,71.7533,218,26-SEP-21,"08:28","0099","SBE-911+","V",22.74,34.285,13.19,35.699,18,1.21,".59",1,4.6,217
"2021003HB","HB2103","2021","202104010600070169","Representative",3179,"10",40.352333,-71.013167,94,94,93,26-SEP-21,"21:40:21",40.3533,71.0033,94,26-SEP-21,"21:01","0100","SBE-911+","V",21.77,33.793,15.96,35.774,0,0.46,".66",1,4.3,89
"2021003HB","HB2103","2021","202104010700030170","Representative",3241,"10",40.093667,-71.013333,178,180,179,27-SEP-21,"02:11:06",40.0917,70.97,167,27-SEP-21,"01:10","0101","SBE-911+","V",23.47,34.748,13.13,35.695,11,1.99,"1.02",1,4.5,163
"2021003HB","HB2103","2021","202104010800010171","Representative",3003,"10",40.028167,-71.1515,250,248,250,27-SEP-21,"05:29:18",40.0117,71.1633,272,27-SEP-21,"04:34","0102","SBE-911+","V",24.13,35.313,10.64,35.371,22,1.13,".92",1,4,271
"2021003HB","HB2103","2021","202104010700010172","Representative",3209,"10",40.057,-70.730333,139,140,139,27-SEP-21,"08:37:14",40.055,70.7017,137,27-SEP-21,"08:16","0103","SBE-911+","V",22.56,34.428,13.64,35.759,2,1.32,".35",1,4.7,134
"2021003HB","HB2103","2021","202104010700040173","Representative",3283,"10",40.106333,-70.660833,131,131,131,27-SEP-21,"10:24:57",40.1033,70.6383,129,27-SEP-21,"10:06","0104","SBE-911+","W",21.76,33.963,14.35,35.829,2,1.05,".32",1,4.8,126
"2021003HB","HB2103","2021","202104010800020174","Representative",3181,"10",39.992333,-70.568667,274,270,272,27-SEP-21,"13:06:06",39.995,70.53,335,27-SEP-21,"12:23","0105","SBE-911+","V",23.1,34.747,9.7,35.292,61,1.79,".72",0,4.4,331
"2021003HB","HB2103","2021","202104011100020175","Representative",3217,"10",40.0985,-70.423667,128,128,128,27-SEP-21,"15:18:08",40.1017,70.4033,127,27-SEP-21,"15:01","0106","SBE-911+","V",23.56,34.894,14.7,35.843,1,0.96,".29",1,4.6,126
"2021003HB","HB2103","2021","202104011100010176","Representative",3360,"10",40.158333,-70.355333,122,122,122,27-SEP-21,"17:19:14",40.16,70.335,120,27-SEP-21,"17:01","0107","SBE-911+","V",22.63,34.418,15.12,35.857,2,0.94,".3",1,4.4,117
"2021003HB","HB2103","2021","202104011200010180","Representative",2999,"10",39.933167,-69.826333,213,214,215,28-SEP-21,"04:26:39",39.9267,69.79,223,28-SEP-21,"03:46","0108","SBE-911+","V",23.84,35.048,13.54,35.752,10,1.72,".68",1,4.9,221
"2021003HB","HB2103","2021","202104011100040181","Representative",3296,"10",40.065,-69.7735,117,119,118,28-SEP-21,"07:00:27",40.0633,69.7533,117,28-SEP-21,"06:41","0109","SBE-911+","V",22.94,34.84,14.75,35.856,0,0.93,".32",1,4.9,114
"2021003HB","HB2103","2021","202104011200030182","Representative",2997,"10",39.939667,-69.365833,265,268,266,28-SEP-21,"10:37:51",39.95,69.33,269,28-SEP-21,"10:00","0110","SBE-911+","V",24.47,35.076,11.9,35.534,4,1.76,".63",1,4.3,268
"2021003HB","HB2103","2021","202104011100030183","Representative",3301,"10",40.128333,-68.970333,155,156,155,28-SEP-21,"14:00:59",40.1317,68.9483,155,28-SEP-21,"13:38","0111","SBE-911+","V",24.3,35.196,13.74,35.754,0,1.03,".38",1,4.8,152
"2021003HB","HB2103","2021","202104011000080184","Representative",3313,"10",40.146167,-69.4465,88,87,88,28-SEP-21,"17:50:19",40.1583,69.43,91,28-SEP-21,"17:31","0112","SBE-911+","V",24.24,34.913,14.96,35.529,3,1.05,".32",1,4.8,89
"2021003HB","HB2103","2021","202104011000020186","Representative",3030,"10",40.2575,-69.8065,87,89,87,28-SEP-21,"23:32:54",40.2633,69.7933,85,28-SEP-21,"23:12","0113","SBE-911+","V",21.55,34.019,14.71,35.103,2,0.7,".35",1,5.1,80
"2021003HB","HB2103","2021","202104011000090187","Representative",3057,"10",40.380833,-69.994833,82,82,82,29-SEP-21,"01:54:13",40.3883,69.9817,80,29-SEP-21,"01:41","0114","SBE-911+","V",20.87,33.511,14.21,34.528,2,0.75,".22",1,5.5,74
"2021003HB","HB2103","2021","202104010900040188","Representative",3588,"10",40.672,-70.267,49,52,51,29-SEP-21,"04:59:58",40.685,70.2517,46,29-SEP-21,"04:45","0115","SBE-911+","V",18.47,32.341,15.45,32.995,3,1.05,".25",1,6.1,43
"2021003HB","HB2103","2021","202104010900020189","Representative",3352,"10",40.868,-70.676667,53,53,53,29-SEP-21,"08:05:42",40.865,70.6583,54,29-SEP-21,"07:54","0116","SBE-911+","W",20.83,33.539,15.56,34.071,1,0.85,".2",1,5.5,50
"2021003HB","HB2103","2021","202104010600010190","Representative",3135,"10",40.848333,-70.978,57,57,57,29-SEP-21,"10:00:19",40.8367,70.96,58,29-SEP-21,"09:47","0117","SBE-911+","V",20.6,33.288,15.39,34.158,1,1.08,".22",1,5,54
"2021003HB","HB2103","2021","202104010600030191","Representative",3225,"10",40.639667,-71.041833,69,67,67,29-SEP-21,"12:39:29",40.625,71.0367,68,29-SEP-21,"12:28","0118","SBE-911+","V",20.84,33.939,14.82,34.206,1,0.91,".19",1,5.4,64
"2021003HB","HB2103","2021","202104034500020200","Representative",3157,"10",41.226167,-71.487333,37,38,37,14-OCT-21,"06:45:42",41.2283,71.4717,38,14-OCT-21,"06:37","0119","SBE-911+","V",19.09,31.824,18.48,32.674,1,0.72,".15",1,6.5,34
"2021003HB","HB2103","2021","202104034500030201","Representative",3176,"10",41.324833,-71.442667,22,20,21,14-OCT-21,"09:07:24",41.3333,71.4417,25,14-OCT-21,"08:53","0120","SBE-911+","V",18.89,31.741,18.5,32.615,3,0.51,".24",1,6.7,22
"2021003HB","HB2103","2021","202104034500010202","Representative",3094,"10",41.416167,-71.1565,24,23,24,14-OCT-21,"11:46:31",41.425,71.1417,22,14-OCT-21,"11:36","0121","SBE-911+","V",18.91,31.898,18.66,32.182,2,0.85,".18",1,6.5,19
"2021003HB","HB2103","2021","202104034600040203","Representative",3106,"10",41.363167,-70.9155,30,33,32,14-OCT-21,"14:32:31",41.3767,70.9183,30,14-OCT-21,"14:22","0122","SBE-911+","V",18.7,32.206,18.49,32.279,0,0.82,".18",1,7,26
"2021003HB","HB2103","2021","202104010500020204","Representative",3305,"10",41.266833,-71.049167,42,43,43,14-OCT-21,"17:32:00",41.2733,71.0617,41,14-OCT-21,"17:22","0123","SBE-911+","V",18.89,32.197,18.08,32.8,1,0.69,".17",1,6.4,38
"2021003HB","HB2103","2021","202104034600030206","Representative",3054,"10",41.307833,-70.6425,22,25,24,14-OCT-21,"21:59:54",41.32,70.6533,19,14-OCT-21,"21:50","0124","SBE-911+","W",19.17,32.035,18.45,32.098,3,0.88,".17",1,7.3,14
"2021003HB","HB2103","2021","202104034600010207","Representative",3228,"10",41.071833,-70.093333,25,25,25,15-OCT-21,"02:08:25",41.085,70.0917,24,15-OCT-21,"01:57","0125","SBE-911+","V",17.91,31.778,17.95,31.846,1,0.79,".19",1,7.2,18
"2021003HB","HB2103","2021","202104012300070216","Non-Representative",3141,"10",41.050167,-68.662167,65,64,64,16-OCT-21,"01:55:44",41.0367,68.6683,54,16-OCT-21,"01:41","0126","SBE-911+","W",17.7,32.609,17.69,32.608,11,0.86,".25",1,7.4,52
"2021003HB","HB2103","2021","202104012300040217","Representative",3090,"10",41.276167,-68.56,63,60,62,16-OCT-21,"04:39:09",41.2767,68.57,60,16-OCT-21,"04:23","0127","SBE-911+","V",16.94,32.639,15.51,32.678,3,0.45,".27",1,7,57
"2021003HB","HB2103","2021","202104011400040227","Representative",3148,"10",40.420667,-68.307,115,117,116,17-OCT-21,"09:54:30",40.4333,68.3067,111,17-OCT-21,"05:36","0128","SBE-911+","V",18.71,33.532,14.78,35.252,4,0.76,"4.31",1,5.3,108
"2021003HB","HB2103","2021","202104011400020229","Representative",3262,"10",40.268667,-68.408167,151,157,154,17-OCT-21,"13:37:05",40.2867,68.4017,145,17-OCT-21,"12:06","0129","SBE-911+","V",21.57,34.898,14.59,35.807,6,1.12,"1.52",1,5,143
"2021003HB","HB2103","2021","202104011400050228","Non-Representative",3262,"10",40.266167,-68.4075,152,158,155,17-OCT-21,"12:27:13",40.2867,68.4017,145,17-OCT-21,"12:06","0129","SBE-911+","V",21.57,34.898,14.59,35.807,7,1.26,".35",1,5,143
"2021003HB","HB2103","2021","202104011400030232","Representative",3328,"10",40.467167,-67.503167,134,135,134,18-OCT-21,"01:13:27",40.4733,67.4817,149,18-OCT-21,"00:49","0130","SBE-911+","V",19.32,33.858,13.89,35.7,15,1.05,".41",1,4.9,148
"2021003HB","HB2103","2021","202104011400010234","Representative",3349,"10",40.528833,-67.363167,146,145,146,18-OCT-21,"05:47:05",40.5383,67.3433,146,18-OCT-21,"05:27","0131","SBE-911+","V",21,34.787,14.61,35.78,0,1.07,".33",1,5,142
"2021003HB","HB2103","2021","202104011500020235","Representative",3234,"10",40.499,-67.160667,299,298,299,18-OCT-21,"09:06:38",40.5067,67.1233,344,18-OCT-21,"08:16","0132","SBE-911+","V",21.52,34.913,8.57,35.19,45,1.77,".84",0,4.7,339
"2021003HB","HB2103","2021","202104011300040236","Representative",3055,"10",40.694667,-67.122333,108,107,107,18-OCT-21,"11:57:50",40.6967,67.0983,110,18-OCT-21,"11:42","0133","SBE-911+","W",18.48,33.897,13.24,35.087,2,1.1,".26",1,5.4,107
"2021003HB","HB2103","2021","202104011800020237","Representative",3251,"10",40.926667,-66.548667,193,192,192,18-OCT-21,"16:21:46",40.945,66.52,212,18-OCT-21,"15:55","0134","SBE-911+","V",19.65,34.423,13.37,35.717,19,1.7,".45",1,4.9,211
"2021003HB","HB2103","2021","202104011800010238","Representative",3120,"10",41.0395,-66.411667,348,343,344,18-OCT-21,"19:57:26",41.015,66.3983,490,18-OCT-21,"19:06","0135","SBE-911+","V",16.65,32.928,6.56,35.086,142,1.59,".86",0,6.1,488
"2021003HB","HB2103","2021","202104011700020239","Representative",3257,"10",41.118833,-66.384833,142,142,142,18-OCT-21,"22:03:37",41.13,66.365,154,18-OCT-21,"21:42","0136","SBE-911+","V",16.62,32.754,12.67,34.8,12,1.12,".36",1,5.6,147
"2021003HB","HB2103","2021","202104011600070241","Representative",3008,"10",41.1485,-66.436333,101,102,101,19-OCT-21,"02:15:02",41.1583,66.4217,101,19-OCT-21,"01:55","0137","SBE-911+","V",17.29,33.062,11.59,34.248,0,0.89,".33",1,5.9,96
"2021003HB","HB2103","2021","202104011600040243","Representative",3041,"10",41.02,-66.8935,74,75,75,19-OCT-21,"07:32:16",41.025,66.8717,74,19-OCT-21,"07:19","0138","SBE-911+","V",15.04,32.776,12.13,33.076,0,1.03,".22",1,6.4,70
"2021003HB","HB2103","2021","202104011300070244","Representative",3033,"10",40.853333,-67.553833,78,76,77,19-OCT-21,"11:57:02",40.8417,67.5317,79,19-OCT-21,"11:43","0139","SBE-911+","W",15.54,32.71,12.52,33.108,1,1.22,".23",1,6.3,74
"2021003HB","HB2103","2021","202104012300030251","Representative",3294,"10",41.407,-68.696833,101,106,103,20-OCT-21,"09:38:44",41.395,68.6817,101,20-OCT-21,"09:23","0140","SBE-911+","V",15.76,32.332,8.3,33.058,0,0.99,".26",1,6.4,98
"2021003HB","HB2103","2021","202104012300050252","Representative",3537,"10",41.514333,-68.531167,102,103,103,20-OCT-21,"11:57:59",41.505,68.5067,100,20-OCT-21,"11:42","0141","SBE-911+","V",15.73,32.483,8.92,32.966,2,1.24,".27",1,6.4,97
"2021003HB","HB2103","2021","202104012000010253","Representative",3117,"10",41.416833,-68.191833,47,47,46,20-OCT-21,"16:04:10",41.4067,68.1683,46,20-OCT-21,"15:44","0142","SBE-911+","V",17.75,32.615,17.68,32.617,1,1.22,".34",1,7.2,40
"2021003HB","HB2103","2021","202104012000020254","Representative",3590,"10",41.378333,-68.292333,55,58,56,20-OCT-21,"19:05:28",41.3867,68.2733,50,20-OCT-21,"18:52","0143","SBE-911+","V",17.25,32.632,17.29,32.631,5,0.99,".22",1,7.3,45
"2021003HB","HB2103","2021","202104011900010257","Representative",3009,"10",41.508333,-67.7215,42,39,40,21-OCT-21,"04:02:27",41.515,67.7017,45,21-OCT-21,"03:46","0144","SBE-911+","W",17.57,32.62,17.58,32.619,3,0.98,".27",1,7.3,42
"2021003HB","HB2103","2021","202104012000030258","Representative",3206,"10",41.782833,-67.694,34,35,35,21-OCT-21,"07:53:19",41.8183,67.7017,39,21-OCT-21,"07:20","0145","SBE-911+","V",16.32,32.663,16.31,32.66,5,2.16,".56",1,7.4,37
"2021003HB","HB2103","2021","202104011900060261","Representative",3194,"10",41.593333,-67.3905,56,57,57,21-OCT-21,"17:09:30",41.6083,67.3983,63,21-OCT-21,"17:02","0146","SBE-911+","V",17.34,32.638,17.31,32.631,7,0.96,".13",1,7.3,59
"2021003HB","HB2103","2021","202104011600010262","Representative",3338,"10",41.593167,-66.840667,70,71,71,21-OCT-21,"20:28:26",41.585,66.8467,66,21-OCT-21,"20:13","0147","SBE-911+","V",15.72,32.715,15.41,32.724,4,0.56,".26",1,7.3,60
"2021003HB","HB2103","2021","202104011600020263","Representative",3185,"10",41.404667,-66.865167,73,73,73,21-OCT-21,"23:01:22",41.395,66.8717,73,21-OCT-21,"22:52","0148","SBE-911+","V",15.12,32.761,14.54,32.799,0,0.65,".16",1,7.1,66
"2021003HB","HB2103","2021","202104011700040268","Representative",3146,"10",41.495,-66.066667,120,117,118,22-OCT-21,"09:16:03",41.5067,66.0483,125,22-OCT-21,"08:56","0149","SBE-911+","V",15.82,32.994,12.39,34.565,5,1.08,".33",1,5.7,121
"2021003HB","HB2103","2021","202104011600120275","Representative",3220,"10",41.956167,-66.035667,95,96,95,22-OCT-21,"18:43:14",41.9517,66.0167,94,22-OCT-21,"18:22","0150","SBE-911+","V",15.51,32.564,10.59,33.071,1,0.89,".35",1,6.6,89
"2021003HB","HB2103","2021","202104011700030276","Representative",3035,"10",41.936167,-65.893167,117,119,118,22-OCT-21,"21:03:38",41.93,65.885,125,22-OCT-21,"20:46","0151","SBE-911+","V",15.77,32.56,8.7,33.656,8,0.52,".29",1,6.3,122
"2021003HB","HB2103","2021","202104011800030277","Representative",3115,"10",41.9005,-65.759333,194,193,193,22-OCT-21,"23:20:49",41.9,65.7567,204,22-OCT-21,"22:45","0152","SBE-911+","V",15.66,32.711,8.2,35.055,10,0.12,".6",1,5.6,198
"2021003HB","HB2103","2021","202104012900070282","Representative",3298,"10",42.1505,-65.85,248,249,249,23-OCT-21,"05:46:27",42.1733,65.8633,244,23-OCT-21,"04:18","0153","SBE-911+","V",16.34,32.898,7.86,35.158,4,1.49,"1.47",1,5.8,242
"2021003HB","HB2103","2021","202104012100040286","Representative",3177,"10",42.1355,-66.213167,109,108,110,23-OCT-21,"15:12:35",42.15,66.2,166,23-OCT-21,"14:53","0154","SBE-911+","V",15.8,32.64,9.08,34.359,57,1.05,".33",0,5.8,163
"2021003HB","HB2103","2021","202104012200030292","Representative",3242,"10",42.179,-66.680833,198,197,198,24-OCT-21,"01:07:10",42.18,66.65,200,24-OCT-21,"00:43","0155","SBE-911+","V",15.54,32.421,9.71,35.039,2,1.37,".4",1,5,195
"2021003HB","HB2103","2021","202104012200020294","Representative",3014,"10",42.1785,-67.195,173,177,175,24-OCT-21,"04:40:23",42.1767,67.1633,154,24-OCT-21,"04:13","0156","SBE-911+","V",15.7,32.454,7.57,33.454,19,1.42,".46",1,6.5,152
"2021003HB","HB2103","2021","202104012100020299","Representative",3330,"10",42.116833,-67.281833,72,72,73,24-OCT-21,"09:16:24",42.1183,67.26,71,24-OCT-21,"08:46","0157","SBE-911+","W",15.26,32.595,9.45,32.95,1,0.98,".51",1,6.6,67
"2021003HB","HB2103","2021","202104012000050300","Representative",3335,"10",41.979833,-67.447167,41,42,41,24-OCT-21,"11:46:44",41.9717,67.435,42,24-OCT-21,"11:38","0158","SBE-911+","V",15.42,32.591,15.44,32.589,1,0.73,".15",1,7.4,38
"2021003HB","HB2103","2021","202104012100010302","Representative",3224,"10",42.0405,-67.7245,159,161,159,24-OCT-21,"14:31:10",42.0517,67.7017,167,24-OCT-21,"14:11","0159","SBE-911+","V",15.67,32.425,7.94,33.888,8,1.22,".34",1,5.9,163
"2021003HB","HB2103","2021","202104012200010304","Representative",3045,"10",42.036167,-68.005333,202,206,203,24-OCT-21,"17:27:57",42.045,67.975,199,24-OCT-21,"16:56","0160","SBE-911+","V",,,9.54,34.879,3,1.45,".53",0,4.8,190
"2021003HB","HB2103","2021","202104012900020306","Representative",3024,"10",42.267333,-68.038,187,186,186,24-OCT-21,"20:24:46",42.2667,68.0133,194,24-OCT-21,"19:56","0161","SBE-911+","V",15.47,32.36,9.55,34.98,7,1.1,".48",1,5,188
"2021003HB","HB2103","2021","202104012400060310","Representative",3100,"10",42.159167,-68.330333,188,186,186,24-OCT-21,"23:16:04",42.1517,68.3117,193,24-OCT-21,"22:47","0162","SBE-911+","V",15.86,32.332,9.03,34.595,5,0.94,".48",1,5.2,190
"2021003HB","HB2103","2021","202104012900030311","Representative",3049,"10",41.964333,-68.206833,224,223,224,25-OCT-21,"01:57:18",41.965,68.175,223,25-OCT-21,"01:31","0163","SBE-911+","V",15.86,32.327,9.68,35.022,1,1.42,".44",1,5,218
"2021003HB","HB2103","2021","202104012400030312","Representative",3238,"10",42.061833,-68.507,182,179,181,25-OCT-21,"04:43:43",42.0617,68.4717,169,25-OCT-21,"04:18","0164","SBE-911+","V",15.4,32.432,7.43,33.673,13,1.57,".43",1,6,167
"2021003HB","HB2103","2021","202104012400050316","Representative",3308,"10",41.633167,-69.11,164,161,163,25-OCT-21,"13:28:50",41.6333,69.1467,167,25-OCT-21,"13:04","0165","SBE-911+","V",15.15,32.448,7.62,33.598,3,1.65,".41",1,5.5,164
"2021003HB","HB2103","2021","202104012800030319","Representative",3076,"10",42.026667,-69.4645,207,204,206,25-OCT-21,"19:57:06",42.0367,69.495,212,25-OCT-21,"19:33","0166","SBE-911+","V",14.34,32.772,8.17,34.144,5,1.49,".4",1,4.8,206
"2021003HB","HB2103","2021","202104012800040321","Representative",3077,"10",42.0725,-69.627833,224,224,225,25-OCT-21,"22:44:36",42.0867,69.6617,220,25-OCT-21,"22:21","0167","SBE-911+","V",14.34,32.652,8.16,34.131,4,1.73,".39",1,4.8,212
"2021003HB","HB2103","2021","202104012400020327","Representative",3149,"10",42.220833,-68.9185,185,183,179,04-NOV-21,"02:59:38",42.2017,68.8967,178,04-NOV-21,"02:32","0168","SBE-911+","V",12.76,32.831,7.71,33.762,7,1.5,".46",1,5.2,175
"2021003HB","HB2103","2021","202104012400070328","Representative",3085,"10",42.239833,-68.657,197,201,199,04-NOV-21,"05:52:39",42.2233,68.625,192,04-NOV-21,"05:21","0169","SBE-911+","W",13.47,32.622,7.78,33.871,5,1.74,".53",1,5,188
"2021003HB","HB2103","2021","202104012800050329","Representative",3081,"10",42.449333,-68.621833,199,198,197,04-NOV-21,"09:02:48",42.4533,68.65,199,04-NOV-21,"08:30","0170","SBE-911+","V",13.24,32.648,8.82,34.551,0,1.27,".55",1,4.9,196
"2021003HB","HB2103","2021","202104012900050330","Representative",3047,"10",42.393667,-68.236333,194,198,196,04-NOV-21,"12:24:16",42.3967,68.1983,188,04-NOV-21,"11:55","0171","SBE-911+","V",13.07,32.617,8.66,34.362,6,1.7,".49",1,5.1,181
"2021003HB","HB2103","2021","202104012900100332","Representative",3211,"10",42.418333,-67.638,258,257,258,04-NOV-21,"19:49:32",42.3933,67.61,257,04-NOV-21,"19:14","0172","SBE-911+","V",12.94,32.732,9.77,,1,1.95,".59",0,4.7,95
"2021003HB","HB2103","2021","202104013000010333","Representative",3154,"10",42.449333,-67.485,303,303,303,04-NOV-21,"22:23:07",42.4317,67.5133,297,04-NOV-21,"21:47","0173","SBE-911+","W",13.53,32.89,9.57,35.201,6,1.64,".6",1,4.7,294
"2021003HB","HB2103","2021","202104013000020334","Representative",3247,"10",42.444833,-67.2,354,351,352,05-NOV-21,"01:22:20",42.4367,67.1467,365,05-NOV-21,"00:46","0174","SBE-911+","V",13.54,32.554,9.39,35.198,11,2.41,".61",1,4.8,361
"2021003HB","HB2103","2021","202104012900010336","Representative",3005,"10",42.718667,-67.216833,219,219,221,05-NOV-21,"08:02:17",42.6917,67.1867,231,05-NOV-21,"07:12","0175","SBE-911+","V",13.44,32.668,9.97,35.204,12,2.1,".84",1,4.8,227
"2021003HB","HB2103","2021","202104012900080337","Non-Representative",3267,"10",42.779667,-67.2305,217,214,216,05-NOV-21,"10:12:35",42.775,67.2667,210,05-NOV-21,"09:42","0176","SBE-911+","V",13.64,32.817,9.96,34.981,7,1.62,".51",1,4.8,204
"2021003HB","HB2103","2021","202104013600080338","Representative",3304,"10",42.795,-66.9065,206,205,205,05-NOV-21,"14:45:04",42.8067,66.9183,210,05-NOV-21,"14:12","0177","SBE-911+","V",12.92,32.548,11.2,35.168,4,0.87,".55",1,5,206
"2021003HB","HB2103","2021","202104013400070339","Representative",3299,"10",43.128167,-66.912667,163,163,165,05-NOV-21,"19:11:29",43.115,66.8967,167,05-NOV-21,"18:10","0178","SBE-911+","V",13.12,32.559,11.34,34.74,4,1.06,"1.02",1,5.3,164
"2021003HB","HB2103","2021","202104013400020340","Representative",3232,"10",43.260667,-66.833667,161,162,160,05-NOV-21,"22:07:48",43.2417,66.8367,158,05-NOV-21,"21:48","0179","SBE-911+","W",12.87,31.123,11.5,34.731,3,1.15,".33",1,5.1,154
"2021003HB","HB2103","2021","202104013600050347","Representative",3324,"10",43.375333,-67.320833,203,199,202,06-NOV-21,"22:38:04",43.3533,67.34,223,06-NOV-21,"22:08","0180","SBE-911+","V",13.18,32.783,10.59,34.786,20,1.57,".5",1,5,220
"2021003HB","HB2103","2021","202104013400060348","Representative",3310,"10",43.8405,-67.327833,200,202,201,07-NOV-21,"02:22:02",43.8517,67.3017,194,07-NOV-21,"01:51","0181","SBE-911+","V",13.09,33.132,10.6,34.86,6,1.32,".52",1,4.8,192
"2021003HB","HB2103","2021","202104013400040349","Representative",3048,"10",43.745667,-67.1675,175,175,175,07-NOV-21,"04:50:08",43.7717,67.1667,185,07-NOV-21,"04:25","0182","SBE-911+","V",12.93,32.437,11.18,34.79,10,1.56,".42",1,5,180
"2021003HB","HB2103","2021","202104013400030351","Representative",3118,"10",43.668167,-66.765167,122,120,121,07-NOV-21,"09:56:36",43.6717,66.7633,123,07-NOV-21,"09:30","0183","SBE-911+","V",12.53,30.993,11.93,33.643,1,0.23,".44",1,6.2,120
"2021003HB","HB2103","2021","202104013510030352","Representative",3165,"10",44.114333,-66.845,158,159,158,07-NOV-21,"13:27:51",44.1283,66.8383,152,07-NOV-21,"12:59","0184","SBE-911+","V",12.78,30.942,12.15,34.262,6,0.89,".48",1,5.6,149
"2021003HB","HB2103","2021","202104013510040353","Representative",3203,"10",44.2145,-66.861333,190,188,189,07-NOV-21,"15:30:18",44.2283,66.85,191,07-NOV-21,"15:06","0185","SBE-911+","V",12.86,30.955,12.11,34.214,1,0.96,".41",1,5.6,188
"2021003HB","HB2103","2021","202104013510020354","Representative",3067,"10",44.280833,-66.814,184,185,184,07-NOV-21,"17:36:51",44.2833,66.7933,185,07-NOV-21,"17:13","0186","SBE-911+","V",12.84,30.997,12.11,34.112,1,0.9,".4",1,5.6,181
"2021003HB","HB2103","2021","202104013600070357","Representative",3072,"10",44.145667,-67.359,189,189,189,08-NOV-21,"00:48:35",44.1283,67.3967,188,08-NOV-21,"00:09","0187","SBE-911+","V",12.72,31.171,10.72,34.767,1,1.93,".66",1,4.9,185
"2021003HB","HB2103","2021","202104013600030358","Representative",3213,"10",44.207833,-67.505833,191,188,190,08-NOV-21,"03:03:33",44.1833,67.5167,195,08-NOV-21,"02:43","0188","SBE-911+","W",12.65,31.497,,,4,1.55,".34",0,5.1,184
"2021003HB","HB2103","2021","202104013900050359","Representative",3161,"10",44.3325,-67.5185,104,103,103,08-NOV-21,"06:37:42",44.3217,67.5383,105,08-NOV-21,"06:18","0189","SBE-911+","V",12.42,32.675,12.17,33.526,1,1.07,".33",1,6.4,101
"2021003HB","HB2103","2021","202104013800020360","Representative",3059,"10",43.839667,-68.145833,196,192,192,08-NOV-21,"17:31:41",43.8583,68.1433,194,08-NOV-21,"17:09","0190","SBE-911+","V",12.67,32.147,,,2,1.12,".38",0,5.1,183
"2021003HB","HB2103","2021","202104013800030361","Representative",3317,"10",43.801,-68.2515,184,185,186,08-NOV-21,"19:21:41",43.8033,68.2783,169,08-NOV-21,"18:55","0191","SBE-911+","V",12.48,32.386,11.1,34.356,15,1.17,".44",1,5.2,166
"2021003HB","HB2103","2021","202104013900010363","Representative",3453,"10",43.677667,-69.016333,106,102,101,09-NOV-21,"03:56:05",43.68,69.04,90,09-NOV-21,"03:38","0192","SBE-911+","V",12.57,32.827,12.82,33.075,16,1.04,".3",0,7.2,86
"2021003HB","HB2103","2021","202104013800080364","Representative",3143,"10",43.536667,-69.130167,142,142,143,09-NOV-21,"06:48:47",43.5583,69.13,142,09-NOV-21,"06:33","0193","SBE-911+","V",12.52,32.861,11.89,33.534,0,1.3,".26",1,6,139
"2021003HB","HB2103","2021","202104013600020365","Representative",3158,"10",43.264167,-68.4855,186,181,184,09-NOV-21,"11:49:47",43.255,68.5133,192,09-NOV-21,"11:27","0194","SBE-911+","V",12.65,32.969,9.5,34.517,6,1.33,".38",1,4.7,189
"2021003HB","HB2103","2021","202104013700050368","Representative",3147,"10",43.095167,-68.805667,186,190,189,09-NOV-21,"19:11:17",43.1183,68.8067,168,09-NOV-21,"18:51","0195","SBE-911+","W",12.71,32.934,8.71,34.23,18,1.39,".34",1,5,165
"2021003HB","HB2103","2021","202104013700020369","Representative",3095,"10",43.129333,-69.0235,162,162,162,09-NOV-21,"21:50:28",43.1367,69.05,157,09-NOV-21,"21:31","0196","SBE-911+","V",12.75,32.998,10.37,34.244,5,1.24,".32",1,5.2,154
"2021003HB","HB2103","2021","202104013700060370","Representative",3182,"10",43.191167,-69.205333,197,193,194,10-NOV-21,"00:12:34",43.2117,69.2167,184,09-NOV-21,"23:51","0197","SBE-911+","V",12.65,32.657,10.22,34.243,13,1.33,".36",1,5.1,182
"2021003HB","HB2103","2021","202104013800070371","Representative",3028,"10",43.310833,-69.1435,153,153,151,10-NOV-21,"02:24:25",43.3317,69.1533,161,10-NOV-21,"02:03","0198","SBE-911+","V",12.68,32.839,10.87,33.841,8,1.32,".36",1,5.4,158
"2021003HB","HB2103","2021","202104013700010372","Representative",3026,"10",43.191833,-69.411833,171,168,169,10-NOV-21,"04:54:28",43.1767,69.4317,150,10-NOV-21,"04:36","0199","SBE-911+","V",12.82,32.771,9.89,33.776,21,1.26,".31",1,5.4,149
"2021003HB","HB2103","2021","202104013800060373","Representative",3287,"10",43.521833,-69.460833,139,140,140,10-NOV-21,"07:52:38",43.5367,69.4833,145,10-NOV-21,"07:30","0200","SBE-911+","V",12.53,32.803,11.88,33.495,6,1.32,".38",1,6.1,144
"2021003HB","HB2103","2021","202104013800040374","Representative",3167,"10",43.537833,-69.562333,147,145,147,10-NOV-21,"10:25:41",43.5233,69.5683,155,10-NOV-21,"10:08","0201","SBE-911+","V",12.49,32.871,10.97,33.505,8,0.91,".29",1,5.7,149
"2021003HB","HB2103","2021","202104012700010378","Representative",3190,"10",43.014667,-70.0045,138,139,139,11-NOV-21,"00:33:58",42.995,70.0017,138,11-NOV-21,"00:13","0202","SBE-911+","V",12.5,32.955,11.66,33.574,0,1.19,".35",1,5.8,135
"2021003HB","HB2103","2021","202104012600060380","Non-Representative",3303,"10",42.918167,-70.1025,61,62,62,11-NOV-21,"02:28:16",42.9133,70.1217,64,11-NOV-21,"02:17","0203","SBE-911+","V",12.58,32.983,11.86,33.215,3,0.89,".19",1,6.7,60
"2021003HB","HB2103","2021","202104014000050383","Representative",3415,"10",42.9615,-70.409,113,113,113,11-NOV-21,"08:47:54",42.9433,70.4117,120,11-NOV-21,"08:30","0205","SBE-911+","V",12.03,32.435,11.98,33.179,7,1.1,".3",1,6.5,117
"2021003HB","HB2103","2021","202104014000010384","Representative",3010,"10",42.892,-70.479167,104,102,102,11-NOV-21,"11:30:31",42.8817,70.4667,112,11-NOV-21,"10:54","0206","SBE-911+","V",12.26,31.99,11.56,33.125,8,0.83,".61",1,6.5,107
"2021003HB","HB2103","2021","202104036400020385","Representative",3222,"10",42.824167,-70.7575,29,33,31,11-NOV-21,"14:06:39",42.8067,70.7633,27,11-NOV-21,"13:56","0207","SBE-911+","V",11.75,30.816,12.45,32.51,2,1.08,".18",1,7.4,21
"2021003HB","HB2103","2021","202104036400030386","Representative",3038,"10",42.782833,-70.735833,31,31,31,11-NOV-21,"15:28:25",42.7717,70.73,29,11-NOV-21,"15:24","0208","SBE-911+","V",11.54,30.19,12.36,32.625,2,0.72,".07",1,7.5,26
"2021003HB","HB2103","2021","202104036500030387","Representative",3178,"10",42.749667,-70.673333,39,39,40,11-NOV-21,"16:57:14",42.7383,70.6667,38,11-NOV-21,"16:52","0209","SBE-911+","V",11.56,29.239,12.53,32.785,1,0.74,".09",1,6.8,35
"2021003HB","HB2103","2021","202104036500020388","Representative",3156,"10",42.737833,-70.66,40,43,42,11-NOV-21,"18:18:21",42.7233,70.65,38,11-NOV-21,"18:09","0210","SBE-911+","V",11.71,29.523,12.54,32.778,2,0.98,".16",1,6.7,34
"2021003HB","HB2103","2021","202104036600030389","Representative",3284,"10",42.731333,-70.537833,88,83,86,11-NOV-21,"20:18:09",42.7433,70.5283,91,11-NOV-21,"20:04","0211","SBE-911+","V",12.1,32.241,11.79,32.918,3,0.83,".24",1,6.2,90
"2021003HB","HB2103","2021","202104012600010390","Representative",3188,"10",42.631667,-70.413833,77,76,77,11-NOV-21,"23:07:21",42.6283,70.4367,82,11-NOV-21,"22:59","0212","SBE-911+","W",12.27,32.493,12.43,32.921,5,1.03,".14",1,7,79
"2021003HB","HB2103","2021","202104012600050391","Representative",3183,"10",42.5515,-70.3205,165,164,165,12-NOV-21,"01:01:05",42.53,70.32,167,12-NOV-21,"00:41","0213","SBE-911+","V",12.5,32.607,12.4,33.161,2,1.29,".33",1,7.3,164
"2021003HB","HB2103","2021","202104012600030392","Representative",3321,"10",42.475167,-70.478667,86,86,86,12-NOV-21,"03:11:02",42.46,70.46,97,12-NOV-21,"02:57","0214","SBE-911+","V",12.09,32.356,12.4,32.995,11,1.23,".23",1,7.1,93
"2021003HB","HB2103","2021","202104036600020393","Representative",3256,"10",42.390333,-70.731667,54,53,53,12-NOV-21,"10:19:46",42.3967,70.7417,51,12-NOV-21,"09:51","0215","SBE-911+","V",12.43,32.439,12.42,32.824,3,0.59,".48",1,6.4,47
"2021003HB","HB2103","2021","202104035900030394","Representative",3102,"10",41.803833,-70.4,23,23,23,12-NOV-21,"17:47:52",41.7833,70.37,21,12-NOV-21,"16:24","0216","SBE-911+","V",13.11,31.62,12.78,31.568,2,1.82,"1.4",1,6.3,16
"2021003HB","HB2103","2021","202104035900020395","Representative",3073,"10",41.839,-70.305167,28,26,27,13-NOV-21,"00:08:06",41.85,70.3183,29,13-NOV-21,"00:02","0217","SBE-911+","V",13.31,31.785,13.2,31.89,1,0.88,".1",1,7.6,25
"2021003HB","HB2103","2021","202104036000030397","Non-Representative",3219,"10",41.904667,-70.289167,33,32,33,13-NOV-21,"02:51:18",41.9117,70.2783,33,13-NOV-21,"02:47","0218","SBE-911+","V",13.19,31.85,13.03,31.964,0,0.64,".07",1,7.8,29
"2021003HB","HB2103","2021","202104036000020398","Representative",3337,"10",41.925667,-70.241833,33,33,33,13-NOV-21,"04:08:38",41.9317,70.2283,32,13-NOV-21,"04:04","0219","SBE-911+","V",13.11,31.87,12.91,32.012,1,0.71,".08",1,7.7,28
"2021003HB","HB2103","2021","202104036100030399","Representative",3125,"10",42.016833,-70.267833,50,50,50,13-NOV-21,"08:18:27",42.0167,70.2517,49,13-NOV-21,"08:11","0220","SBE-911+","V",12.91,31.903,12.53,32.235,1,0.72,".12",1,7.3,47
"2021003HB","HB2103","2021","202104036100020400","Representative",3159,"10",42.079333,-70.281833,63,65,64,13-NOV-21,"10:05:50",42.0667,70.2867,62,13-NOV-21,"09:55","0221","SBE-911+","V",12.56,32.078,12.36,32.803,1,0.79,".18",1,7.6,58
"2021003HB","HB2103","2021","202104036100010401","Representative",3172,"10",42.150167,-70.153167,48,47,46,13-NOV-21,"13:24:32",42.1267,70.1183,46,13-NOV-21,"11:59","0222","SBE-911+","V",12.29,32.31,12.13,33.151,2,2.1,"1.43",1,7.2,43
"2021003HB","HB2103","2021","202104035600020402","Non-Representative",3285,"10",42.083833,-70.0955,28,29,28,13-NOV-21,"14:52:49",42.08,70.08,30,13-NOV-21,"14:42","0223","SBE-911+","V",12.57,32.146,12.3,32.762,2,0.73,".18",1,7.6,26
"2021003HB","HB2103","2021","202104012600040403","Representative",3086,"10",42.121333,-70.0005,94,95,94,13-NOV-21,"17:59:09",42.095,69.9617,91,13-NOV-21,"16:47","0224","SBE-911+","V",12.49,32.606,11.59,33.316,3,2.34,"1.2",1,6.6,88
"2021003HB","HB2103","2021","202104012500040405","Non-Representative",3107,"10",41.986167,-69.9575,35,35,34,14-NOV-21,"11:54:47",41.9767,69.945,34,14-NOV-21,"11:45","0225","SBE-911+","V",12.24,32.433,12.26,32.606,1,0.8,".16",1,7.7,31
"2021003HB","HB2103","2021","202104035600030406","Representative",3142,"10",41.981333,-69.968833,29,31,30,14-NOV-21,"13:51:55",41.97,69.9617,29,14-NOV-21,"13:35","0226","SBE-911+","V",12.22,32.426,12.25,32.48,0,0.75,".28",1,7.7,25
"2021003HB","HB2103","2021","202104012500020407","Representative",3355,"10",41.866167,-69.857333,58,54,56,14-NOV-21,"16:04:07",41.855,69.8583,55,14-NOV-21,"15:52","0227","SBE-911+","V",12.21,32.68,12.2,32.711,3,0.67,".2",1,7.6,51
"2021003HB","HB2103","2021","202104035600010408","Representative",3344,"10",41.722667,-69.875667,22,24,23,14-NOV-21,"18:02:59",41.7083,69.8767,20,14-NOV-21,"17:57","0228","SBE-911+","W",12.1,32.579,12.06,32.587,2,0.86,".1",1,7.7,16
"2021003HB","HB2103","2021","202104012300010409","Representative",3320,"10",41.662833,-69.617167,85,86,86,14-NOV-21,"20:08:51",41.6567,69.6017,86,14-NOV-21,"19:58","0229","SBE-911+","V",12.29,32.657,11.53,33.181,1,0.79,".18",1,6.7,83
"2021003HB","HB2103","2021","202104012300060410","Representative",3099,"10",41.467,-69.3115,87,87,87,14-NOV-21,"23:35:31",41.4817,69.31,89,14-NOV-21,"23:22","0230","SBE-911+","V",12.16,33.002,11.51,33.207,2,0.89,".23",1,6.8,86
"2022002HB","HB2202","2022","202202032000040005","Representative",4746,"10",39.412167,-73.996,25,26,25,04-MAR-22,"11:18:06",39.4017,73.9967,24,04-MAR-22,"11:04","0001","SBE-911+","V",5.37,32.949,5.38,32.954,1,0.63,".24",1,10.8,19
"2022002HB","HB2202","2022","202202017300010006","Representative",4787,"10",39.162333,-73.805667,39,41,40,04-MAR-22,"14:23:50",39.1517,73.8117,35,04-MAR-22,"14:08","0002","SBE-911+","W",6.35,33.664,6.33,33.666,4,0.7,".26",1,10.2,32
"2022002HB","HB2202","2022","202202017300030007","Representative",4867,"10",39.164167,-73.635667,38,37,38,04-MAR-22,"17:41:55",39.155,73.6417,36,04-MAR-22,"17:24","0003","SBE-911+","V",7.09,33.827,6.97,33.83,2,0.62,".3",1,10.1,31
"2022002HB","HB2202","2022","202202017300050008","Representative",4834,"10",39.0735,-73.646667,47,48,48,04-MAR-22,"19:22:11",39.07,73.66,45,04-MAR-22,"19:06","0004","SBE-911+","V",7.44,33.878,7.17,33.866,2,0.66,".27",1,10,40
"2022002HB","HB2202","2022","202202017500030011","Representative",4765,"10",38.689833,-73.134167,141,143,142,05-MAR-22,"02:14:09",38.6767,73.1517,138,05-MAR-22,"01:36","0005","SBE-911+","V",9.96,34.267,13.75,35.677,3,1.14,".64",1,6.8,135
"2022002HB","HB2202","2022","202202017600030012","Representative",4875,"10",38.6755,-73.095833,223,225,225,05-MAR-22,"04:02:57",38.6583,73.115,239,05-MAR-22,"03:19","0006","SBE-911+","V",13.27,35.482,13.13,35.656,16,1.37,".73",1,5.4,235
"2022002HB","HB2202","2022","202202017400010013","Representative",4763,"10",38.627667,-73.507667,71,69,70,05-MAR-22,"06:44:30",38.625,73.485,74,05-MAR-22,"06:26","0007","SBE-911+","V",9.23,33.983,9.14,34.064,3,1.08,".31",1,9.4,71
"2022002HB","HB2202","2022","202202017200030016","Representative",4732,"10",38.207333,-73.675333,312,311,311,05-MAR-22,"14:48:30",38.1867,73.6817,366,05-MAR-22,"13:59","0008","SBE-911+","V",11.19,34.736,8.03,35.174,54,1.28,".83",0,5.3,365
"2022002HB","HB2202","2022","202202017100020017","Representative",4906,"10",38.178167,-73.7545,124,120,122,05-MAR-22,"17:12:39",38.1617,73.7633,127,05-MAR-22,"16:45","0009","SBE-911+","V",10.3,34.379,13.47,35.469,3,1.07,".46",1,7.2,122
"2022002HB","HB2202","2022","202202017100030019","Representative",4734,"10",37.935333,-74.0185,146,147,146,05-MAR-22,"22:57:18",37.9217,74.035,144,05-MAR-22,"22:31","0010","SBE-911+","V",16.82,36.079,13.8,35.658,2,1.13,".44",1,6.3,140
"2022002HB","HB2202","2022","202202017000050020","Representative",4632,"10",37.866833,-74.266667,77,78,78,06-MAR-22,"01:19:47",37.8517,74.2767,79,06-MAR-22,"00:58","0011","SBE-911+","V",10.91,34.597,11.9,34.969,2,1.03,".36",1,8.4,74
"2022002HB","HB2202","2022","202202017000040021","Representative",4578,"10",37.921333,-74.376333,62,61,61,06-MAR-22,"02:50:40",37.9267,74.3617,62,06-MAR-22,"02:32","0012","SBE-911+","V",10.34,34.399,10.38,34.44,0,0.76,".31",1,9,58
"2022002HB","HB2202","2022","202202017000020022","Representative",4639,"10",37.819333,-74.4515,60,61,60,06-MAR-22,"04:20:13",37.8367,74.45,61,06-MAR-22,"04:01","0013","SBE-911+","V",10.47,34.474,11.2,34.739,1,1.05,".32",1,8.7,57
"2022002HB","HB2202","2022","202202017200020023","Representative",4739,"10",37.681,-74.221167,190,190,192,06-MAR-22,"06:37:11",37.7017,74.21,176,06-MAR-22,"06:09","0014","SBE-911+","V",12.02,35.015,12.98,35.38,14,1.35,".47",1,7.1,173
"2022002HB","HB2202","2022","202202016800020024","Representative",4881,"10",37.516,-74.342167,193,186,189,06-MAR-22,"08:37:50",37.535,74.325,221,06-MAR-22,"08:07","0015","SBE-911+","W",13.2,35.36,12.11,35.526,28,1.4,".51",1,5,218
"2022002HB","HB2202","2022","202202016700030025","Representative",4809,"10",37.5095,-74.371333,122,119,120,06-MAR-22,"10:04:55",37.5233,74.365,113,06-MAR-22,"09:45","0016","SBE-911+","V",13.23,35.373,12.55,35.222,9,0.88,".33",1,8.2,109
"2022002HB","HB2202","2022","202202016600030026","Representative",4896,"10",37.5955,-74.527833,63,64,63,06-MAR-22,"11:53:08",37.605,74.5183,61,06-MAR-22,"11:38","0017","SBE-911+","V",10.68,34.523,10.79,34.573,2,0.73,".25",1,8.8,57
"2022002HB","HB2202","2022","202202016700010028","Representative",4888,"10",37.282833,-74.526,135,133,135,06-MAR-22,"15:53:45",37.3033,74.52,130,06-MAR-22,"15:29","0018","SBE-911+","V",12.2,35.111,12.83,35.357,5,1.26,".41",1,7.4,125
"2022002HB","HB2202","2022","202202016600010029","Representative",4705,"10",37.131333,-74.627,95,94,94,06-MAR-22,"17:55:17",37.145,74.6217,95,06-MAR-22,"17:37","0019","SBE-911+","V",14.19,35.597,13.49,35.466,0,0.86,".3",1,7.8,89
"2022002HB","HB2202","2022","202202016600020030","Representative",4541,"10",36.891667,-74.713333,84,82,83,06-MAR-22,"20:09:40",36.9033,74.705,84,06-MAR-22,"19:52","0020","SBE-911+","V",13.58,35.45,13.77,35.558,0,0.81,".29",1,7.9,78
"2022002HB","HB2202","2022","202202033800010037","Representative",4727,"10",36.539333,-75.705167,23,23,23,07-MAR-22,"15:02:08",36.55,75.705,20,07-MAR-22,"14:49","0021","SBE-911+","V",7.5,31.958,7.76,33.166,3,0.64,".22",1,9.7,15
"2022002HB","HB2202","2022","202202034100010038","Representative",4723,"10",36.406167,-75.676,21,23,22,07-MAR-22,"16:30:03",36.4183,75.6783,21,07-MAR-22,"16:15","0022","SBE-911+","V",7.96,32.29,8.08,33.351,0,0.74,".25",1,9.7,17
"2022002HB","HB2202","2022","202202034100040039","Representative",4876,"10",36.229167,-75.5865,26,26,27,07-MAR-22,"18:13:10",36.2383,75.5833,27,07-MAR-22,"18:01","0023","SBE-911+","V",8.48,31.452,8.36,33.762,1,0.57,".2",1,9.6,22
"2022002HB","HB2202","2022","202202034100020040","Representative",4795,"10",36.135167,-75.547333,25,25,25,07-MAR-22,"19:31:47",36.145,75.5417,23,07-MAR-22,"19:18","0024","SBE-911+","V",9.31,30.723,8.32,33.439,2,0.65,".23",1,9.6,18
"2022002HB","HB2202","2022","202202034400010043","Representative",4673,"10",35.796167,-75.3235,31,30,30,08-MAR-22,"01:15:32",35.805,75.33,32,08-MAR-22,"01:00","0025","SBE-911+","V",10.79,31.351,12.57,34.915,1,0.62,".26",1,8.6,28
"2022002HB","HB2202","2022","202202034400030044","Representative",4648,"10",35.681333,-75.387167,26,26,27,08-MAR-22,"05:32:28",35.69,75.3817,24,08-MAR-22,"05:20","0026","SBE-911+","W",18.48,36.354,18.32,36.341,2,0.59,".21",1,7.6,18
"2022002HB","HB2202","2022","202202016100030045","Representative",4557,"10",35.762667,-75.1925,38,35,36,08-MAR-22,"08:20:53",35.7667,75.185,34,08-MAR-22,"08:08","0027","SBE-911+","V",21.83,36.347,21.85,36.346,4,0.44,".21",1,6.6,29
"2022002HB","HB2202","2022","202202034400020046","Representative",4767,"10",35.667833,-75.243833,31,29,30,08-MAR-22,"11:19:05",35.6783,75.245,30,08-MAR-22,"11:04","0028","SBE-911+","V",21.88,36.356,21.78,36.358,1,0.63,".25",1,7,27
"2022002HB","HB2202","2022","202202085000030047","Representative",4568,"10",35.358667,-75.22,29,29,29,08-MAR-22,"14:16:40",35.345,75.22,29,08-MAR-22,"14:02","0029","SBE-911+","V",21.97,36.343,22,36.342,0,0.82,".24",1,6.6,24
"2022002HB","HB2202","2022","202202034400040048","Representative",4799,"10",35.296,-75.353667,21,23,22,08-MAR-22,"16:10:25",35.2833,75.3583,21,08-MAR-22,"15:56","0030","SBE-911+","V",21.34,36.374,21.34,36.375,0,0.8,".24",1,7.1,16
"2022002HB","HB2202","2022","202202075200020049","Representative",4769,"10",34.950667,-75.8675,23,22,23,08-MAR-22,"20:57:55",34.94,75.8667,25,08-MAR-22,"20:46","0031","SBE-911+","V",21.22,36.377,21.23,36.378,2,0.64,".2",1,7.1,20
"2022002HB","HB2202","2022","202202075200030050","Representative",5281,"10",34.958167,-75.840333,24,24,24,08-MAR-22,"22:29:34",34.96,75.8533,23,08-MAR-22,"21:50","0032","SBE-911+","V",20.56,36.375,20.56,36.374,1,0.65,".66",1,7.2,19
"2022002HB","HB2202","2022","202202085000010051","Representative",5121,"10",34.725167,-75.815833,38,38,38,09-MAR-22,"02:15:35",34.7183,75.8317,36,09-MAR-22,"02:00","0033","SBE-911+","V",21.15,36.398,21.05,36.409,2,0.89,".26",1,7,32
"2022002HB","HB2202","2022","202202085300010052","Representative",4856,"10",34.418,-75.782333,276,277,277,09-MAR-22,"05:30:23",34.445,75.7717,249,09-MAR-22,"04:39","0034","SBE-911+","V",22.65,36.312,12.49,35.614,27,1.7,".86",1,4.3,247
"2022002HB","HB2202","2022","202202085200030053","Representative",4704,"10",34.546833,-75.724167,169,172,170,09-MAR-22,"08:14:10",34.56,75.7067,178,09-MAR-22,"07:40","0035","SBE-911+","V",22.68,36.325,15.1,35.989,9,1.17,".57",1,4.4,175
"2022002HB","HB2202","2022","202202085300020054","Representative",4545,"10",34.617167,-75.625667,269,265,268,09-MAR-22,"10:51:38",34.635,75.615,245,09-MAR-22,"10:16","0036","SBE-911+","V",22.79,36.32,11.35,35.449,24,1.19,".59",1,4.2,243
"2022002HB","HB2202","2022","202202085200010056","Representative",4694,"10",34.750333,-75.54,171,172,171,09-MAR-22,"15:04:35",34.7617,75.53,168,09-MAR-22,"14:36","0037","SBE-911+","V",23.01,36.314,12.79,35.649,3,0.84,".48",1,4.3,165
"2022002HB","HB2202","2022","202202085000020057","Representative",4642,"10",34.891333,-75.534667,58,60,59,09-MAR-22,"18:14:53",34.9033,75.53,54,09-MAR-22,"17:56","0038","SBE-911+","V",22.37,36.335,21.56,36.376,4,0.75,".31",1,6.6,49
"2022002HB","HB2202","2022","202202085100020058","Representative",4892,"10",34.893667,-75.4995,68,71,69,09-MAR-22,"19:48:48",34.9067,75.4883,67,09-MAR-22,"19:29","0039","SBE-911+","V",23.09,36.292,21.36,36.34,1,0.96,".33",1,6.2,63
"2022002HB","HB2202","2022","202202085200020059","Representative",4626,"10",35.012667,-75.263667,159,154,156,09-MAR-22,"22:49:57",35.0233,75.2517,159,09-MAR-22,"21:55","0040","SBE-911+","V",23.48,36.271,15.93,36.064,0,0.87,".92",1,4.4,153
"2022002HB","HB2202","2022","202202085300030060","Representative",4721,"10",35.047833,-75.162833,362,358,360,10-MAR-22,"01:42:13",35.075,75.1417,330,10-MAR-22,"00:38","0041","SBE-911+","V",23.61,36.262,10.82,35.372,32,1.93,"1.07",1,4.1,322
"2022002HB","HB2202","2022","202202085100030061","Representative",4559,"10",35.150167,-75.2015,70,69,70,10-MAR-22,"03:58:27",35.1617,75.19,65,10-MAR-22,"03:24","0042","SBE-911+","W",22.74,36.289,21.13,36.307,5,0.89,".57",1,6.1,61
"2022002HB","HB2202","2022","202202016100040062","Representative",4874,"10",35.5895,-75.075333,41,41,41,10-MAR-22,"08:12:30",35.58,75.0817,38,10-MAR-22,"07:57","0043","SBE-911+","V",21.06,36.374,20.11,36.396,3,0.65,".26",1,7.2,34
"2022002HB","HB2202","2022","202202016200010063","Representative",4744,"10",35.778833,-74.8985,83,85,84,10-MAR-22,"10:31:53",35.765,74.9083,74,10-MAR-22,"10:12","0044","SBE-911+","V",21.42,36.309,14.12,35.626,9,0.96,".33",1,6,69
"2022002HB","HB2202","2022","202202016300010064","Representative",4845,"10",35.8485,-74.866833,127,127,126,10-MAR-22,"11:49:14",35.83,74.8733,166,10-MAR-22,"11:24","0045","SBE-911+","V",20.77,36.282,13.6,35.594,39,1.15,".42",0,5.8,164
"2022002HB","HB2202","2022","202202016300030065","Representative",4814,"10",35.9675,-74.816,128,130,128,10-MAR-22,"13:50:00",35.9467,74.82,135,10-MAR-22,"13:24","0046","SBE-911+","V",21.49,36.328,13.56,35.535,7,1.26,".43",1,6.3,133
"2022002HB","HB2202","2022","202202016400010066","Representative",4658,"10",36.060833,-74.791833,202,205,202,10-MAR-22,"15:56:01",36.035,74.7967,192,10-MAR-22,"15:20","0047","SBE-911+","V",21.55,36.318,11.56,35.481,10,1.57,".6",1,4.5,190
"2022002HB","HB2202","2022","202202016200020067","Representative",4678,"10",36.165333,-74.8425,94,94,94,10-MAR-22,"17:54:28",36.15,74.84,97,10-MAR-22,"17:35","0048","SBE-911+","W",20.52,36.215,13.39,35.417,3,0.93,".32",1,7,92
"2022002HB","HB2202","2022","202202016400030068","Representative",4773,"10",36.218833,-74.759,317,304,309,10-MAR-22,"20:08:35",36.19,74.7783,233,10-MAR-22,"19:26","0049","SBE-911+","V",20.24,36.145,11.96,35.526,84,1.97,".71",0,4.6,230
"2022002HB","HB2202","2022","202202016200030069","Representative",4731,"10",36.293167,-74.866167,78,78,78,10-MAR-22,"23:38:00",36.2733,74.87,78,10-MAR-22,"22:34","0050","SBE-911+","V",13.88,34.631,12.97,35.198,0,1.21,"1.07",1,8.4,71
"2022002HB","HB2202","2022","202202016300020070","Representative",4725,"10",36.288667,-74.79,136,134,136,11-MAR-22,"01:28:44",36.2717,74.785,160,11-MAR-22,"01:02","0051","SBE-911+","V",16.65,35.458,12.78,35.334,24,1.05,".45",0,7.1,154
"2022002HB","HB2202","2022","202202016800030074","Representative",4621,"10",36.747333,-74.6525,244,246,246,11-MAR-22,"10:45:55",36.7233,74.66,255,11-MAR-22,"10:05","0052","SBE-911+","W",14.65,35.689,11.43,35.472,11,1.49,".68",1,4.4,250
"2022002HB","HB2202","2022","202202033800020075","Representative",4861,"10",36.894167,-75.685167,23,23,23,13-MAR-22,"16:59:43",36.8883,75.6983,22,13-MAR-22,"16:44","0053","SBE-911+","V",7.41,32.952,7.35,32.965,1,0.72,".26",1,9.7,14
"2022002HB","HB2202","2022","202202033500020081","Representative",4866,"10",37.479333,-75.395167,22,23,23,14-MAR-22,"05:18:09",37.4867,75.3917,20,14-MAR-22,"05:05","0055","SBE-911+","V",7.21,33.201,7.22,33.202,2,0.47,".22",1,9.8,16
"2022002HB","HB2202","2022","202202033200010082","Representative",4770,"10",37.548,-75.372833,26,23,23,14-MAR-22,"06:47:04",37.555,75.3633,24,14-MAR-22,"06:34","0056","SBE-911+","V",6.99,33.153,6.99,33.152,2,0.62,".22",1,9.8,19
"2022002HB","HB2202","2022","202202033200030083","Representative",4538,"10",37.705167,-75.2735,22,23,23,14-MAR-22,"08:42:27",37.71,75.2667,20,14-MAR-22,"08:31","0057","SBE-911+","V",6.66,32.832,6.67,32.85,2,0.43,".19",1,9.9,14
"2022002HB","HB2202","2022","202202033200020084","Representative",4602,"10",37.758,-75.146333,28,29,29,14-MAR-22,"10:22:49",37.7617,75.135,26,14-MAR-22,"10:10","0058","SBE-911+","V",6.85,33.156,6.87,33.166,2,0.58,".21",1,9.9,21
"2022002HB","HB2202","2022","202202016500070085","Representative",4825,"10",37.589833,-74.879333,38,36,38,14-MAR-22,"12:45:18",37.5933,74.87,35,14-MAR-22,"12:33","0059","SBE-911+","W",9.15,34.157,9.16,34.157,3,0.49,".21",1,9.4,30
"2022002HB","HB2202","2022","202202016900030087","Representative",4778,"10",37.8845,-74.795167,34,33,34,14-MAR-22,"16:42:40",37.8917,74.7867,32,14-MAR-22,"16:29","0060","SBE-911+","V",8.62,33.859,9.11,34.109,2,0.59,".23",1,9.4,27
"2022002HB","HB2202","2022","202202032900010088","Representative",4594,"10",38.082833,-74.975167,21,21,21,14-MAR-22,"18:53:38",38.0933,74.9717,22,14-MAR-22,"18:43","0061","SBE-911+","V",6.56,32.741,6.52,32.775,1,0.65,".18",1,10,17
"2022002HB","HB2202","2022","202202032900020089","Representative",4810,"10",38.219833,-74.961167,22,23,23,14-MAR-22,"21:49:06",38.2167,74.9583,22,14-MAR-22,"20:58","0062","SBE-911+","V",6.73,32.269,6.38,32.507,0,0.23,".85",1,10.1,16
"2022002HB","HB2202","2022","202202032600030091","Representative",4614,"10",38.586167,-74.89,24,22,24,15-MAR-22,"02:23:32",38.5767,74.8833,24,15-MAR-22,"02:08","0063","SBE-911+","V",6.74,31.964,6.95,32.868,0,0.65,".26",1,9.9,17
"2022002HB","HB2202","2022","202202032600020092","Representative",4782,"10",38.684,-74.866167,27,27,27,15-MAR-22,"03:53:51",38.6983,74.8717,22,15-MAR-22,"03:38","0064","SBE-911+","V",6.41,31.24,6.86,32.742,5,0.9,".26",1,10,17
"2022002HB","HB2202","2022","202202032600010093","Representative",4586,"10",38.7105,-74.816333,18,18,18,15-MAR-22,"05:08:34",38.7183,74.815,17,15-MAR-22,"04:57","0065","SBE-911+","V",6.75,31.278,6.72,32.437,1,0.47,".19",1,10,13
"2022002HB","HB2202","2022","202202016900040094","Representative",4811,"10",38.569,-74.686,20,21,21,15-MAR-22,"06:59:02",38.5767,74.6883,19,15-MAR-22,"06:44","0066","SBE-911+","V",7.02,32.703,6.95,32.938,1,0.48,".25",1,10,14
"2022002HB","HB2202","2022","202202017000030097","Representative",4585,"10",38.354333,-74.069167,64,63,63,15-MAR-22,"13:40:30",38.3667,74.0633,62,15-MAR-22,"13:25","0067","SBE-911+","V",10.16,34.368,10.24,34.388,2,0.79,".26",1,9,59
"2022002HB","HB2202","2022","202202032300010101","Representative",4653,"10",39.100333,-74.354333,25,26,25,15-MAR-22,"23:15:51",39.1067,74.3417,24,15-MAR-22,"23:00","0068","SBE-911+","V",6.73,32.796,6.02,33.065,1,0.7,".26",1,10.3,20
"2022002HB","HB2202","2022","202202032000020102","Representative",4870,"10",39.1885,-74.419833,18,18,18,16-MAR-22,"00:42:26",39.1917,74.4083,18,16-MAR-22,"00:27","0069","SBE-911+","V",6.16,32.652,5.89,32.734,0,0.57,".26",1,10.3,14
"2022002HB","HB2202","2022","202202032000030103","Representative",4865,"10",39.1995,-74.371667,18,18,18,16-MAR-22,"01:57:19",39.21,74.3683,19,16-MAR-22,"01:45","0070","SBE-911+","V",6.16,32.677,5.88,32.728,1,0.65,".21",1,10.3,16
"2022002HB","HB2202","2022","202202032000010104","Representative",4805,"10",39.217667,-74.203,23,23,22,16-MAR-22,"03:35:27",39.2217,74.195,25,16-MAR-22,"03:24","0071","SBE-911+","V",6.16,32.905,5.86,33.028,2,0.44,".19",1,10.2,21
"2022002HB","HB2202","2022","202202032300040105","Representative",5112,"10",39.171167,-74.253,20,22,20,16-MAR-22,"04:38:42",39.18,74.2433,18,16-MAR-22,"04:26","0072","SBE-911+","W",5.98,32.87,5.97,32.876,2,0.7,".21",1,10.3,14
"2022002HB","HB2202","2022","202202017400040108","Representative",4903,"10",39.077333,-73.0965,68,68,68,16-MAR-22,"13:43:53",39.0883,73.0867,69,16-MAR-22,"13:29","0073","SBE-911+","V",9.22,33.987,12.03,35.012,1,0.8,".25",1,7.7,67
"2022002HB","HB2202","2022","202202017500010109","Representative",4573,"10",39.018833,-72.855667,113,114,113,16-MAR-22,"17:37:43",39.0333,72.8517,109,16-MAR-22,"15:30","0074","SBE-911+","V",9.45,33.974,13.61,35.663,4,0.89,"2.13",1,6.6,106
"2022002HB","HB2202","2022","202202017500020111","Representative",4707,"10",39.112167,-72.812167,107,108,107,16-MAR-22,"21:40:06",39.1,72.82,107,16-MAR-22,"20:55","0075","SBE-911+","V",10.02,34.141,13.5,35.666,0,0.82,".75",1,6.2,105
"2022002HB","HB2202","2022","202202017400030112","Representative",4812,"10",39.151167,-72.865667,87,87,87,16-MAR-22,"23:01:13",39.1433,72.8833,86,16-MAR-22,"22:43","0076","SBE-911+","V",9.85,33.898,13.54,35.618,1,0.95,".3",1,6.5,84
"2022002HB","HB2202","2022","202202017600010113","Representative",4577,"10",39.1215,-72.714167,200,198,197,17-MAR-22,"00:42:25",39.1033,72.7317,134,17-MAR-22,"00:14","0077","SBE-911+","V",12.43,34.951,13.52,35.618,66,1.36,".47",0,6.7,132
"2022002HB","HB2202","2022","202202010400020114","Representative",4816,"10",39.219333,-72.499167,195,193,194,17-MAR-22,"02:45:58",39.2117,72.525,163,17-MAR-22,"02:16","0078","SBE-911+","W",10.77,34.346,13.48,35.65,32,1.29,".5",0,6.5,160
"2022002HB","HB2202","2022","202202010300030115","Representative",4660,"10",39.42,-72.576667,111,112,113,17-MAR-22,"04:53:06",39.4083,72.5883,112,17-MAR-22,"04:32","0079","SBE-911+","V",9.38,33.884,13.84,35.72,1,0.89,".35",1,6.4,108
"2022002HB","HB2202","2022","202202010400010116","Representative",4668,"10",39.4995,-72.382167,191,193,193,17-MAR-22,"07:37:27",39.5033,72.4067,139,17-MAR-22,"07:10","0080","SBE-911+","V",10.23,34.199,13.66,35.625,52,1.16,".46",0,6.7,137
"2022002HB","HB2202","2022","202202010400030117","Representative",4853,"10",39.437667,-72.2775,190,190,191,17-MAR-22,"09:35:32",39.4583,72.2767,426,17-MAR-22,"08:52","0081","SBE-911+","V",10.1,34.13,7.78,35.169,236,1.24,".73",0,5.6,424
"2022002HB","HB2202","2022","202202010300010118","Representative",4873,"10",39.603667,-72.095333,154,159,153,17-MAR-22,"11:59:48",39.605,72.1217,153,17-MAR-22,"11:34","0082","SBE-911+","V",8.89,33.777,12.81,35.61,1,1.22,".43",1,5.4,151
"2022002HB","HB2202","2022","202202010200060122","Representative",4708,"10",39.797167,-72.288167,86,85,85,17-MAR-22,"18:37:13",39.78,72.2933,91,17-MAR-22,"18:18","0083","SBE-911+","V",8.91,33.704,12.81,35.41,5,1.06,".32",1,6.3,89
"2022002HB","HB2202","2022","202202010200010123","Representative",4627,"10",39.847667,-72.483333,62,65,63,17-MAR-22,"20:29:17",39.8417,72.4967,63,17-MAR-22,"20:13","0084","SBE-911+","V",8.32,33.685,8.1,33.789,1,0.71,".27",1,9.6,60
"2022002HB","HB2202","2022","202202031700020133","Representative",4804,"10",40.0805,-73.941333,21,21,21,18-MAR-22,"19:52:09",40.085,73.9517,22,18-MAR-22,"19:40","0085","SBE-911+","V",6.94,32.07,5.77,32.855,1,0.55,".2",1,10,17
"2022002HB","HB2202","2022","202202031400030134","Representative",4752,"10",40.3515,-73.867333,23,25,24,18-MAR-22,"22:34:06",40.3517,73.88,22,18-MAR-22,"22:23","0086","SBE-911+","V",6.73,31.077,6.07,33.047,1,0.58,".19",1,9.8,18
"2022002HB","HB2202","2022","202202031400020136","Representative",4574,"10",40.465,-73.707,25,26,26,19-MAR-22,"01:44:33",40.4733,73.71,25,19-MAR-22,"01:29","0087","SBE-911+","V",7.21,30.125,5.93,32.938,0,0.52,".26",1,9.9,21
"2022002HB","HB2202","2022","202202031100020137","Representative",4802,"10",40.451333,-73.661167,21,23,23,19-MAR-22,"02:50:08",40.46,73.6617,24,19-MAR-22,"02:35","0088","SBE-911+","V",7.27,30.047,5.86,32.827,3,0.52,".25",1,9.9,20
"2022002HB","HB2202","2022","202202031100030138","Representative",4666,"10",40.310333,-73.6005,24,28,26,19-MAR-22,"04:24:14",40.3183,73.6117,23,19-MAR-22,"04:13","0089","SBE-911+","V",6.46,31.867,5.14,32.525,1,0.7,".19",1,10,19
"2022002HB","HB2202","2022","202202010100030139","Representative",4836,"10",40.310333,-73.432167,30,30,30,19-MAR-22,"06:04:41",40.32,73.4283,30,19-MAR-22,"05:52","0090","SBE-911+","W",6.46,32.26,5.1,32.818,0,0.61,".21",1,9.9,24
"2022002HB","HB2202","2022","202202031100010140","Representative",4741,"10",40.586333,-73.2405,20,21,21,19-MAR-22,"09:05:35",40.5933,73.2433,19,19-MAR-22,"08:43","0091","SBE-911+","V",6.72,32.212,5.02,32.378,1,0.44,".38",1,9.9,15
"2022002HB","HB2202","2022","202202030800030141","Representative",4613,"10",40.551,-73.0655,27,27,27,19-MAR-22,"10:30:46",40.5483,73.0767,27,19-MAR-22,"10:20","0092","SBE-911+","V",5.9,32.417,4.73,32.58,0,0.54,".18",1,10,23
"2022002HB","HB2202","2022","202202030800010142","Representative",4685,"10",40.580167,-72.967333,25,25,25,19-MAR-22,"11:46:57",40.5817,72.98,25,19-MAR-22,"11:36","0093","SBE-911+","V",6.19,32.322,4.76,32.619,0,0.59,".18",1,10.1,21
"2022002HB","HB2202","2022","202202030800020143","Representative",4887,"10",40.698,-72.757667,28,28,28,19-MAR-22,"13:32:59",40.6983,72.7733,27,19-MAR-22,"13:20","0094","SBE-911+","V",6.06,32.255,4.83,32.545,1,0.71,".22",1,10,22
"2022002HB","HB2202","2022","202202010100020145","Representative",4592,"10",40.514833,-72.392167,47,47,47,19-MAR-22,"16:48:12",40.5183,72.4117,47,19-MAR-22,"16:33","0095","SBE-911+","V",6.79,32.931,6.55,33.308,0,0.92,".25",1,9.8,45
"2022002HB","HB2202","2022","202202010200020147","Representative",4901,"10",40.248,-72.090167,63,64,63,19-MAR-22,"20:15:23",40.2617,72.0933,62,19-MAR-22,"20:00","0096","SBE-911+","W",8.85,33.574,7.64,33.59,1,0.84,".26",1,9.8,59
"2022002HB","HB2202","2022","202202010800020148","Representative",4715,"10",39.889833,-71.6025,256,261,257,20-MAR-22,"00:40:32",39.9033,71.5767,243,20-MAR-22,"00:06","0097","SBE-911+","V",9.71,33.886,12.5,35.59,13,1.44,".58",1,4.7,239
"2022002HB","HB2202","2022","202202010200030150","Representative",4815,"10",40.126,-71.908,80,76,78,20-MAR-22,"06:24:28",40.14,71.9017,79,20-MAR-22,"06:08","0098","SBE-911+","V",9.04,33.569,10.16,34.218,1,0.89,".27",1,7.8,76
"2022002HB","HB2202","2022","202202010600060151","Representative",4852,"10",40.265167,-71.938167,65,64,64,20-MAR-22,"08:28:13",40.2767,71.9283,65,20-MAR-22,"08:13","0099","SBE-911+","V",8.28,33.449,7.47,33.526,0,0.83,".25",1,9.9,61
"2022002HB","HB2202","2022","202202030500010154","Representative",4893,"10",40.821,-72.3995,25,26,25,20-MAR-22,"15:37:07",40.8283,72.39,22,20-MAR-22,"15:24","0100","SBE-911+","W",6.19,31.15,5.86,32.209,3,0.62,".22",1,10.5,18
"2022002HB","HB2202","2022","202202030500020155","Representative",4635,"10",40.858167,-72.292333,26,27,25,20-MAR-22,"17:15:11",40.8683,72.2867,22,20-MAR-22,"17:01","0101","SBE-911+","V",6.43,31.091,5.65,31.885,4,0.66,".24",1,10.5,19
"2022002HB","HB2202","2022","202202030500030156","Representative",4730,"10",40.928167,-72.112667,22,24,22,20-MAR-22,"19:07:01",40.9367,72.105,20,20-MAR-22,"18:54","0102","SBE-911+","V",6.49,31.014,5.55,31.981,2,0.62,".22",1,10.4,16
"2022002HB","HB2202","2022","202202030200030157","Representative",4665,"10",40.9655,-71.9745,25,25,25,20-MAR-22,"20:47:26",40.9717,71.9583,24,20-MAR-22,"20:35","0103","SBE-911+","V",6.42,30.9,5.78,32.122,1,0.82,".21",1,10.2,20
"2022002HB","HB2202","2022","202202030200010158","Representative",4587,"10",40.977833,-71.9325,24,24,24,20-MAR-22,"22:13:09",40.9817,71.9183,22,20-MAR-22,"22:01","0104","SBE-911+","V",6.46,31.069,5.94,31.843,2,0.68,".2",1,10.4,18
"2022002HB","HB2202","2022","202202030200020159","Representative",4684,"10",41.009833,-71.801667,27,28,28,20-MAR-22,"23:54:04",41.0167,71.7867,25,20-MAR-22,"23:40","0105","SBE-911+","V",6.08,31.349,6.12,31.754,2,0.79,".23",1,10.4,20
"2022002HB","HB2202","2022","202202010700020166","Representative",4561,"10",40.110167,-70.667833,128,129,129,21-MAR-22,"17:54:10",40.1117,70.6417,127,21-MAR-22,"17:32","0106","SBE-911+","V",8.22,33.3,13.61,35.62,1,1.2,".37",1,6.1,124
"2022002HB","HB2202","2022","202202010800030167","Representative",4617,"10",39.998,-70.769333,284,285,284,21-MAR-22,"20:34:07",40.0017,70.73,274,21-MAR-22,"19:56","0107","SBE-911+","V",8.51,33.32,9.82,35.293,10,1.82,".64",1,4.5,271
"2022002HB","HB2202","2022","202202010800010168","Representative",4537,"10",40.008167,-70.827833,274,277,276,21-MAR-22,"22:35:02",40.01,70.795,267,21-MAR-22,"22:00","0108","SBE-911+","V",8.52,33.335,11.11,35.432,7,1.51,".58",1,4.4,264
"2022002HB","HB2202","2022","202202010700030169","Representative",4775,"10",40.067333,-70.840333,161,162,161,22-MAR-22,"00:29:35",40.065,70.8133,157,22-MAR-22,"00:01","0109","SBE-911+","W",8.29,33.287,13.63,35.677,4,1.25,".48",1,5.9,154
"2022002HB","HB2202","2022","202202010600020170","Representative",4793,"10",40.836667,-71.549667,63,62,62,30-MAR-22,"21:58:45",40.8317,71.5317,63,30-MAR-22,"20:53","0110","SBE-911+","V",6.32,32.979,7.32,33.39,0,0.87,"1.1",1,9.3,58
"2022002HB","HB2202","2022","202202034500020176","Representative",4691,"10",41.3775,-71.0585,29,27,27,31-MAR-22,"13:17:21",41.375,71.025,28,31-MAR-22,"12:50","0111","SBE-911+","V",5.1,32.138,5.1,32.263,1,1.52,".46",1,10.2,21
"2022002HB","HB2202","2022","202202036000020178","Representative",4871,"10",41.872333,-70.345167,30,29,30,31-MAR-22,"21:53:46",41.8817,70.3383,30,31-MAR-22,"21:35","0112","SBE-911+","V",5.48,32.436,5.26,32.522,0,0.64,".31",1,10.8,23
"2022002HB","HB2202","2022","202202035900030179","Representative",4636,"10",41.876167,-70.208167,26,26,26,01-APR-22,"00:06:07",41.8917,70.205,27,31-MAR-22,"23:51","0113","SBE-911+","W",5.17,32.411,5.16,32.414,1,0.94,".25",1,11.1,22
"2022002HB","HB2202","2022","202202036000010180","Representative",4646,"10",42.003333,-70.167333,31,33,33,01-APR-22,"02:11:53",42.02,70.1617,28,01-APR-22,"01:54","0114","SBE-911+","V",5.27,32.319,5.2,32.341,3,1.03,".3",1,11.4,23
"2022002HB","HB2202","2022","202202036100010181","Representative",4706,"10",41.9985,-70.328667,51,48,50,01-APR-22,"04:08:17",42.0233,70.3267,54,01-APR-22,"03:46","0115","SBE-911+","V",5.25,32.491,5.08,32.538,3,1.49,".37",1,10.7,46
"2022002HB","HB2202","2022","202202035900020182","Representative",4607,"10",41.976167,-70.549833,31,26,28,01-APR-22,"06:39:13",41.995,70.56,31,01-APR-22,"06:18","0116","SBE-911+","V",5.6,32.26,5.16,32.465,0,1.22,".35",1,10.7,25
"2022002HB","HB2202","2022","202202036000030183","Representative",4753,"10",42.001333,-70.527833,36,36,36,01-APR-22,"08:26:56",42.0233,70.52,38,01-APR-22,"08:03","0117","SBE-911+","V",5.51,32.236,4.91,32.618,2,1.36,".4",1,10.6,33
"2022002HB","HB2202","2022","202202035900010184","Representative",4555,"10",42.043667,-70.561167,31,33,31,01-APR-22,"11:56:54",42.04,70.56,29,01-APR-22,"10:51","0118","SBE-911+","V",5.63,32.242,5.04,32.538,2,0.23,"1.1",1,10.7,24
"2022002HB","HB2202","2022","202202036100020185","Representative",4693,"10",42.112667,-70.501667,44,43,43,01-APR-22,"14:31:32",42.0933,70.51,45,01-APR-22,"14:04","0119","SBE-911+","V",5.56,32.254,4.63,32.63,1,1.22,".46",1,10.6,40
"2022002HB","HB2202","2022","202202036600020186","Representative",4790,"10",42.222333,-70.499,63,59,61,01-APR-22,"16:11:57",42.22,70.4817,65,01-APR-22,"15:57","0120","SBE-911+","V",5.47,32.307,4.71,32.725,2,0.78,".25",1,10,60
"2022002HB","HB2202","2022","202202036500040187","Non-Representative",4755,"10",42.401333,-70.746667,47,45,47,01-APR-22,"19:54:37",42.3867,70.74,44,01-APR-22,"19:13","0121","SBE-911+","V",5.57,32.489,5.07,32.813,3,0.93,".69",1,10.5,40
"2022002HB","HB2202","2022","202202036500010188","Representative",4755,"10",42.389833,-70.746,42,40,41,01-APR-22,"21:57:59",42.3867,70.74,44,01-APR-22,"19:13","0121","SBE-911+","V",5.57,32.489,5.07,32.813,2,0.33,"2.75",1,10.5,40
"2022002HB","HB2202","2022","202202036600010190","Representative",4904,"10",42.423333,-70.682333,66,59,64,02-APR-22,"01:20:20",42.3917,70.665,68,01-APR-22,"23:43","0122","SBE-911+","W",5.3,32.326,5.15,32.869,2,2.05,"1.62",1,10.1,64
"2022002HB","HB2202","2022","202202036500030191","Representative",4712,"10",42.455167,-70.7685,49,47,48,02-APR-22,"03:19:24",42.4517,70.7417,49,02-APR-22,"02:58","0123","SBE-911+","V",5.32,32.401,5.08,32.736,0,1.21,".36",1,10.2,46
"2022002HB","HB2202","2022","202202036400020192","Representative",4756,"10",42.538,-70.710833,42,38,40,02-APR-22,"05:31:31",42.5383,70.6883,48,02-APR-22,"05:12","0124","SBE-911+","V",5.16,32.368,5.11,32.715,6,1,".33",1,10,42
"2022002HB","HB2202","2022","202202036400030193","Representative",4572,"10",42.565833,-70.652833,42,40,41,02-APR-22,"09:19:18",42.5733,70.6367,43,02-APR-22,"08:42","0125","SBE-911+","V",5.1,32.284,5.1,32.697,1,0.84,".62",1,10.1,37
"2022002HB","HB2202","2022","202202036600030194","Representative",4818,"10",42.668833,-70.497167,86,87,86,02-APR-22,"12:31:39",42.6567,70.475,46,02-APR-22,"12:07","0126","SBE-911+","V",4.81,32.296,5.01,32.796,40,1.22,".41",0,10.7,41
"2022002HB","HB2202","2022","202202012600040195","Representative",4620,"10",42.591333,-70.372167,99,96,98,02-APR-22,"14:48:58",42.5767,70.3483,113,02-APR-22,"14:23","0127","SBE-911+","V",5.21,32.669,5.57,33.136,14,1.37,".43",1,9.9,105
"2022002HB","HB2202","2022","202202012600060198","Representative",4837,"10",42.242,-70.264333,28,28,28,02-APR-22,"21:59:19",42.2417,70.25,27,02-APR-22,"21:47","0128","SBE-911+","V",5.22,32.679,5.06,32.692,1,0.64,".21",1,10.5,22
"2022002HB","HB2202","2022","202202012700010200","Representative",4724,"10",42.080833,-69.7965,179,177,180,03-APR-22,"04:03:16",42.07,69.7583,183,03-APR-22,"03:28","0129","SBE-911+","V",6.1,33.244,6.76,33.429,4,1.82,".59",1,9.3,180
"2022002HB","HB2202","2022","202202036100030201","Representative",4659,"10",42.042,-69.936333,72,68,70,03-APR-22,"06:13:38",42.0383,69.92,74,03-APR-22,"05:55","0130","SBE-911+","W",5.42,32.939,5.48,33.002,2,0.76,".31",1,10.5,69
"2022002HB","HB2202","2022","202202012500010202","Representative",4827,"10",41.422333,-69.4205,39,43,41,03-APR-22,"12:07:53",41.4033,69.42,39,03-APR-22,"11:49","0131","SBE-911+","V",5.72,32.933,5.73,32.94,0,1.14,".31",1,10.5,34
"2022002HB","HB2202","2022","202202012500030203","Representative",4655,"10",41.506667,-69.517333,41,41,40,03-APR-22,"14:28:05",41.525,69.5267,47,03-APR-22,"14:04","0132","SBE-911+","V",5.61,32.865,5.62,32.886,6,1.18,".4",1,10.7,41
"2022002HB","HB2202","2022","202202035600040205","Non-Representative",4676,"10",41.7725,-69.865333,36,35,36,03-APR-22,"20:46:33",41.76,69.8567,38,03-APR-22,"20:32","0133","SBE-911+","V",5.45,32.691,5.32,32.702,2,0.84,".24",1,10.8,33
"2022002HB","HB2202","2022","202202035600030207","Representative",4676,"10",41.7995,-69.896,25,26,25,03-APR-22,"22:29:32",41.76,69.8567,38,03-APR-22,"20:32","0133","SBE-911+","V",5.45,32.691,5.32,32.702,13,2.95,"1.96",0,10.8,33
"2022002HB","HB2202","2022","202202035600020208","Representative",4819,"10",41.737,-69.875667,24,22,23,04-APR-22,"00:13:21",41.755,69.87,28,03-APR-22,"23:52","0134","SBE-911+","V",5.59,32.684,5.3,32.697,4,1.11,".36",1,11,22
"2022002HB","HB2202","2022","202202012500040209","Representative",4641,"10",41.600833,-69.721833,34,33,33,04-APR-22,"02:43:10",41.6183,69.725,38,04-APR-22,"02:21","0135","SBE-911+","W",5.46,32.717,5.45,32.722,4,1.06,".37",1,11,33
"2022002HB","HB2202","2022","202202011300060214","Representative",4608,"10",40.6155,-67.836,86,86,86,05-APR-22,"03:41:01",40.63,67.825,83,05-APR-22,"03:21","0136","SBE-911+","W",6.61,33.112,6.61,33.109,3,1.01,".33",1,9.6,79
"2022002HB","HB2202","2022","202202011400020215","Representative",4796,"10",40.455167,-67.540167,136,138,137,05-APR-22,"06:52:09",40.4717,67.525,135,05-APR-22,"06:29","0137","SBE-911+","V",6.91,32.997,11.66,34.938,1,1.21,".39",1,6.9,132
"2022002HB","HB2202","2022","202202011400040217","Representative",4682,"10",40.419,-67.881833,142,144,143,05-APR-22,"12:28:31",40.41,67.8683,180,05-APR-22,"11:44","0139","SBE-911+","V",6.86,33.015,10.79,35.056,38,0.82,".74",0,6.1,175
"2022002HB","HB2202","2022","202202011300040218","Representative",4589,"10",40.560667,-68.135333,98,99,98,05-APR-22,"15:14:56",40.565,68.1617,97,05-APR-22,"14:51","0140","SBE-911+","V",6.85,33.088,6.98,33.178,1,1.23,".4",1,9.4,92
"2022002HB","HB2202","2022","202202011500030219","Representative",4841,"10",40.431,-68.119167,271,267,268,05-APR-22,"18:51:46",40.5067,68.1633,117,05-APR-22,"17:06","0141","SBE-911+","V",7.02,33.133,9.43,35.14,154,4.97,"1.76",0,6.2,113
"2022002HB","HB2202","2022","202202011300050220","Representative",4590,"10",40.440333,-68.320167,107,106,106,05-APR-22,"21:51:52",40.4333,68.3333,106,05-APR-22,"20:51","0142","SBE-911+","V",7.71,33.168,9.26,34.224,1,0.73,"1.01",1,7.7,102
"2022002HB","HB2202","2022","202202011400010221","Representative",4883,"10",40.316167,-68.255667,156,152,154,06-APR-22,"00:12:20",40.305,68.28,162,05-APR-22,"23:41","0143","SBE-911+","W",7.57,33.109,11.79,35.153,6,1.3,".52",1,6.5,159
"2022002HB","HB2202","2022","202202010500040227","Representative",4857,"10",41.1705,-71.034,33,33,33,13-APR-22,"18:23:55",41.1833,71.0467,32,13-APR-22,"18:09","0144","SBE-911+","V",7.33,32.437,6.83,32.635,1,0.96,".25",1,9.7,28
"2022002HB","HB2202","2022","202202010900020228","Representative",4886,"10",41.040667,-70.754833,45,45,45,13-APR-22,"20:43:31",41.0483,70.7717,46,13-APR-22,"20:27","0145","SBE-911+","V",7.94,32.522,5.9,32.739,1,0.89,".28",1,9.7,43
"2022002HB","HB2202","2022","202202034600040229","Representative",4640,"10",41.287333,-70.725333,25,26,26,13-APR-22,"23:35:25",41.295,70.7417,21,13-APR-22,"23:23","0146","SBE-911+","V",8.05,32.395,6.51,32.465,4,0.87,".21",1,9.6,16
"2022002HB","HB2202","2022","202202034600010230","Non-Representative",4762,"10",41.253167,-70.619167,27,27,27,14-APR-22,"01:15:02",41.2667,70.6133,27,14-APR-22,"01:00","0147","SBE-911+","V",7.93,32.387,6.76,32.495,0,0.86,".25",1,9.2,22
"2022002HB","HB2202","2022","202202034600020231","Representative",4840,"10",41.097833,-70.2165,27,27,27,14-APR-22,"04:12:47",41.11,70.2217,25,14-APR-22,"03:56","0148","SBE-911+","W",7.46,32.688,7.46,32.688,2,0.77,".28",1,9,21
"2022002HB","HB2202","2022","202202010900030233","Representative",4898,"10",40.781,-70.519667,54,55,54,14-APR-22,"09:05:30",40.7933,70.515,53,14-APR-22,"08:53","0149","SBE-911+","V",7.1,32.864,6.24,32.888,1,0.77,".21",1,9.7,49
"2022002HB","HB2202","2022","202202011200020235","Representative",4868,"10",40.0255,-70.319167,220,224,223,14-APR-22,"15:19:08",40.0367,70.29,206,14-APR-22,"14:00","0150","SBE-911+","V",9.94,33.703,12.23,35.571,14,1.5,"1.32",1,4.8,205
"2022002HB","HB2202","2022","202202011100020236","Representative",4751,"10",40.124167,-70.248833,121,120,120,14-APR-22,"18:00:12",40.1333,70.2267,117,14-APR-22,"17:31","0151","SBE-911+","V",8.36,33.093,13.59,35.423,4,1.16,".49",1,6.8,113
"2022002HB","HB2202","2022","202202011000040237","Representative",4749,"10",40.548167,-70.004,63,64,63,14-APR-22,"21:53:25",40.5583,69.9933,62,14-APR-22,"21:36","0152","SBE-911+","V",8.08,33.014,7.22,33.1,1,0.78,".29",1,9.6,56
"2022002HB","HB2202","2022","202202011000020238","Representative",4564,"10",40.4765,-69.887667,73,74,73,14-APR-22,"23:57:11",40.4867,69.8783,72,14-APR-22,"23:40","0153","SBE-911+","V",8.72,33.131,7.45,33.138,1,0.75,".29",1,9.5,67
"2022002HB","HB2202","2022","202202011000070241","Representative",4532,"10",40.5345,-69.369333,58,57,57,15-APR-22,"06:29:20",40.525,69.3733,57,15-APR-22,"06:12","0154","SBE-911+","V",8.3,33.199,7.71,33.208,1,0.6,".29",1,9.8,53
"2022002HB","HB2202","2022","202202011000080242","Representative",4847,"10",40.443667,-69.334,74,73,74,15-APR-22,"08:04:58",40.4617,69.3267,72,15-APR-22,"08:54","0155","SBE-911+","W",8.21,33.188,7.55,33.164,2,1.13,".82",1,9.7,67
"2022002HB","HB2202","2022","202202011100010248","Representative",4894,"10",40.108667,-68.985,159,157,158,15-APR-22,"22:03:14",40.105,68.9517,162,15-APR-22,"21:37","0156","SBE-911+","V",8.3,32.892,11.77,35.286,3,1.55,".44",1,6,159
"2022002HB","HB2202","2022","202202011100030249","Representative",4835,"10",40.1825,-68.889833,131,134,133,16-APR-22,"00:02:28",40.1917,68.8717,131,15-APR-22,"23:41","0157","SBE-911+","V",8.39,32.998,10.23,34.448,0,1,".36",1,7.4,127
"2022002HB","HB2202","2022","202202011300010250","Representative",4783,"10",40.527667,-68.662833,72,72,72,16-APR-22,"03:35:58",40.535,68.6483,72,16-APR-22,"03:20","0158","SBE-911+","V",7.79,33.041,7.15,33.054,0,0.8,".27",1,9.7,67
"2022002HB","HB2202","2022","202202011300090251","Representative",4679,"10",40.621833,-68.7165,62,62,62,16-APR-22,"05:34:39",40.625,68.7,63,16-APR-22,"05:15","0159","SBE-911+","V",7.51,32.999,7.52,32.999,1,0.78,".33",1,10.2,57
"2022002HB","HB2202","2022","202202011700020258","Representative",4791,"10",40.856167,-66.695333,125,128,126,17-APR-22,"03:21:41",40.8467,66.7167,121,17-APR-22,"03:02","0160","SBE-911+","V",6.87,32.448,13.29,35.635,4,1.13,".33",1,6,118
"2022002HB","HB2202","2022","202202011800010259","Representative",4654,"10",40.896833,-66.588167,196,196,197,17-APR-22,"05:28:14",40.8817,66.6117,187,17-APR-22,"04:54","0161","SBE-911+","V",7.02,32.619,10.51,35.187,9,1.4,".57",1,5.3,184
"2022002HB","HB2202","2022","202202011800020260","Representative",4785,"10",40.9515,-66.5015,234,232,233,17-APR-22,"07:53:13",40.93,66.525,237,17-APR-22,"07:11","0162","SBE-911+","V",6.89,32.587,9.69,35.251,3,1.67,".7",1,4.7,235
"2022002HB","HB2202","2022","202202011600090264","Representative",4884,"10",41.439667,-66.210833,110,110,110,17-APR-22,"18:28:11",41.4467,66.1933,112,17-APR-22,"18:07","0163","SBE-911+","V",6.94,32.516,9.53,34.52,2,0.9,".35",1,6.7,108
"2022002HB","HB2202","2022","202202011600100266","Representative",4826,"10",41.855333,-65.973667,95,101,98,18-APR-22,"01:33:51",41.845,65.9883,93,18-APR-22,"01:12","0164","SBE-911+","V",7.24,33.023,7.13,33.206,2,0.9,".36",1,8.9,88
"2022002HB","HB2202","2022","202202011700030267","Representative",4569,"10",41.8495,-65.882667,122,125,123,18-APR-22,"03:31:10",41.8617,65.9067,110,18-APR-22,"03:06","0165","SBE-911+","W",6.23,32.542,7.59,33.508,12,1.3,".42",1,8.4,107
"2022002HB","HB2202","2022","202202011800040268","Representative",4552,"10",42.0205,-65.8815,196,196,196,18-APR-22,"06:23:43",42.0067,65.8633,195,18-APR-22,"05:46","0166","SBE-911+","V",6.84,32.749,8.33,35.024,1,1.16,".63",1,5.9,192
"2022002HB","HB2202","2022","202202012900010269","Non-Representative",4539,"10",42.286167,-65.8095,210,210,210,18-APR-22,"09:43:31",42.2733,65.7867,210,18-APR-22,"09:11","0167","SBE-911+","V",3.78,31.239,7.69,35.077,0,1.27,".54",1,6.2,205
"2022002HB","HB2202","2022","202202012900050270","Non-Representative",4581,"10",42.298333,-66.023167,250,246,248,18-APR-22,"13:38:19",42.3133,65.9833,241,18-APR-22,"12:15","0168","SBE-911+","V",3.91,31.235,8.64,35.106,9,1.99,"1.39",1,5.8,238
"2022002HB","HB2202","2022","202202012000020273","Representative",4571,"10",41.617833,-67.772333,37,36,37,21-APR-22,"11:43:19",41.6267,67.7667,36,21-APR-22,"10:48","0169","SBE-911+","W",8.31,33.186,8.32,33.186,1,0.59,".92",1,10.3,32
"2022002HB","HB2202","2022","202202011900030274","Representative",4789,"10",41.449333,-67.857333,41,40,41,21-APR-22,"15:19:00",41.4517,67.8717,39,21-APR-22,"14:59","0170","SBE-911+","V",8.43,33.213,8.38,33.211,2,0.66,".33",1,10.4,35
"2022002HB","HB2202","2022","202202011600080283","Representative",4788,"10",41.722667,-66.3405,86,86,86,22-APR-22,"14:50:42",41.715,66.3583,85,22-APR-22,"14:28","0171","SBE-911+","W",7.05,32.881,7.01,32.882,1,0.92,".38",1,9.6,80
"2022002HB","HB2202","2022","202202012900020285","Representative",4558,"10",42.458833,-66.209667,238,236,237,22-APR-22,"22:26:19",42.445,66.1883,240,22-APR-22,"21:47","0172","SBE-911+","V",6.37,32.024,8.76,35.033,2,1.26,".66",1,6,237
"2022002HB","HB2202","2022","202202012200030286","Representative",4776,"10",42.190833,-66.824167,203,199,201,23-APR-22,"02:40:05",42.21,66.855,213,23-APR-22,"02:06","0173","SBE-911+","V",7.12,32.745,9.57,34.896,10,1.79,".57",1,5.2,209
"2022002HB","HB2202","2022","202202013000030288","Representative",4689,"10",42.317833,-67.107333,295,295,295,23-APR-22,"08:58:07",42.325,67.1117,299,23-APR-22,"08:08","0174","SBE-911+","V",6.71,32.75,9.11,35.147,4,0.47,".84",1,5.2,296
"2022002HB","HB2202","2022","202202013000020289","Representative",4781,"10",42.460833,-67.383167,320,318,319,23-APR-22,"12:32:13",42.445,67.4033,323,23-APR-22,"11:46","0175","SBE-911+","V",7.04,32.605,8.84,35.151,3,1.3,".77",1,5.3,321
"2022002HB","HB2202","2022","202202012200020290","Representative",4548,"10",42.170667,-67.245833,169,168,168,23-APR-22,"16:12:11",42.1683,67.2667,168,23-APR-22,"15:46","0176","SBE-911+","W",7.44,33.014,7.95,33.856,1,0.94,".44",1,7.6,164
"2022002HB","HB2202","2022","202202012100030292","Representative",4674,"10",42.115167,-67.047,63,61,62,23-APR-22,"20:14:40",42.1267,67.0483,65,23-APR-22,"20:00","0177","SBE-911+","V",8.01,33.246,7.93,33.266,2,0.7,".24",1,10.1,61
"2022002HB","HB2202","2022","202202012100040293","Representative",4711,"10",42.086,-66.865,67,68,67,23-APR-22,"22:00:08",42.085,66.85,72,23-APR-22,"21:45","0178","SBE-911+","V",7.71,33.226,7.7,33.219,5,0.67,".25",1,9.9,67
"2022002HB","HB2202","2022","202202011600040295","Representative",4575,"10",41.664667,-66.942,64,62,63,24-APR-22,"02:51:50",41.665,66.9217,63,24-APR-22,"02:35","0179","SBE-911+","V",7.53,33.042,7.55,33.044,1,0.91,".28",1,10.9,60
"2022002HB","HB2202","2022","202202011600050296","Representative",4863,"10",41.6955,-67.052333,61,65,63,24-APR-22,"04:50:46",41.6917,67.065,59,24-APR-22,"04:32","0180","SBE-911+","V",7.65,33.074,7.71,33.083,2,0.61,".31",1,10.5,55
"2022002HB","HB2202","2022","202202012000050301","Representative",4869,"10",41.924833,-67.280333,50,53,51,24-APR-22,"14:34:09",41.915,67.28,50,24-APR-22,"13:17","0181","SBE-911+","V",8.23,33.267,8.21,33.269,0,0.59,"1.29",1,10.3,45
"2022002HB","HB2202","2022","202202012000070300","Non-Representative",4869,"10",41.9255,-67.279833,51,54,51,24-APR-22,"13:35:44",41.915,67.28,50,24-APR-22,"13:17","0181","SBE-911+","V",8.23,33.267,8.21,33.269,1,0.63,".31",1,10.3,45
"2022002HB","HB2202","2022","202202012100020303","Representative",4864,"10",42.082833,-67.439833,68,67,68,24-APR-22,"18:20:16",42.0817,67.4567,71,24-APR-22,"18:04","0182","SBE-911+","V",7.92,33.3,7.6,33.339,3,0.76,".27",1,9.5,67
"2022002HB","HB2202","2022","202202012900090304","Representative",4697,"10",42.240833,-67.574667,245,244,244,24-APR-22,"21:53:12",42.26,67.6067,245,24-APR-22,"20:34","0183","SBE-911+","V",7.6,32.869,9.31,35.149,0,1.83,"1.32",1,5.1,243
"2022002HB","HB2202","2022","202202012900080306","Representative",4801,"10",42.317167,-67.785167,212,213,212,25-APR-22,"03:01:32",42.325,67.7483,220,25-APR-22,"02:29","0184","SBE-911+","V",7.57,32.992,9.59,35.082,8,1.7,".54",1,5.1,217
"2022002HB","HB2202","2022","202202012900100307","Representative",4745,"10",42.615333,-67.992833,185,183,184,25-APR-22,"06:29:20",42.6183,67.96,189,25-APR-22,"06:03","0185","SBE-911+","V",6.98,32.646,9.68,34.915,4,1.46,".44",1,5.2,187
"2022002HB","HB2202","2022","202202012900070308","Representative",4832,"10",42.246167,-68.098,188,188,187,25-APR-22,"10:35:20",42.245,68.1183,187,25-APR-22,"10:00","0186","SBE-911+","V",7.45,33.109,8.82,34.341,1,0.91,".59",1,5.8,183
"2022002HB","HB2202","2022","202202012900040309","Representative",4687,"10",42.152167,-68.0605,227,230,229,25-APR-22,"12:52:02",42.1433,68.0817,221,25-APR-22,"12:17","0187","SBE-911+","W",7.51,33.199,9.42,35.006,6,1.08,".58",1,5.1,219
"2022002HB","HB2202","2022","202202012200010310","Representative",4579,"10",42.045167,-68.040167,206,201,203,25-APR-22,"15:05:42",42.0483,68.06,215,25-APR-22,"14:36","0188","SBE-911+","V",7.88,33.307,9.31,34.951,9,0.9,".5",1,5.1,212
"2022002HB","HB2202","2022","202202012400020311","Representative",4683,"10",42.0345,-68.3965,177,175,178,25-APR-22,"18:28:11",42.04,68.4283,169,25-APR-22,"17:55","0189","SBE-911+","V",8.09,33.277,7.58,33.662,8,1.46,".55",1,7.4,165
"2022002HB","HB2202","2022","202202012400050312","Representative",4842,"10",41.964333,-68.626667,169,169,169,25-APR-22,"21:48:53",41.96,68.6567,166,25-APR-22,"20:47","0190","SBE-911+","V",8.23,33.305,6.95,33.443,3,1.37,"1.03",1,8.7,162
"2022002HB","HB2202","2022","202202012400030316","Representative",4772,"10",41.580667,-68.726833,146,146,146,26-APR-22,"09:05:23",41.5967,68.7267,142,26-APR-22,"08:42","0191","SBE-911+","W",8.29,33.309,7.31,33.405,4,0.96,".39",1,8.8,137
"2022002HB","HB2202","2022","202202012300060317","Representative",4633,"10",41.367167,-68.395167,64,64,64,26-APR-22,"12:13:47",41.38,68.3917,64,26-APR-22,"12:00","0192","SBE-911+","V",8.49,33.096,8.5,33.096,0,0.79,".23",1,10.2,59
"2022002HB","HB2202","2022","202202012300030322","Representative",4828,"10",41.113167,-68.6545,67,68,67,27-APR-22,"00:27:01",41.1267,68.645,68,27-APR-22,"00:05","0193","SBE-911+","V",8.44,33.062,8.44,33.063,1,0.92,".37",1,10.7,63
"2022002HB","HB2202","2022","202202012300020323","Representative",4806,"10",41.266167,-68.729667,77,75,77,27-APR-22,"02:52:49",41.2767,68.7267,79,27-APR-22,"02:34","0194","SBE-911+","W",8.18,33.122,8.18,33.123,2,0.65,".31",1,10.2,74
"2022002HB","HB2202","2022","202202012300040324","Representative",5178,"10",41.202667,-68.8945,98,100,100,27-APR-22,"05:06:54",41.19,68.89,96,27-APR-22,"04:49","0195","SBE-911+","V",7.77,33.112,7.63,33.173,2,0.79,".3",1,9.7,91
"2022002HB","HB2202","2022","202202012800040325","Representative",4611,"10",42.235667,-69.572,237,237,237,04-MAY-22,"05:13:36",42.2483,69.5317,228,04-MAY-22,"04:34","0196","SBE-911+","V",7.43,32.763,7.81,33.78,9,1.95,".66",1,6.6,224
"2022002HB","HB2202","2022","202202012800030326","Representative",4610,"10",42.2995,-69.493,233,234,233,04-MAY-22,"07:35:02",42.3233,69.4867,238,04-MAY-22,"07:03","0197","SBE-911+","V",8.17,33.091,8.43,34.091,5,1.46,".53",1,4.8,234
"2022002HB","HB2202","2022","202202012400040327","Representative",4609,"10",42.154167,-69.193833,192,194,194,04-MAY-22,"10:33:30",42.145,69.165,193,04-MAY-22,"10:07","0198","SBE-911+","W",7.84,33.094,7.39,33.636,1,1.4,".44",1,7.5,189
"2022002HB","HB2202","2022","202202012800020330","Representative",4843,"10",42.644833,-68.525167,208,209,209,04-MAY-22,"20:50:20",42.665,68.505,205,04-MAY-22,"20:18","0199","SBE-911+","V",7.97,32.743,9.09,34.421,3,1.5,".54",1,5.4,201
"2022002HB","HB2202","2022","202202013700070332","Representative",4885,"10",42.745667,-69.213167,116,117,118,05-MAY-22,"03:17:55",42.76,69.2333,128,05-MAY-22,"02:52","0200","SBE-911+","V",8.12,33.03,7.09,33.348,12,1.24,".43",1,8.9,123
"2022002HB","HB2202","2022","202202013700030333","Representative",4820,"10",42.7945,-69.281333,74,74,74,05-MAY-22,"04:57:21",42.8067,69.29,73,05-MAY-22,"04:44","0201","SBE-911+","V",7.72,32.921,7.17,33.274,1,0.83,".22",1,9.2,68
"2022002HB","HB2202","2022","202202013700050334","Representative",4681,"10",42.950833,-68.857667,170,171,170,05-MAY-22,"08:41:58",42.9333,68.8517,155,05-MAY-22,"08:18","0202","SBE-911+","V",7.14,32.462,6.8,33.316,15,1.09,".4",1,8.5,152
"2022002HB","HB2202","2022","202202013700010337","Representative",4560,"10",43.231333,-69.170667,177,174,176,05-MAY-22,"16:37:23",43.2083,69.19,185,05-MAY-22,"16:06","0203","SBE-911+","V",7.4,32.36,6.96,33.449,8,1.62,".52",1,8.2,180
"2022002HB","HB2202","2022","202202013800040338","Representative",4701,"10",43.3655,-68.982833,152,153,152,05-MAY-22,"19:00:53",43.3883,68.9767,143,05-MAY-22,"18:32","0204","SBE-911+","V",7.98,32.434,6.39,33.183,9,1.4,".48",1,8.5,138
"2022002HB","HB2202","2022","202202013800070339","Representative",4562,"10",43.475,-68.7315,143,144,144,05-MAY-22,"22:25:46",43.4517,68.7467,136,05-MAY-22,"21:58","0205","SBE-911+","V",7.83,32.68,7.12,33.225,7,1.55,".46",1,8.2,130
"2022002HB","HB2202","2022","202202013800030341","Representative",4851,"10",43.469,-68.212167,180,182,181,06-MAY-22,"04:10:12",43.49,68.2233,172,06-MAY-22,"03:44","0206","SBE-911+","W",8.01,32.544,9.44,34.389,8,1.35,".44",1,5,169
"2022002HB","HB2202","2022","202202013600010344","Representative",4584,"10",43.038333,-68.379333,207,207,209,06-MAY-22,"11:51:33",43.0283,68.3867,202,06-MAY-22,"10:49","0207","SBE-911+","V",7.47,32.778,8.48,34.024,5,0.68,"1.04",1,6.3,199
"2022002HB","HB2202","2022","202202013600100345","Representative",4822,"10",42.849333,-68.258667,202,199,202,06-MAY-22,"14:47:02",42.87,68.2617,200,06-MAY-22,"14:20","0208","SBE-911+","V",7.71,32.771,8.76,34.213,2,1.25,".45",1,5.9,192
"2022002HB","HB2202","2022","202202013600030346","Representative",4747,"10",42.991667,-67.432667,229,232,231,06-MAY-22,"19:19:22",43.0133,67.4367,222,06-MAY-22,"18:47","0209","SBE-911+","V",7.69,32.736,9.81,34.963,7,1.31,".54",1,5.4,219
"2022002HB","HB2202","2022","202202013600070347","Representative",4606,"10",42.881167,-67.381667,236,240,237,06-MAY-22,"22:01:43",42.85,67.3817,207,06-MAY-22,"20:43","0210","SBE-911+","V",7.37,31.942,9.64,34.906,29,1.87,"1.31",1,5.4,205
"2022002HB","HB2202","2022","202202013400030350","Representative",4652,"10",43.634333,-66.709167,117,121,120,07-MAY-22,"11:55:53",43.6183,66.7117,101,07-MAY-22,"11:40","0211","SBE-911+","V",6.03,31.794,7.43,33.226,16,0.97,".26",1,7.9,98
"2022002HB","HB2202","2022","202202013400060351","Representative",4844,"10",43.656,-67.113333,130,128,129,07-MAY-22,"14:46:18",43.65,67.135,133,07-MAY-22,"14:25","0212","SBE-911+","V",6.81,32.166,8.65,33.951,3,1.01,".36",1,7,129
"2022002HB","HB2202","2022","202202013600110352","Representative",4786,"10",43.483667,-67.328333,214,215,214,07-MAY-22,"17:25:06",43.4633,67.3417,191,07-MAY-22,"16:57","0213","SBE-911+","V",7.22,32.379,9.28,34.34,23,1.35,".47",1,5.4,187
"2022002HB","HB2202","2022","202202013600090353","Representative",4877,"10",43.585,-67.669667,245,245,246,07-MAY-22,"20:18:31",43.5783,67.695,252,07-MAY-22,"19:45","0214","SBE-911+","V",7.49,32.415,9.61,34.515,7,1.17,".56",1,5,250
"2022002HB","HB2202","2022","202202013600060354","Representative",4667,"10",43.507833,-67.817,273,270,271,07-MAY-22,"22:46:04",43.495,67.845,289,07-MAY-22,"22:10","0215","SBE-911+","W",7.68,32.704,9.65,34.52,16,1.44,".6",1,5,286
"2022002HB","HB2202","2022","202202013600080355","Representative",4838,"10",43.651,-67.765,234,234,234,08-MAY-22,"01:21:44",43.6417,67.7933,244,08-MAY-22,"00:40","0216","SBE-911+","V",7.17,32.325,9.68,34.617,10,1.35,".7",1,5.6,242
"2022002HB","HB2202","2022","202202013400070359","Representative",4833,"10",43.943,-67.03,167,167,167,08-MAY-22,"13:09:41",43.935,67.0517,165,08-MAY-22,"12:47","0217","SBE-911+","V",6.83,32.086,8.86,34.129,2,1.05,".38",1,6.3,162
"2022002HB","HB2202","2022","202202013510010360","Representative",4540,"10",44.087833,-66.763333,86,87,87,08-MAY-22,"16:17:49",44.0633,66.7733,89,08-MAY-22,"15:29","0218","SBE-911+","V",6.3,31.758,6.75,32.752,3,1.53,".81",1,8.7,84
"2022002HB","HB2202","2022","202202013510040361","Representative",4737,"10",44.247333,-66.634833,197,194,196,08-MAY-22,"18:58:39",44.2517,66.615,197,08-MAY-22,"18:10","0219","SBE-911+","V",6.49,31.984,8.08,33.644,0,0.89,".81",1,7.2,191
"2022002HB","HB2202","2022","202202013510020363","Representative",4601,"10",44.2455,-67.1875,169,163,167,09-MAY-22,"00:18:17",44.235,67.215,172,08-MAY-22,"23:38","0220","SBE-911+","V",7.14,32.149,8.66,34.002,3,1.34,".67",1,6.3,167
"2022002HB","HB2202","2022","202202013800020364","Representative",4593,"10",44.1565,-67.798,142,146,144,09-MAY-22,"05:42:33",44.1583,67.8233,128,09-MAY-22,"05:23","0221","SBE-911+","W",6.51,32.01,7.11,33.023,14,1.1,".33",1,8.3,125
"2022002HB","HB2202","2022","202202013800080366","Representative",4677,"10",44.006667,-68.182667,115,119,115,09-MAY-22,"10:47:57",43.995,68.19,121,09-MAY-22,"10:32","0222","SBE-911+","V",6.83,32.155,7.35,33.183,6,0.77,".27",1,7.9,118
"2022002HB","HB2202","2022","202202013800060367","Representative",4821,"10",43.925667,-68.263667,117,112,115,09-MAY-22,"13:01:33",43.9117,68.2767,122,09-MAY-22,"12:38","0223","SBE-911+","V",7.08,32.328,7.2,33.115,5,1.01,".39",1,8.2,119
"2022002HB","HB2202","2022","202202013900060368","Representative",5253,"10",43.879,-68.407,119,120,119,09-MAY-22,"15:05:03",43.8717,68.4267,121,09-MAY-22,"14:47","0224","SBE-911+","V",6.9,32.184,6.77,32.835,2,0.96,".3",1,8.8,117
"2022002HB","HB2202","2022","202202013900010369","Representative",4760,"10",43.927167,-68.795167,87,90,87,09-MAY-22,"19:42:57",43.93,68.8167,88,09-MAY-22,"19:23","0225","SBE-911+","V",6.91,31.969,6.34,32.037,1,0.95,".33",1,9.9,85
"2022002HB","HB2202","2022","202202013900020370","Representative",4631,"10",43.830167,-69.058,74,71,73,09-MAY-22,"22:46:20",43.835,69.085,65,09-MAY-22,"22:24","0226","SBE-911+","V",6.89,31.872,6.09,31.927,9,1.21,".37",1,10.1,58
"2022002HB","HB2202","2022","202202036400010375","Representative",4647,"10",42.715833,-70.696167,28,33,30,10-MAY-22,"18:04:20",42.7167,70.715,25,10-MAY-22,"17:32","0227","SBE-911+","V",8.7,30.276,7.87,31.139,3,0.83,".54",1,10.2,17
"2022002HB","HB2202","2022","202202014000030377","Representative",4859,"10",42.8305,-70.617333,86,94,90,10-MAY-22,"22:29:39",42.8333,70.6367,79,10-MAY-22,"22:14","0228","SBE-911+","V",7.36,31.697,5.58,32.355,7,0.87,".26",1,9.7,74
"2022002HB","HB2202","2022","202202014000010378","Representative",4544,"10",42.896667,-70.492,100,104,102,11-MAY-22,"01:20:30",42.9083,70.5083,97,11-MAY-22,"01:00","0229","SBE-911+","V",7.71,31.69,5.3,32.672,3,1,".34",1,9.6,91
"2022002HB","HB2202","2022","202202012600050379","Representative",4717,"10",42.8595,-70.1825,59,59,59,11-MAY-22,"04:06:05",42.8617,70.2,58,11-MAY-22,"03:53","0230","SBE-911+","W",7.4,32.216,5.61,32.575,1,0.78,".22",1,9.9,54
"2022002HB","HB2202","2022","202202012600030380","Non-Representative",4855,"10",42.793667,-70.260333,60,61,60,11-MAY-22,"06:11:55",42.7967,70.2783,59,11-MAY-22,"05:55","0231","SBE-911+","V",7.2,32.271,5.75,32.63,1,0.81,".28",1,9.8,54
"2022002HB","HB2202","2022","202202012700020381","Representative",4600,"10",42.694167,-70.0005,188,184,186,11-MAY-22,"09:23:48",42.6833,70.02,121,11-MAY-22,"08:57","0232","SBE-911+","V",7.95,33.06,6.53,33.259,67,1.08,".45",0,9,117
"2022002HB","HB2202","2022","202202012700050382","Representative",4553,"10",42.5535,-70.059833,126,132,130,11-MAY-22,"12:08:50",42.5433,70.08,124,11-MAY-22,"11:45","0233","SBE-911+","V",6.96,32.765,6.34,33.015,2,1.08,".4",1,9.5,118
"2022001S1","S12201","2022","202203065300050017","",,"60",41.14531,-68.874235,89,97,94,26-MAY-22,"00:44:19",41.1383,68.865,85,26-MAY-22,"00:14","0001","SBE-911+","W",9.65,33.038,9.67,33.038,4,0.59,".51",1,9.6,82
"2022001S1","S12201","2022","202203065400040020","",,"60",41.01531,-68.696203,70,63,67,26-MAY-22,"08:48:51",41.0167,68.6867,61,26-MAY-22,"08:26","0002","SBE-911+","W",9.86,33.064,9.86,33.067,9,0.44,".38",1,8.9,60
"2022001S1","S12201","2022","202203065500050022","",,"60",40.967477,-68.826392,75,71,74,26-MAY-22,"12:52:45",40.9583,68.8233,85,26-MAY-22,"12:32","0003","SBE-911+","V",9.77,33.097,9.76,33.118,10,0.57,".35",1,9,84
"2022001S1","S12201","2022","202203065500090025","",,"60",40.828828,-68.761832,67,64,64,26-MAY-22,"19:01:02",40.8267,68.755,61,26-MAY-22,"18:41","0004","SBE-911+","W",10.42,33.061,9.75,33.063,6,0.34,".33",1,9.5,60
"2022001S1","S12201","2022","202203065500080028","",,"60",40.643612,-68.78681,66,66,66,27-MAY-22,"01:26:02",40.6383,68.785,65,27-MAY-22,"01:12","0005","SBE-911+","V",12.8,33.689,11.96,34.371,1,0.33,".23",1,7.6,62
"2022001S1","S12201","2022","202203064700080031","",,"60",40.50089,-68.99425,76,76,75,27-MAY-22,"06:16:46",40.5,69,74,27-MAY-22,"05:47","0006","SBE-911+","W",12.47,33.559,11.64,34.339,2,0.27,".5",1,7.8,71
"2022001S1","S12201","2022","202203064700060034","",,"60",40.744648,-68.947252,69,71,69,27-MAY-22,"11:48:51",40.7383,68.9417,70,27-MAY-22,"11:28","0007","SBE-911+","V",11.24,33.372,10.4,33.605,1,0.46,".35",1,8.5,66
"2022001S1","S12201","2022","202203064700040037","",,"60",40.878917,-69.0895,73,78,72,27-MAY-22,"17:30:07",40.8833,69.1117,83,27-MAY-22,"17:01","0008","SBE-911+","V",9,32.647,9.11,32.897,10,1.04,".49",1,9,79
"2022001S1","S12201","2022","202203065000160040","",,"60",41.006762,-69.283562,53,56,55,27-MAY-22,"22:25:04",41.0317,69.295,55,27-MAY-22,"21:38","0009","SBE-911+","V",9.17,32.407,8.65,32.461,2,1.58,".78",1,9.4,52
"2022001S1","S12201","2022","202203065200020044","",,"60",41.16624,-68.985222,102,101,100,28-MAY-22,"10:31:30",41.155,68.9867,101,28-MAY-22,"09:46","0010","SBE-911+","W",11.82,32.234,7,32.996,1,0.68,".76",1,8.6,99
"2022001S1","S12201","2022","202203064900040046","",,"60",41.391722,-69.406845,43,44,43,28-MAY-22,"22:25:57",41.3867,69.4083,42,28-MAY-22,"21:52","0011","SBE-911+","W",8.94,31.987,7.14,32.496,1,0.31,".57",1,8.7,40
"2022001S1","S12201","2022","202203067400020048","",,"60",42.03482,-67.057538,60,60,61,31-MAY-22,"11:13:40",42.03,67.08,60,31-MAY-22,"10:38","0012","SBE-911+","W",10.41,33.04,10.3,33.061,0,1.04,".59",1,8.5,56
"2022001S1","S12201","2022","202203067100050063","",,"60",42.016757,-67.397432,50,48,48,01-JUN-22,"14:03:34",42.0083,67.39,54,01-JUN-22,"13:45","0013","SBE-911+","W",10.89,33.097,10.86,33.1,4,0.61,".31",1,8.7,47
"2022001S1","S12201","2022","202203067100170066","",,"60",42.062933,-67.420385,55,53,54,01-JUN-22,"19:19:09",42.0667,67.41,55,01-JUN-22,"18:58","0014","SBE-911+","W",11.16,33.123,10.65,33.05,0,0.52,".35",1,8.5,49
"2022001S1","S12201","2022","202203066510010069","",,"60",42.033005,-67.59983,66,65,65,01-JUN-22,"23:19:16",42.0333,67.6067,67,01-JUN-22,"23:07","0015","SBE-911+","V",11.41,32.886,8.22,33.102,1,0.31,".2",1,8.1,63
"2022001S1","S12201","2022","202203067100080073","",,"60",42.007122,-67.632048,56,48,52,02-JUN-22,"03:57:55",42.0017,67.6533,55,02-JUN-22,"03:19","0016","SBE-911+","V",11.02,32.95,9.93,33.018,1,1,".65",1,8.2,50
"2022001S1","S12201","2022","202203066610080076","",,"60",42.013162,-67.73724,90,89,89,02-JUN-22,"08:03:59",42.0167,67.7367,92,02-JUN-22,"07:34","0017","SBE-911+","W",11.76,32.837,7.7,33.191,2,0.21,".5",1,8.3,88
"2022001S1","S12201","2022","202203067100160079","",,"60",41.889477,-67.859598,50,51,50,02-JUN-22,"13:13:00",41.8867,67.8517,50,02-JUN-22,"12:48","0018","SBE-911+","V",11.23,32.866,8.98,33.018,0,0.39,".42",1,8.2,47
"2022001S1","S12201","2022","202203067100030082","",,"60",41.814245,-67.953457,49,53,51,02-JUN-22,"17:22:51",41.81,67.9567,47,02-JUN-22,"17:10","0019","SBE-911+","W",11.29,32.999,11.32,33.022,2,0.29,".21",1,8.3,41
"2022001S1","S12201","2022","202203066510090085","",,"60",41.80722,-68.11218,69,65,67,02-JUN-22,"22:04:49",41.805,68.1217,67,02-JUN-22,"21:47","0020","SBE-911+","V",11.52,32.874,8.86,33.063,2,0.45,".3",1,8,63
"2022001S1","S12201","2022","202203066610060087","",,"60",41.763913,-68.266167,82,83,83,03-JUN-22,"01:09:19",41.76,68.2717,80,03-JUN-22,"00:53","0021","SBE-911+","V",11.74,32.942,8.59,33.067,2,0.34,".27",1,8.1,75
"2022001S1","S12201","2022","202203065300040090","",,"60",41.546088,-68.572575,122,123,122,03-JUN-22,"07:06:18",41.5433,68.5767,117,03-JUN-22,"06:32","0022","SBE-911+","W",11.54,32.27,6.91,33.122,5,0.25,".57",1,8.2,112
"2022001S1","S12201","2022","202203065300090093","",,"60",41.215272,-68.796555,83,83,81,08-JUN-22,"03:01:58",41.225,68.7983,83,08-JUN-22,"02:26","0023","SBE-911+","W",13.48,31.96,6.91,33.01,0,0.59,".6",1,8.4,79
"2022001S1","S12201","2022","202203065400030096","",,"60",41.301663,-68.573822,67,66,66,08-JUN-22,"06:55:29",41.2967,68.5867,68,08-JUN-22,"06:33","0024","SBE-911+","W",12.33,32.731,10.15,32.982,1,0.65,".37",1,8.4,65
"2022001S1","S12201","2022","202203065300060099","",,"60",41.434537,-68.670593,99,104,101,08-JUN-22,"12:47:05",41.4383,68.6717,100,08-JUN-22,"12:13","0025","SBE-911+","V",14.34,32.002,6.99,33.082,1,0.23,".57",1,8.2,95
"2022001S1","S12201","2022","202203065000050115","",,"60",41.233163,-69.350208,55,53,60,10-JUN-22,"20:13:32",41.2367,69.3483,53,10-JUN-22,"19:54","0026","SBE-911+","W",14.05,31.828,6.86,32.698,2,0.23,".33",1,8.5,49
"2022001S1","S12201","2022","202203065200070120","",,"60",41.486065,-69.286187,101,103,102,11-JUN-22,"04:43:34",41.4833,69.2833,99,11-JUN-22,"04:21","0027","SBE-911+","W",14.57,31.941,6.39,32.883,2,0.21,".38",1,8,96
"2022001S1","S12201","2022","202203065000020123","",,"60",41.452803,-69.399685,52,55,53,11-JUN-22,"10:00:59",41.4417,69.3933,50,11-JUN-22,"09:42","0028","SBE-911+","V",12.82,31.939,7.26,32.455,2,0.73,".32",1,8.4,45
"2022001S1","S12201","2022","202203064900070126","",,"60",41.47583,-69.483012,45,38,42,11-JUN-22,"15:28:28",41.475,69.4767,42,11-JUN-22,"15:05","0029","SBE-911+","V",13.19,32.031,7.33,32.461,3,0.29,".39",1,8.5,39
"2022001S1","S12201","2022","202203064900060129","",,"60",41.565985,-69.69989,30,33,31,11-JUN-22,"19:38:35",41.5617,69.7,27,11-JUN-22,"19:27","0030","SBE-911+","W",13.62,31.626,7.67,32.232,3,0.26,".19",1,8.7,25
"2022001S1","S12201","2022","202203065000080132","",,"60",41.5635,-69.568808,52,59,56,11-JUN-22,"23:35:25",41.56,69.5667,50,11-JUN-22,"23:12","0031","SBE-911+","V",15.21,31.701,7.31,32.456,2,0.23,".39",1,8.7,45
"2022001S1","S12201","2022","202203065200180135","",,"60",41.674615,-69.590265,107,101,104,12-JUN-22,"03:57:58",41.6883,69.6017,130,12-JUN-22,"03:33","0032","SBE-911+","W",15.94,31.493,6.62,33.114,23,0.97,".42",0,7.8,126
"2022001S1","S12201","2022","202203065200140139","",,"60",41.814273,-69.80909,97,92,95,12-JUN-22,"09:47:20",41.8083,69.8183,88,12-JUN-22,"08:32","0033","SBE-911+","W",16,31.511,6.53,32.537,9,0.55,"1.26",1,8.1,87
"2022007HB","HB2207","2022","202204011200030190","Representative",4531,"10",39.926167,-69.6775,235,234,234,13-OCT-22,"10:02:26",39.9217,69.7133,241,13-OCT-22,"09:28","0125","SBE-911+","V",18.14,33.149,12.79,35.564,6,1.67,".57",1,4.9,240
"2023001HB","HB2301","2023","202302011300030008","Representative",6356,"10",40.418,-68.755667,84,85,85,09-MAY-23,"10:13:49",40.3983,68.785,59,09-MAY-23,"08:52","0001","SBE-19+V2","B",9.57,32.556,7.94,33.245,25,1.79,"1.36",0,8.7,52
"2023001HB","HB2301","2023","202302011300060009","Representative",6116,"10",40.552833,-68.7765,68,68,68,09-MAY-23,"12:07:31",40.5467,68.7917,68,09-MAY-23,"11:44","0002","SBE-19+V2","B",8.81,32.868,8.58,32.878,0,0.79,".39",1,9.5,65
"2023001HB","HB2301","2023","202302011900010010","Representative",6051,"10",40.719333,-68.503833,59,60,60,09-MAY-23,"15:06:39",40.725,68.5317,56,09-MAY-23,"14:34","0003","SBE-19+V2","B",9.36,32.93,9.04,32.925,3,1.31,".54",1,9.7,53
"2023001HB","HB2301","2023","202302011300010011","Representative",6291,"10",40.5865,-68.433667,81,85,83,09-MAY-23,"17:32:04",40.5967,68.4317,78,09-MAY-23,"17:08","0004","SBE-19+V2","W",9.43,32.169,7.36,33,3,0.62,".4",1,8.8,73
"2023001HB","HB2301","2023","202302011400010012","Representative",6391,"10",40.265167,-68.4165,152,148,150,09-MAY-23,"20:09:05",40.2883,68.39,144,09-MAY-23,"21:00","0005","SBE-19+V2","B",9.47,32.152,12.2,35.195,8,1.85,".85",1,6.4,143
"2023001HB","HB2301","2023","202302011400030013","Representative",6370,"10",40.529833,-67.5315,125,122,124,10-MAY-23,"09:50:48",40.5233,67.56,129,10-MAY-23,"08:56","0001","SBE-911+","V",8.47,32.48,12.06,34.774,4,1.36,".91",1,7.9,121
"2023001HB","HB2301","2023","202302011500020014","Representative",6276,"10",40.333,-67.790333,247,243,246,10-MAY-23,"13:12:24",40.335,67.825,281,10-MAY-23,"12:25","0002","SBE-911+","W",9.21,32.715,10.35,35.308,34,1.59,".79",1,4.8,277
"2023001HB","HB2301","2023","202302011400020015","Representative",6304,"10",40.439833,-68.026,143,140,142,10-MAY-23,"16:04:08",40.4317,68.05,144,10-MAY-23,"15:35","0003","SBE-911+","V",8.3,32.304,11.56,34.952,1,1.2,".49",1,7.1,140
"2023001HB","HB2301","2023","202302011300080016","Representative",6074,"10",40.663333,-67.9385,86,88,87,10-MAY-23,"18:19:21",40.675,67.9283,84,10-MAY-23,"17:56","0004","SBE-911+","V",9.62,32.397,8.02,33.398,2,0.84,".39",1,8.5,81
"2023001HB","HB2301","2023","202302011300020017","Representative",6399,"10",40.769667,-67.887833,70,73,72,10-MAY-23,"20:01:15",40.7667,67.8967,71,10-MAY-23,"20:51","0006","SBE-19+V2","B",9.85,32.273,7.83,33.106,1,0.44,".83",1,8.6,68
"2023001HB","HB2301","2023","202302011300050018","Representative",6098,"10",40.9855,-67.693167,64,61,63,11-MAY-23,"09:51:12",40.985,67.6483,66,11-MAY-23,"08:51","0007","SBE-19+V2","W",9.2,32.288,7.91,32.918,2,2.03,"1",1,9.1,60
"2023001HB","HB2301","2023","202302011300040019","Representative",6097,"10",40.954167,-67.406167,75,74,75,11-MAY-23,"12:34:12",40.9433,67.3767,77,11-MAY-23,"12:00","0008","SBE-19+V2","B",9.44,32.197,7.34,32.935,2,1.49,".57",1,8.8,72
"2023001HB","HB2301","2023","202302011300070020","Representative",6075,"10",40.910333,-67.188667,85,84,85,11-MAY-23,"14:53:39",40.9083,67.1583,85,11-MAY-23,"14:27","0009","SBE-19+V2","B",9.43,32.617,7.16,32.938,0,1.38,".44",1,8.7,81
"2023001HB","HB2301","2023","202302011500030021","Representative",6349,"10",40.644833,-66.974667,195,199,196,11-MAY-23,"19:37:13",40.655,66.9417,201,11-MAY-23,"19:02","0005","SBE-911+","W",8.31,32.446,11.38,35.191,6,1.62,".59",1,6.4,196
"2023001HB","HB2301","2023","202302011500010022","Representative",6107,"10",40.728167,-66.824833,209,210,210,12-MAY-23,"09:51:13",40.7633,66.8183,179,12-MAY-23,"08:29","0010","SBE-19+V2","B",8.85,32.631,12.05,35.212,30,2.13,"1.37",1,6.7,176
"2023001HB","HB2301","2023","202302011700020023","Representative",6299,"10",40.828,-66.747333,124,120,122,12-MAY-23,"11:59:15",40.8183,66.7667,121,12-MAY-23,"11:33","0006","SBE-911+","V",8.52,32.455,9.7,34.229,3,1.06,".44",1,7.9,117
"2023001HB","HB2301","2023","202302011600060024","Representative",6055,"10",40.886,-66.766833,98,98,98,12-MAY-23,"13:27:04",40.8717,66.7817,99,12-MAY-23,"12:54","0011","SBE-19+V2","B",9.07,32.521,8.22,33.609,1,1.09,".55",1,7.9,95
"2023001HB","HB2301","2023","202302011600010025","Representative",6380,"10",40.919167,-66.8265,93,92,92,12-MAY-23,"14:59:01",40.91,66.8383,93,12-MAY-23,"14:36","0012","SBE-19+V2","W",9.7,32.556,7.53,33.121,0,0.77,".38",1,8.4,87
"2023001HB","HB2301","2023","202302011600020026","Representative",6227,"10",41.006833,-66.864667,74,74,74,12-MAY-23,"16:50:53",41.005,66.88,74,12-MAY-23,"16:29","0013","SBE-19+V2","B",10.32,32.803,7.64,32.937,0,0.7,".36",1,8.9,70
"2023001HB","HB2301","2023","202302011600040027","Representative",6083,"10",41.091667,-66.794667,73,73,73,12-MAY-23,"18:20:50",41.085,66.8083,73,12-MAY-23,"17:56","0014","SBE-19+V2","B",9.89,32.684,7.42,32.99,0,0.74,".41",1,8.6,69
"2023001HB","HB2301","2023","202302011600070028","Representative",6050,"10",41.124333,-66.6535,87,89,88,12-MAY-23,"19:51:26",41.115,66.6733,83,12-MAY-23,"19:29","0007","SBE-911+","W",9.6,32.655,7.39,32.993,4,1.06,".37",1,9.1,77
"2023001HB","HB2301","2023","202302011600030029","Representative",6217,"10",41.0995,-66.5305,94,95,94,13-MAY-23,"09:48:35",41.115,66.51,93,13-MAY-23,"08:57","0008","SBE-911+","W",8.92,32.39,7.56,33.242,1,1.31,".86",1,8.7,88
"2023001HB","HB2301","2023","202302011800020030","Representative",6293,"10",40.989,-66.469,225,221,225,13-MAY-23,"12:10:39",41.015,66.455,210,13-MAY-23,"11:37","0009","SBE-911+","V",8.14,32.379,11.69,35.264,15,1.69,".56",1,6.5,202
"2023001HB","HB2301","2023","202302011800010031","Representative",6162,"10",41.112333,-66.363667,210,202,208,13-MAY-23,"14:50:35",41.1367,66.34,303,13-MAY-23,"14:08","0010","SBE-911+","V",8.88,32.536,9.9,35.235,93,1.81,".71",0,5.1,297
"2023001HB","HB2301","2023","202302011700010032","Representative",6354,"10",41.138667,-66.411833,114,117,116,13-MAY-23,"16:53:55",41.155,66.3867,115,13-MAY-23,"16:18","0015","SBE-19+V2","B",9.19,32.486,8,33.411,1,1.5,".6",1,8.1,110
"2023001HB","HB2301","2023","202302011700030033","Representative",6077,"10",41.206167,-66.295667,139,138,138,13-MAY-23,"19:27:24",41.2333,66.275,144,13-MAY-23,"18:47","0016","SBE-19+V2","W",7.91,32.302,11.46,35.181,5,1.88,".67",1,6.4,141
"2023001HB","HB2301","2023","202302011800030034","Representative",6157,"10",41.351167,-66.118333,222,213,218,14-MAY-23,"09:58:19",41.355,66.12,181,14-MAY-23,"08:31","0011","SBE-911+","V",8.8,32.782,10.88,35.302,41,0.24,"1.46",0,5.2,174
"2023001HB","HB2301","2023","202302011600150035","Non-Representative",6279,"10",41.7605,-66.042833,98,98,98,14-MAY-23,"13:15:52",41.745,66.0383,99,14-MAY-23,"12:49","0012","SBE-911+","V",7.08,31.993,7.36,33.071,1,0.95,".45",1,9,98
"2023001HB","HB2301","2023","202302011600140036","Representative",6279,"10",41.782833,-66.0465,97,98,97,14-MAY-23,"13:59:27",41.745,66.0383,99,14-MAY-23,"12:49","0012","SBE-911+","V",7.08,31.993,7.36,33.071,2,2.3,"1.17",1,9,98
"2023001HB","HB2301","2023","202302011800040037","Non-Representative",6060,"10",41.844167,-65.73,235,236,235,14-MAY-23,"16:39:48",41.855,65.75,196,14-MAY-23,"17:28","0017","SBE-19+V2","W",7.82,31.636,8.38,34.713,39,1.11,".8",0,6.2,193
"2023001HB","HB2301","2023","202302011700040038","Representative",6188,"10",41.865,-65.835,135,135,135,14-MAY-23,"18:41:39",41.8467,65.835,133,14-MAY-23,"18:13","0013","SBE-911+","W",7.68,31.807,7.61,33.182,2,1.1,".48",1,8.8,129
"2023001HB","HB2301","2023","202302011600120039","Representative",6262,"10",41.9385,-65.961667,102,102,103,14-MAY-23,"20:26:31",41.9567,65.9633,102,14-MAY-23,"19:56","0018","SBE-19+V2","B",8.16,32.448,7.76,33.507,0,1.1,".51",1,7.7,98
"2023001HB","HB2301","2023","202302011600130040","Representative",6210,"10",42.034333,-66.401,88,87,86,15-MAY-23,"09:50:14",42.0517,66.42,93,15-MAY-23,"08:38","0019","SBE-19+V2","B",9.19,32.607,8.08,32.971,5,1.34,"1.2",1,9,87
"2023001HB","HB2301","2023","202302012200030041","Representative",6284,"10",42.156167,-66.4935,148,150,149,15-MAY-23,"12:07:48",42.145,66.4717,134,15-MAY-23,"11:33","0014","SBE-911+","V",9.44,32.452,7.91,33.059,14,1.18,".58",1,9.1,133
"2023001HB","HB2301","2023","202302012200040042","Representative",6126,"10",42.174,-66.758333,178,179,179,15-MAY-23,"14:29:34",42.175,66.7383,183,15-MAY-23,"13:55","0015","SBE-911+","V",9.5,32.633,8.86,34.333,5,0.89,".58",1,6.3,179
"2023001HB","HB2301","2023","202302012100030043","Representative",6182,"10",42.137833,-66.886833,78,78,78,15-MAY-23,"17:02:24",42.14,66.865,81,15-MAY-23,"15:57","0016","SBE-911+","V",9.7,32.654,7.18,33.182,3,0.98,"1.09",1,8.6,76
"2023001HB","HB2301","2023","202302012100050044","Non-Representative",6219,"10",42.086333,-67.000167,62,62,62,15-MAY-23,"18:27:42",42.0883,66.9767,60,15-MAY-23,"18:05","0017","SBE-911+","V",9.75,32.716,8.07,32.922,2,1.05,".38",1,9.4,54
"2023001HB","HB2301","2023","202302012100040045","Representative",6219,"10",42.087667,-67.018,62,62,62,15-MAY-23,"19:07:37",42.0883,66.9767,60,15-MAY-23,"18:05","0017","SBE-911+","V",9.75,32.716,8.07,32.922,2,1.84,"1.04",1,9.4,54
"2023001HB","HB2301","2023","202302012000030046","Representative",6248,"10",41.7085,-68.192667,24,25,24,16-MAY-23,"09:46:30",41.7167,68.1683,38,16-MAY-23,"08:54","0020","SBE-19+V2","B",9.69,32.865,9.65,32.877,14,1.2,".87",0,9.2,34
"2023001HB","HB2301","2023","202302012000020047","Representative",6079,"10",41.686833,-68.330167,59,59,59,16-MAY-23,"11:57:56",41.6967,68.3117,57,16-MAY-23,"11:29","0021","SBE-19+V2","B",9.78,32.681,9.47,32.839,2,1.02,".48",1,9.2,53
"2023001HB","HB2301","2023","202302012300020048","Representative",6314,"10",41.524833,-68.547667,103,103,102,16-MAY-23,"14:27:24",41.535,68.5333,101,16-MAY-23,"14:05","0018","SBE-911+","V",9.91,32.381,6.67,32.71,2,0.89,".37",1,8.4,97
"2023001HB","HB2301","2023","202302012300050049","Representative",6183,"10",41.495167,-68.438833,77,80,78,16-MAY-23,"16:20:35",41.5033,68.43,73,16-MAY-23,"16:03","0019","SBE-911+","W",9.79,32.4,8.42,32.818,4,0.63,".29",1,9.7,68
"2023001HB","HB2301","2023","202302012400060050","Representative",6142,"10",41.5355,-68.883167,155,156,156,16-MAY-23,"19:53:27",41.5483,68.865,152,16-MAY-23,"19:23","0020","SBE-911+","V",10.4,32.466,6.81,33.054,3,1.12,".51",1,8.6,147
"2023001HB","HB2301","2023","202302012200010051","Representative",6087,"10",41.9745,-67.913833,177,181,180,17-MAY-23,"15:54:17",42.005,67.9333,188,17-MAY-23,"14:44","0021","SBE-911+","W",9.89,32.419,8.06,33.782,11,2.03,"1.17",1,7,185
"2023001HB","HB2301","2023","202302012000010052","Representative",6159,"10",41.842333,-67.817333,38,40,38,17-MAY-23,"18:40:48",41.835,67.815,37,17-MAY-23,"18:19","0022","SBE-911+","V",9.81,32.59,9.54,32.697,1,0.45,".36",1,10,33
"2023001HB","HB2301","2023","202302012100010054","Representative",6266,"10",42.038,-67.6575,92,92,92,18-MAY-23,"11:51:36",42.015,67.7367,95,18-MAY-23,"08:47","0022","SBE-19+V2","B",9.39,32.494,7.07,33.055,3,3.79,"3.08",0,7.9,90
"2023001HB","HB2301","2023","202302012200020055","Representative",6056,"10",42.136667,-67.566333,182,181,182,18-MAY-23,"14:22:57",42.1167,67.5433,178,18-MAY-23,"13:34","0023","SBE-19+V2","B",9.45,32.487,8.01,33.852,4,1.58,".82",1,6.7,174
"2023001HB","HB2301","2023","202302012000060057","Representative",6042,"10",42.036667,-67.3335,54,50,52,18-MAY-23,"17:56:40",42.015,67.3117,45,18-MAY-23,"16:39","0024","SBE-19+V2","W",9.8,32.759,9.59,32.948,9,1.62,"1.29",1,9.1,42
"2023001HB","HB2301","2023","202302012000070056","Non-Representative",6042,"10",42.025667,-67.323,51,52,52,18-MAY-23,"17:12:52",42.015,67.3117,45,18-MAY-23,"16:39","0024","SBE-19+V2","W",9.8,32.759,9.59,32.948,6,0.82,".56",1,9.1,42
"2023001HB","HB2301","2023","202302012100020058","Representative",6372,"10",42.131,-67.209167,82,81,81,18-MAY-23,"20:01:58",42.1317,67.1917,78,18-MAY-23,"19:40","0023","SBE-911+","V",9.72,32.568,7.22,33.123,4,0.78,".37",1,8.4,73
"2023001HB","HB2301","2023","202302011600100059","Representative",6334,"10",42.017,-66.694667,71,72,71,19-MAY-23,"07:45:31",41.9933,66.695,70,19-MAY-23,"06:56","0024","SBE-911+","W",9,32.78,9.02,32.81,1,1.42,".83",1,9.9,65
"2023001HB","HB2301","2023","202302011600110060","Representative",6172,"10",41.9205,-66.609167,73,74,74,19-MAY-23,"09:38:36",41.9117,66.6117,74,19-MAY-23,"09:12","0025","SBE-19+V2","B",8.86,32.855,8.88,32.864,1,0.54,".44",1,9.5,68
"2023001HB","HB2301","2023","202302011600090061","Representative",6392,"10",41.756,-66.587833,72,75,74,19-MAY-23,"11:55:33",41.755,66.605,69,19-MAY-23,"11:32","0026","SBE-19+V2","B",8.68,32.948,8.7,32.949,3,0.77,".39",1,9.5,64
"2023001HB","HB2301","2023","202302011600050062","Representative",6371,"10",41.6925,-67.0425,64,61,63,19-MAY-23,"15:43:14",41.7033,67.0283,64,19-MAY-23,"14:43","0027","SBE-19+V2","W",9.39,32.987,9.32,32.991,0,0.91,"1",1,9.4,60
"2023001HB","HB2301","2023","202302011900090063","Representative",6388,"10",41.793667,-67.258667,54,52,53,19-MAY-23,"19:07:23",41.7883,67.24,55,19-MAY-23,"18:33","0028","SBE-19+V2","B",9.86,32.927,9.76,32.945,1,0.9,".57",1,9.2,50
"2023001HB","HB2301","2023","202302011900080064","Representative",6103,"10",41.810333,-67.3495,63,63,62,19-MAY-23,"20:40:28",41.8183,67.355,61,19-MAY-23,"21:41","0025","SBE-911+","W",9.76,32.87,9.75,32.868,2,0.54,"1.01",1,9.7,56
"2023001HB","HB2301","2023","202302011900060065","Representative",6236,"10",41.740333,-67.466667,46,48,47,20-MAY-23,"07:46:10",41.73,67.4533,47,20-MAY-23,"06:50","0029","SBE-19+V2","B",9.95,32.873,10.03,32.918,1,0.86,".94",1,9.1,42
"2023001HB","HB2301","2023","202302011900070066","Representative",6308,"10",41.695,-67.511667,54,50,51,20-MAY-23,"09:09:38",41.6917,67.4983,55,20-MAY-23,"08:46","0030","SBE-19+V2","B",10.05,32.822,10.05,32.848,1,0.63,".39",1,9.2,50
"2023001HB","HB2301","2023","202302011900050067","Non-Representative",6339,"10",41.415167,-67.941,43,44,43,20-MAY-23,"13:01:57",41.42,67.945,43,20-MAY-23,"12:40","0026","SBE-911+","V",10.58,32.995,10.57,32.994,0,0.34,".37",1,9.3,39
"2023001HB","HB2301","2023","202302011900110068","Non-Representative",6339,"10",41.402167,-67.925833,43,44,43,20-MAY-23,"13:41:30",41.42,67.945,43,20-MAY-23,"12:40","0026","SBE-911+","V",10.58,32.995,10.57,32.994,0,1.38,"1.03",1,9.3,39
"2023001HB","HB2301","2023","202302011900100069","Representative",6510,"10",41.4415,-67.771333,41,39,40,20-MAY-23,"16:12:48",41.445,67.755,41,20-MAY-23,"15:48","0027","SBE-911+","V",10.57,33.029,10.54,33.03,0,0.77,".41",1,9.4,38
"2023001HB","HB2301","2023","202302012500010071","Representative",6335,"10",41.991,-69.923,50,51,50,21-MAY-23,"09:45:12",42.0017,69.9283,53,21-MAY-23,"08:43","0028","SBE-911+","W",10.3,30.876,6.08,32.346,3,0.69,"1.04",1,8.6,47
"2023001HB","HB2301","2023","202302012500020072","Representative",6397,"10",41.915,-69.850333,64,65,65,21-MAY-23,"11:44:20",41.915,69.8517,64,21-MAY-23,"10:52","0029","SBE-911+","V",8.95,31.401,5.91,32.331,0,0.06,".87",1,8.6,59
"2023001HB","HB2301","2023","202302012500030073","Representative",6163,"10",41.610167,-69.677667,48,49,48,21-MAY-23,"14:09:36",41.59,69.6417,50,21-MAY-23,"15:04","0031","SBE-19+V2","B",9.06,31.571,6.43,32.268,2,2.02,".91",1,8.4,47
"2023001HB","HB2301","2023","202302012400050074","Representative",6350,"10",41.584833,-69.2915,142,137,139,21-MAY-23,"17:39:23",41.605,69.295,155,21-MAY-23,"17:12","0032","SBE-19+V2","W",10.35,31.687,6.97,33.186,13,1.22,".46",1,7.9,151
"2023001HB","HB2301","2023","202302012400030075","Representative",6280,"10",41.432167,-68.918833,145,145,145,21-MAY-23,"20:38:18",41.3917,68.91,143,21-MAY-23,"21:41","0030","SBE-911+","V",10.67,31.804,6.88,33.12,2,2.46,"1.05",1,8.3,140
"2023001HB","HB2301","2023","202302012400070076","Representative",6127,"10",41.2615,-68.973,138,137,138,22-MAY-23,"09:48:22",41.2333,68.9817,135,22-MAY-23,"08:44","0033","SBE-19+V2","B",10.17,31.986,6.33,32.703,3,1.74,"1.07",1,7.9,131
"2023001HB","HB2301","2023","202302012300060077","Representative",6141,"10",41.097,-68.9095,84,84,84,22-MAY-23,"12:08:34",41.0917,68.925,87,22-MAY-23,"11:42","0031","SBE-911+","V",8.99,32.35,8.62,32.584,3,0.77,".44",1,9.7,85
"2023001HB","HB2301","2023","202302012300030078","Representative",6336,"10",41.120333,-68.8235,76,79,77,22-MAY-23,"13:31:19",41.1033,68.8367,75,22-MAY-23,"13:07","0032","SBE-911+","V",9.56,32.262,8.99,32.658,1,1.18,".41",1,9.8,73
"2023001HB","HB2301","2023","202302012000040079","Representative",6170,"10",41.046667,-68.636333,62,62,62,22-MAY-23,"17:33:23",41.0517,68.635,60,22-MAY-23,"15:29","0033","SBE-911+","V",9.94,32.907,9.91,32.909,2,0.31,"2.07",1,9.8,55
"2023001HB","HB2301","2023","202302011900030080","Representative",6297,"10",41.036833,-68.408333,48,46,47,22-MAY-23,"19:37:57",41.05,68.4133,46,22-MAY-23,"20:33","0034","SBE-19+V2","B",10.48,33.052,10.37,33.051,2,0.82,".92",1,9,41
"2023001HB","HB2301","2023","202302012300040081","Representative",6132,"10",41.301,-68.539667,63,65,64,23-MAY-23,"09:44:01",41.3183,68.52,65,23-MAY-23,"08:43","0034","SBE-911+","V",9.53,32.558,8.38,32.518,2,1.37,"1.02",1,9.7,61
"2023001HB","HB2301","2023","202302011900020082","Representative",6244,"10",41.108,-68.287,41,42,42,23-MAY-23,"11:59:24",41.1183,68.2533,44,23-MAY-23,"12:41","0035","SBE-19+V2","B",10.58,33.061,10.57,33.059,3,1.65,".69",1,8.8,39
"2023001HB","HB2301","2023","202302011900040083","Representative",6305,"10",41.006,-68.1345,48,46,46,23-MAY-23,"14:16:26",41.0067,68.1583,41,23-MAY-23,"13:50","0036","SBE-19+V2","B",10.5,33.062,10.42,33.057,7,1.08,".44",1,9,38
"2023001HB","HB2301","2023","202302011300090084","Representative",6187,"10",40.6455,-68.128667,88,86,87,23-MAY-23,"17:32:52",40.6267,68.1433,92,23-MAY-23,"17:07","0037","SBE-19+V2","B",10.74,32.366,7.36,32.934,4,1.31,".43",1,7.9,87
"2023001HB","HB2301","2023","202302011300100085","Representative",6113,"10",40.566,-67.9985,97,94,96,23-MAY-23,"19:48:30",40.5517,68.0017,99,23-MAY-23,"19:16","0035","SBE-911+","W",9.71,32.683,7.35,33.005,2,0.87,".54",1,8.4,95
